PuzzleId,FEN,Moves,Rating,RatingDeviation,Popularity,NbPlays,Themes,GameUrl,OpeningTags
zFQP8,r2q1rk1/1bpp2p1/1p2p2p/4P1N1/8/pPPB4/P1Q2P1P/1K1R3R b - - 0 20,b7h1 d3h7 g8h8 h7g8 f8f5 g5f7 h8g8 f7d8,1994,94,88,26,advantage fork master middlegame veryLong,https://lichess.org/RrpnFWAl/black#40,
VXTUB,5rk1/pQp3pp/3p4/3P1q2/3R4/6PP/PPP5/1KR2r2 w - - 3 22,b7c7 f1c1 b1c1 f8c8,2010,173,0,6,advantage endgame master short,https://lichess.org/YsxVdli7#43,
xp4qg,8/2b2ppk/1q2p2p/2p1P3/PpBr4/1P3Q1P/5PP1/3R1K2 b - - 11 35,c7e5 d1d4 e5d4 f3f7,2012,90,46,27,crushing endgame short,https://lichess.org/n2G4oEkC/black#70,
USEOX,3r4/1p1r1pkp/p5p1/4R3/3P4/2Q4P/qP4P1/4R1K1 b - - 4 25,a2a4 d4d5 d8c8 c3c8,1900,76,100,71,advantage endgame quietMove short,https://lichess.org/oFPWcoLd/black#50,
002Ds,8/1pp5/p2p4/P2Pk2p/1PP1p2P/2n1K2P/3N4/8 b - - 0 45,b7b6 b4b5 c3d1 e3e2 a6b5 a5a6,1992,76,90,114,crushing endgame knightEndgame long,https://lichess.org/2SrvOtZN/black#90,
7c0VL,3r2k1/2p2rbp/ppn1p1p1/1N2Pp2/2P2P2/1P2B1P1/P5KP/R2R4 w - - 0 20,b5d4 f7d7 d4c6 d7d1 c6d8 d1a1,2008,75,94,1584,crushing long middlegame,https://lichess.org/xXOECNEq#39,
e2nSk,6r1/2R2Nkp/1pb1p3/2p1Pp2/3p4/1P1P3P/2P3r1/R6K b - - 5 39,g2c2 c7c6 g7f7 c6c7 f7g6 a1g1 g6h6 g1g8,2087,92,88,19,advantage endgame master skewer veryLong,https://lichess.org/bN2y7eCh/black#78,
EFXRU,rnbqk2r/pp1pbppp/5n2/2p3N1/2B1P3/2N5/PP3PPP/R1BQK2R b KQkq - 2 7,e8g8 e4e5 d7d5 e5f6,1970,76,66,140,advantage opening short,https://lichess.org/Z0oyDqtC/black#14,Center_Game Center_Game_Kieseritzky_Variation
PqERH,3r1rk1/1pp2ppp/4p3/pPb1N3/P2Pq3/4B2P/R6K/3Q1R2 w - - 0 25,a2d2 e4e3 e5c4 c5d6,2075,81,91,1513,crushing hangingPiece middlegame short,https://lichess.org/Gqm8uByk#49,
003cs,2r1kbnr/pp4pp/4p3/3pP1N1/3q4/1P2B3/P3Q1PP/nN3RK1 b k - 1 16,d4e5 f1f8 e8f8 e3c5 c8c5 e2e5 c5c1 g1f2,2059,81,90,82,advantage attraction discoveredAttack exposedKing middlegame sacrifice veryLong,https://lichess.org/PmRTKflq/black#32,Caro-Kann_Defense Caro-Kann_Defense_Advance_Variation
8m1aM,5r1k/1p3rp1/p2q1n1p/P2N1R2/3P4/1Q4P1/1P4PP/5RK1 w - - 3 29,g3g4 f6g4 b3g3 d6g3 h2g3 f7f5,1971,164,31,14,crushing long middlegame,https://lichess.org/bRHCKMbl#57,
iTorD,5r1k/1p5p/p3B1pq/1b1pR3/3P1n2/4QPN1/PP3P1P/6K1 w - - 2 26,e6d5 h6h3 e3f4 f8f4,1982,74,90,647,crushing master masterVsMaster middlegame short,https://lichess.org/KbV0LdRF#51,
aLaUl,7k/p2rbrpp/1pR5/4pP2/4p3/3P1R2/PP3BPP/7K w - - 0 25,c6c8 f7f8 c8f8 e7f8 d3e4 d7d1,1955,78,92,87,advantage defensiveMove endgame long,https://lichess.org/s7B8jnek#49,
Ei1rE,4R3/6pk/p2r4/1pp2P2/6P1/8/PP2K3/8 b - - 0 38,h7h6 e8e6 d6e6 f5e6 h6g6 g4g5,2004,75,96,4825,advantage defensiveMove endgame long rookEndgame,https://lichess.org/6pEOsIxz/black#76,
p4q7k,r4r2/3bppkp/pq1p1np1/1p2n2P/3NP1P1/P1N2P2/1PPQ4/R3KB1R w KQ - 0 15,h5g6 b6d4 d2h6 g7g8 g6h7 g8h8,2087,80,91,1654,advantage long middlegame,https://lichess.org/auHgfEo1#29,Queens_Pawn_Game Queens_Pawn_Game_Other_variations
b6hgH,R7/p2r2p1/1p3k1p/7P/6P1/P5K1/5P2/8 b - - 3 35,f6g5 a8f8 d7d3 f2f3 g7g6 f8g8,2005,76,88,97,crushing defensiveMove endgame long quietMove rookEndgame,https://lichess.org/XAFx3Djq/black#70,
DQK0s,8/1R6/3kB1P1/3Pb2P/4P3/2p5/r1K5/8 w - - 1 47,c2b1 c3c2 b1a2 c2c1q b7b6 d6e7,1911,80,91,2257,advancedPawn crushing deflection endgame long promotion,https://lichess.org/FBHJPrRo#93,
5BhJG,1B6/p4k2/P1b3p1/5p2/3p3P/3B4/6P1/b5K1 b - - 1 36,c6e4 d3e4 f5e4 b8a7,1997,79,79,147,bishopEndgame crushing endgame short,https://lichess.org/8oB3rcyG/black#72,
TTp92,r2qkb1r/pp3ppp/2n5/2p1p3/6b1/2P2N1P/PP1P1PP1/RNBQR1K1 b kq - 0 10,g4h5 f3e5 h5d1 e5c6 d8e7 c6e7,1977,78,93,1233,crushing discoveredAttack discoveredCheck long opening sacrifice,https://lichess.org/fVYzrFQT/black#20,Sicilian_Defense Sicilian_Defense_Alapin_Variation
LOFwr,2kr2nr/bpp2pp1/p1p5/P3N2p/1P2Pq2/B1P5/3P1P2/RN1QRK2 w - - 1 17,e5f3 d8d3 e1e3 a7e3,1943,75,87,917,crushing middlegame short,https://lichess.org/brutjuQD#33,Ruy_Lopez Ruy_Lopez_Classical_Variation
n6IU0,3q2k1/1Q3p1p/6p1/8/4PPK1/3r3P/PB4P1/2R5 w - - 0 30,b2f6 d8f6 b7b8 g8g7,1919,77,91,294,crushing defensiveMove endgame hangingPiece short,https://lichess.org/SPAblCJ4#59,
3aPsP,r4rk1/pbpn1ppp/1p1bpn2/6B1/2BPq3/PN3N2/1P1Q1PPP/4RRK1 b - - 7 15,e4g6 f3h4 f6e4 h4g6,2081,76,87,94,advantage middlegame short,https://lichess.org/MvXrV9OW/black#30,Queens_Gambit_Declined Queens_Gambit_Declined_Other_variations
HEMcm,3r4/p1qPbkp1/1p3p2/7Q/P6P/6P1/3R1PK1/8 b - - 0 32,f7g8 h5e8 e7f8 e8e6 g8h7 d2d5,2002,77,90,410,advantage defensiveMove endgame long,https://lichess.org/xcxdZLEo/black#64,
xtDtt,1r4k1/p3r1b1/4pp1Q/1p1q4/5p2/P4P1R/1P5P/6RK b - - 0 31,b8b7 h6h8 g8f7 g1g7,1924,80,83,138,mate mateIn2 middlegame pin short,https://lichess.org/xcmmxE0s/black#62,
gcqLG,8/5k2/p6Q/2B1bp1p/p1P1p2P/3q2P1/5P1K/8 b - - 2 45,d3c4 h6f8 f7g6 f8e8 c4f7 e8e5,2050,83,91,520,crushing endgame exposedKing fork long,https://lichess.org/sKlMFK9D/black#90,
KfDu5,4r1k1/p3Pqp1/1p1bR2B/2r2p2/8/1QP3P1/5PK1/4R3 w - - 3 38,h6e3 c5e5 e6e5 f7b3,2002,82,55,61,crushing middlegame short,https://lichess.org/1uqIWv4o#75,
hJpmY,r2b1r1k/pp1q4/3p2Q1/2pP4/7P/1P6/P4PP1/R1B3K1 b - - 0 24,d8h4 c1b2 h4f6 b2f6 f8f6 g6f6,1912,116,71,19,crushing exposedKing long middlegame,https://lichess.org/AyP7eUwk/black#48,
EBfBa,2rqk2r/pb3ppp/1ppbpn2/4N3/2Q5/2NP2P1/PPP2PBP/2KRR3 w k - 6 16,g2c6 b7c6 e5c6 d8d7 c6a7 c8c4,2012,76,92,1281,advantage long middlegame,https://lichess.org/FCPAe1FM#31,Scandinavian_Defense Scandinavian_Defense_Valencian_Variation
DMFQf,2r1r1k1/pppqbp1n/4n2Q/3pB3/3P4/P1N1R2P/1PP2PP1/R5K1 b - - 2 20,e7g5 e3g3 f7f6 e5f6 h7f6 h6f6,2025,75,84,204,advantage long middlegame pin,https://lichess.org/mErKrix8/black#40,
fhbVe,4r1k1/6p1/4pp2/p2b2p1/3B4/1q5P/2R2Q2/5RK1 w - - 2 42,c2c7 b3h3 c7g7 g8h8 f2h2 h3h2 g1h2 h8g7,1977,75,92,172,advantage exposedKing middlegame veryLong,https://lichess.org/GIxW5yRl#83,
dsIyL,rn1q1rk1/pp4pp/2p2n2/2b5/4p3/2P2BPP/PP1NQP2/R1B1K2R w KQ - 1 14,d2e4 f6e4 f3e4 c5f2 e2f2 f8f2,1981,77,91,3178,advantage attackingF2F7 long opening,https://lichess.org/PQ0HxhgS#27,Caro-Kann_Defense Caro-Kann_Defense_Breyer_Variation
BlAMR,8/pkp4p/1pn5/4P3/4qP2/5Q1P/4rBP1/6RK b - - 3 34,e4c2 f2e3 e2e3 f3e3,2070,76,88,82,crushing endgame master masterVsMaster short,https://lichess.org/tVtIDBue/black#68,
BUnPE,8/8/5k1K/5PRP/8/8/8/7r w - - 1 60,h6h7 f6g5 h7g7 g5f5 h5h6 h1g1,2073,77,92,1385,crushing endgame hangingPiece long rookEndgame,https://lichess.org/cYUiAXCy#119,
O7HHY,r5k1/ppp1P2p/3b2n1/8/7q/1Q1P1r1P/PP3PP1/R1B2RK1 b - - 0 23,g8g7 b3b7 f3h3 g2h3,2064,80,54,77,advantage fork middlegame short,https://lichess.org/sBzT1LJh/black#46,
6xJtw,6rk/2pqbp1n/3p2r1/p6Q/3RPPP1/1PNP3P/1PP5/4KR2 w - - 3 22,f4f5 e7g5 f5g6 f7g6 h5g5 h7g5,1994,147,88,44,advantage long middlegame quietMove sacrifice trappedPiece,https://lichess.org/zMdVDIs4#43,
KkAG4,5r2/2p4R/3p2k1/p2Pp1P1/2p1P1b1/PnN5/KP6/3B1r1R b - - 2 32,b3d2 d1g4 f1h1 h7h1,2048,75,85,69,advantage hangingPiece master middlegame short,https://lichess.org/uLkBduxi/black#64,
KYJXr,5r1k/p1p1b1p1/1p6/8/2P1Q2p/1PN1P2q/P4rRB/3R3K w - - 2 28,h1g1 f2g2 e4g2 h3e3 g1h1 e3c3,1908,108,88,17,advantage exposedKing fork long master middlegame,https://lichess.org/o946XmaG#55,
NoeO3,8/8/5RP1/4p3/8/4k3/6K1/r7 b - - 2 54,a1a4 f6f3 e3d4 g6g7 a4a8 f3f8,1922,76,94,1106,advancedPawn crushing endgame long rookEndgame,https://lichess.org/jcQHsnmP/black#108,
8P6gy,1k1r3r/Rpp4p/1nq2bp1/8/6Q1/1P2B2P/R5P1/7K b - - 1 29,f6e5 a7a8 b6a8 e3a7,2041,82,85,87,clearance mate mateIn2 middlegame queensideAttack sacrifice short,https://lichess.org/vve4dyEb/black#58,
M1lkM,rn3rk1/pp1b1pbp/1q2pnp1/2p5/2P1P3/1P1B4/PB1PN1PP/RN1Q1R1K b - - 0 11,d7c6 b2f6 g7f6 f1f6 b6d8 f6f3,1975,78,92,4394,advantage long opening,https://lichess.org/ymPNZVlu/black#22,Vant_Kruijs_Opening Vant_Kruijs_Opening_Other_variations
ExQMK,1k1r3r/ppp1n3/3q3p/5pP1/3P2Q1/P3PN2/1PPR2P1/5K1R w - f6 0 25,g4f4 h6g5 h1h8 g5f4 h8d8 d6d8,2009,77,92,1597,advantage long middlegame,https://lichess.org/pOxcuUAy#49,
6JTsJ,5rk1/ppb2ppp/3q2n1/8/8/4BQ1P/PPP3P1/R3R2K w - - 7 25,g2g3 g6h4 e3f4 h4f3 f4d6 c7d6,2008,80,92,609,advantage long master middlegame,https://lichess.org/p2zGTtgV#49,
1YzXf,3rr1k1/pppq1ppp/2n5/3n4/2BN2b1/1P6/PBQN1PPP/R3R1K1 b - - 0 15,e8e1 a1e1 d5b4 c2e4 c6d4 b2d4,1919,78,84,97,advantage long middlegame,https://lichess.org/TvWrJPoF/black#30,Italian_Game Italian_Game_Classical_Variation
5qzLr,2k4r/pp2n3/5b2/3q4/3N2p1/2P3P1/PPQ2PK1/R3RN1r w - - 5 29,c2e4 d5h5 e4g4 h5g4,1991,76,90,1244,crushing middlegame quietMove short,https://lichess.org/rbOyJVLj#57,
uU4qi,r2r2k1/pb3p2/4pP1p/1pp3N1/1q6/3P2PP/P3QP2/R3R1K1 b - - 0 22,h6g5 e2h5 b4d4 h5h6 d4f6 h6f6,1950,88,90,29,crushing long middlegame,https://lichess.org/iAqSl5Zd/black#44,
X4zWu,5k2/1R3p2/4p3/5p1K/5P1P/4Pr2/7r/6R1 w - - 1 43,h5g5 f8g7 e3e4 f5e4,2090,78,91,857,crushing endgame rookEndgame short,https://lichess.org/QHeNxs0N#85,
SZiz4,8/2pq2k1/1p1p2p1/pP2P2p/P2PnQ1P/2P2N2/6K1/8 b - - 2 40,e4c3 f4f6 g7g8 e5e6 d7e8 e6e7,1989,102,83,36,advancedPawn crushing endgame long,https://lichess.org/C5nIqJ3Y/black#80,
HaukO,4r1k1/1p2q2p/p7/4pR1Q/3pP3/1P5P/1P4P1/6K1 b - - 0 29,e7e6 h5g4 e6g6 f5g5,2007,72,95,10678,advantage endgame pin short,https://lichess.org/VHA3MKwS/black#58,
YmXZV,8/4r3/2R1p3/3pKpP1/3P3k/2P5/8/8 w - - 0 43,c6e6 e7e6 e5e6 h4g5 c3c4 d5c4,1936,75,84,58,advantage endgame long rookEndgame,https://lichess.org/yHWekrQe#85,
xSloD,4r1k1/7p/p2p2p1/3P1p2/5P1P/2Q3PK/P3q3/2R5 w - - 0 30,c1c2 e2f1 h3h2 e8e1 c3e1 f1e1,1934,84,74,57,clearance crushing endgame long quietMove,https://lichess.org/wg3XRwFo#59,
50IzP,4k3/r5p1/4p2p/q6P/2pP4/P1P5/4Q3/K4R2 w - - 0 50,e2c4 a5a3 a1b1 a3a1 b1c2 a7a2 c4a2 a1a2,2040,75,94,748,crushing endgame exposedKing veryLong,https://lichess.org/XgDys4m1#99,
vjAV0,r1bqk2r/pp1nbpp1/2p1pn2/3p2N1/2PP4/P1N5/1PQ1PP1P/2KR1BR1 b kq - 0 11,g7g6 g5f7 e8f7 c2g6 f7f8 g6g7,1969,77,96,4300,advantage attackingF2F7 attraction long opening,https://lichess.org/6KyexpCs/black#22,Semi-Slav_Defense Semi-Slav_Defense_Other_variations
51adJ,8/7p/1p6/pPpPp2P/3bPk2/1P3B2/8/5K2 w - - 5 46,f1e2 c5c4 d5d6 d4c5 d6d7 c5e7 d7d8q e7d8,1962,113,33,15,bishopEndgame clearance crushing endgame quietMove veryLong,https://lichess.org/Dg9OPeIM#91,
boVOg,8/5p2/5nk1/2p5/N1P3p1/1P1RP1K1/4r3/8 w - - 4 41,a4c5 g6g5 d3d5 f6d5,2079,76,94,1389,crushing endgame short,https://lichess.org/teBVhn4p#81,
OqXwJ,r1b2bkr/p5p1/6Qp/q3B3/1p1p3P/1P1P4/P1P2PP1/R3R1K1 b - - 1 20,c8b7 e5g7 a5h5 g6h5,2055,83,88,42,crushing middlegame short,https://lichess.org/1rgjoDcR/black#40,
IVHdR,8/4kp2/8/1p1pPK2/3P4/1Pb1B3/8/8 b - - 0 52,c3e1 e3g5 e7e8 e5e6 f7e6 f5e6,1943,75,95,3783,advantage bishopEndgame endgame long,https://lichess.org/MKp2rYHl/black#104,
lJuWe,5K2/2r2p2/5P1P/8/8/8/2pk3r/4RR2 b - - 8 54,c2c1q e1c1 c7c1 f1c1 d2c1 f8g7 c1c2 h6h7,1942,76,93,6932,advancedPawn crushing endgame veryLong,https://lichess.org/5gTFzHWE/black#108,
eE7KF,Q7/3P1pk1/6p1/8/P1P2n1P/8/5P1P/3q1BK1 w - - 3 39,d7d8q f4h3 g1g2 d1g4 g2h1 h3f2,1946,75,86,182,cornerMate deflection endgame long mate mateIn3 pin,https://lichess.org/pywYzLF3#77,
00OYl,3r4/5p2/k3p1p1/2B1Pr2/2P3n1/1p3NPp/4QP1P/6K1 w - - 0 34,f3h4 f5e5 e2f1 e5c5,1955,76,89,75,crushing endgame fork short,https://lichess.org/es489ddj#67,
cxp2V,1b6/1p1N4/p7/P1pPp1k1/4P3/5pp1/1PP3P1/R3KB1r w - - 0 38,e1d2 f3g2 f1g2 h1a1 d7b8 a1g1,1964,76,91,253,advancedPawn advantage endgame long,https://lichess.org/UNnLXOmn#75,
tf0rN,r4k1r/1p1QP1pp/p1p2p2/6Bb/8/8/PqP2PPP/n2R2K1 b - - 0 19,f8g8 d7e6 h5f7 d1d8 a8d8 e7d8q,2024,107,86,23,advancedPawn clearance kingsideAttack long mate mateIn3 middlegame promotion,https://lichess.org/9z01XkiL/black#38,
hq0b1,r1b1k2r/1pq2ppp/p1npp3/2N1n3/2B1PB2/5NP1/PP2QP1P/3R1RK1 b kq - 0 13,d6c5 f3e5 c6e5 e2h5,2014,75,88,404,crushing middlegame short,https://lichess.org/PRWnw7es/black#26,Sicilian_Defense Sicilian_Defense_Smith-Morra_Gambit
MMLev,3r2k1/1b6/p6p/1pp2RpP/P2b4/6q1/1PBQR1P1/7K w - - 2 34,d2d3 g3h4 d3h3 h4h3,1932,81,93,1196,mate mateIn2 middlegame pin short,https://lichess.org/JaEhHMXD#67,
Nw7TE,6k1/pQ1p1p1p/8/6p1/3n4/1P6/PBP1qK2/R7 w - - 1 34,f2g3 d4f5 g3h3 g5g4,2006,102,64,55,endgame mate mateIn2 short,https://lichess.org/1iBTxy4l#67,
83DSJ,3q2rk/p4p1p/2bPrPpQ/1p2P3/2p2R2/2P4P/P1B5/R5K1 b - - 5 30,e6e5 h6h7 h8h7 f4h4 e5h5 h4h5,2084,78,95,11003,attraction kingsideAttack long mate mateIn3 middlegame pin sacrifice,https://lichess.org/lPoO8C7n/black#60,
zSFWG,2qr2k1/5ppp/r2B1b2/2pQ4/1p6/7P/1PP2PP1/3RR1K1 w - - 6 28,d5c5 a6d6 c5d6 d8d6,1961,78,91,1899,advantage master masterVsMaster middlegame short,https://lichess.org/8l5YMbGf#55,
V8a7B,8/p2Q3k/1p5p/2b1q3/4N3/6PK/P6P/8 b - - 8 41,e5e7 e4c5 e7d7 c5d7,1908,93,92,19,advantage endgame pin short,https://lichess.org/vUY9zZkP/black#82,
n3wIB,4k1r1/ppQ5/4P3/1N6/4PP2/6q1/PPP1K2r/R4R2 w - - 2 27,e2d1 g3f3 f1f3 g8g1 f3f1 g1f1,1925,75,94,768,clearance long mate mateIn3 middlegame sacrifice,https://lichess.org/5HQ8mtew#53,
Sm0IM,4r2k/2R5/b7/R7/1np5/B1N5/PPPK1rPP/8 w - - 1 33,d2c1 e8e1 c3d1 f2c2 c1b1 e1d1,1997,80,92,592,deflection long mate mateIn3 middlegame,https://lichess.org/WeFT5mgz#65,
OtykF,5R2/8/7r/5pk1/7p/5P2/6PK/8 b - - 11 54,h6f6 f3f4 g5g6 f8f6 g6f6 h2h3 f6f7 h3h4,1980,79,91,1577,crushing endgame rookEndgame veryLong,https://lichess.org/O6GVhdzl/black#108,
SPHhn,3r2k1/1Bp3b1/1p2p2p/pP4pP/1q4P1/1n2B2R/Q1P5/1K6 w - - 0 29,a2b3 d8d1 e3c1 d1c1 b1c1 b4e1,1971,75,94,13823,attraction long mate mateIn3 middlegame pin queensideAttack sacrifice,https://lichess.org/pDTQaosh#57,
tkQnL,q3r1r1/8/3kP1p1/p1pP1b1p/Pp3QnP/1P6/1KPR4/4R3 b - - 1 40,d6e7 f4c7 e7f8 c7f7,2032,84,90,519,epauletteMate mate mateIn2 middlegame short,https://lichess.org/XBbA2bSt/black#80,
eacsv,r4rk1/2p1bppp/3q4/3PP3/1p1P2P1/p4N1P/2Q2P2/R1R3K1 w - - 1 23,c2c7 d6c7 c1c7 b4b3 f3d2 b3b2,1966,76,91,3049,advancedPawn advantage long middlegame,https://lichess.org/WUjLKHBL#45,
AWJo0,6k1/5pp1/p6p/3Pq3/1pp5/4BP1P/PP2QKPb/8 w - - 1 29,e3c5 h2g1 f2f1 e5e2,1982,76,83,73,crushing endgame short,https://lichess.org/9EUl9ozT#57,
rusZS,1k5r/1pp2p2/p2r1bpp/4pR2/B3P3/3PB3/PPP3K1/7R w - - 0 22,h1h6 g6f5 h6h8 f6h8,2098,77,88,118,advantage middlegame short,https://lichess.org/Ak2gLXDh#43,
krhG6,3r1rk1/pb3pp1/7p/4bN2/4p1Q1/1B6/Pqp2PPP/R4RK1 b - - 3 23,a7a5 f5h6 g8h7 h6f7,1936,76,90,3190,crushing deflection kingsideAttack middlegame pin short,https://lichess.org/uHeFgZ0Z/black#46,
ASww8,r3k2r/3p1p2/p2qp2p/1p1bb1p1/1P6/P4B1P/3R1PP1/1N1Q1RK1 b kq - 3 20,e5f4 f3d5 f4d2 d5a8,2006,76,94,6100,advantage middlegame short,https://lichess.org/amiK3VUC/black#40,
ua4PW,3r2k1/pQ2Rpbp/1n4p1/2B2q2/2P1N3/7P/Pr4P1/4R1K1 w - - 1 25,e1f1 f5f1 g1f1 d8d1,1930,76,99,1147,attraction kingsideAttack mate mateIn2 middlegame sacrifice short,https://lichess.org/8nVvcyqm#49,
AQT5l,2k1r3/2p2p2/p1Qp4/1p1P3p/6p1/5pP1/PPP1qB1P/2KR4 w - - 4 26,d1e1 e2e1 f2e1 e8e1 c1d2 f3f2 c6a6 c8d8,2011,74,95,425,advancedPawn crushing defensiveMove endgame sacrifice veryLong,https://lichess.org/5gQDmuAL#51,
gQwD7,r2q1rk1/pppn2pp/3bp3/7n/3Pp3/2PB4/PP1NQ1PP/1RB2RK1 w - - 0 13,d3e4 d6h2 g1h2 d8h4 h2g1 h5g3,1911,75,88,201,attraction crushing kingsideAttack long opening sacrifice,https://lichess.org/Y1RbLs5k#25,Queens_Pawn_Game Queens_Pawn_Game_Zukertort_Variation
spNQT,r1bqnrk1/pp1n2pp/3b1p2/3pN3/2pP1P2/2P5/PPB3PP/RNBQ1R1K w - - 0 12,c2h7 g8h7 d1h5 h7g8 e5g6 f6f5,1964,118,76,23,advantage defensiveMove hangingPiece long opening,https://lichess.org/IFhZaJNZ#23,French_Defense French_Defense_Exchange_Variation
pzdDv,1rb3k1/3n2pp/p2Rp3/1p2N3/4pr2/2P4P/PP4P1/RN5K w - - 0 22,e5d7 f4f1 h1h2 c8d7 d6d7 e4e3 d7d3 e3e2,2077,83,88,42,advancedPawn crushing intermezzo middlegame veryLong,https://lichess.org/v8i8bx37#43,
KKwuO,7k/6pp/1p6/8/1P6/P2Q2KP/5r2/5r2 b - - 4 42,f2f3 d3f3 f1f3 g3f3 h8g8 a3a4,1910,85,88,49,crushing defensiveMove endgame long queenRookEndgame,https://lichess.org/apr0nlWt/black#84,
nFl0A,r1b1kbnr/2q2ppp/p1npp3/1p6/N3P3/1B3N2/PB3PPP/2RQR1K1 b kq - 1 12,b5a4 c1c6 c7c6 b3a4,1927,80,88,44,advantage intermezzo opening pin short,https://lichess.org/beMRk5zR/black#24,Sicilian_Defense Sicilian_Defense_Smith-Morra_Gambit
lBRHK,1r1q1rk1/pb3pp1/3b4/2p4p/Q5n1/1PB1PNP1/P2N1P1P/R4RK1 w - - 0 18,f3h4 d8h4 a4g4 h4g4,1985,80,76,150,crushing middlegame short,https://lichess.org/r7dC2NkB#35,Saragossa_Opening Saragossa_Opening_Other_variations
TM9oA,r5rk/1b3p1p/p6R/4qP2/2p2R1Q/2N3nP/PPP3P1/6K1 b - - 4 24,g3h5 h6h7 h8h7 h4h5 h7g7 f5f6,1993,76,94,5368,advantage attraction kingsideAttack long master middlegame,https://lichess.org/kDaekLhA/black#48,
ptFQJ,2r1Bq1k/6p1/4Q2p/3p4/p2b4/P5P1/1P3P1P/4R1K1 w - - 0 33,e6c8 f8f2 g1h1 f2f3,2049,78,89,310,endgame fork mate mateIn2 short,https://lichess.org/zExteEC8#65,
WYuvo,5rk1/p2b2pp/2p5/3pN2q/3PnrnP/P2B2P1/1B3P2/2RQ1RK1 w - - 0 22,g3f4 h5h4 e5g4 d7g4 d3e4 g4d1,1925,76,85,73,crushing long middlegame,https://lichess.org/Z8C1MbIy#43,
T0VCH,8/8/7R/4kp2/7p/5prP/5KP1/8 w - - 0 52,h6h4 f3g2 f2g1 f5f4,1948,76,92,3467,advancedPawn crushing defensiveMove endgame rookEndgame short,https://lichess.org/4z3eV4tv#103,
nrJzB,2r3k1/2q2p1p/br2pPpP/3pN3/1p1Q4/pPnP2PB/P4P2/R3R1K1 w - - 7 28,e5g6 h7g6 h6h7 g8h8,1940,75,89,213,advantage hangingPiece master middlegame short,https://lichess.org/BFGXKKgO#55,
Yx5tt,8/4p1kp/4q1p1/2Q5/2b5/5PP1/4P2P/3R2K1 w - - 3 34,d1d4 e6e3 g1g2 e3e2 g2h3 c4e6 g3g4 e2f3 h3h4 f3f2,1991,85,83,26,crushing endgame master veryLong,https://lichess.org/tWPH0a08#67,
w5tGl,6k1/pp1b1pp1/5b2/8/3p1QPp/3P1N1P/PPP1qPBK/8 w - - 3 23,f3d4 e2e5 f4e5 f6e5 h2g1 e5d4,2057,117,92,23,advantage endgame fork long,https://lichess.org/OF0oPBFi#45,
h9yO6,8/4p2k/p5p1/1pqPQ2p/7P/P3n1P1/8/3RK3 w - - 3 33,d1d2 c5c1 e1e2 c1d2 e2d2 e3c4 d2c3 c4e5,1944,107,88,19,attraction crushing endgame exposedKing fork sacrifice veryLong,https://lichess.org/2HHTIUAF#65,
yGBxp,rr3qk1/5ppn/3R3p/ppp1pN2/4P2Q/2P1P2P/bPB3P1/4R1K1 b - - 0 25,a2e6 f5e7 g8h8 d6e6,2068,76,95,1045,advantage kingsideAttack master middlegame short,https://lichess.org/VA5stLq7/black#50,
7H2dJ,1R1b2B1/4k3/4P1pp/p7/3p4/1P1P2KP/2P3P1/5r2 w - - 8 44,b8b5 d8c7 g3h4 f1f4 g2g4 f4f3 g4g5 f3f4,2022,158,88,11,crushing endgame veryLong,https://lichess.org/2Go9bdRy#87,
Lk08e,r3r1k1/pb1q1pp1/1p1n1b1p/3p4/1P1N4/2PQ1P2/P1B3PP/R1B2RK1 w - - 1 21,c1h6 g7h6 d3h7 g8f8 h7h6 f6g7,2026,76,90,1627,crushing hangingPiece long middlegame,https://lichess.org/kgsZJT5u#41,
O23hT,2r1r1k1/1p3p1p/p2p1Qp1/Pb1P4/2p5/2R1N2P/1P1q1PP1/5BK1 b - - 3 25,d2b2 e3f5 g6f5 c3g3 g8f8 f6b2,2043,75,95,1032,clearance crushing discoveredAttack long middlegame sacrifice,https://lichess.org/qdRK9eBy/black#50,
aTc6G,8/5p2/6pp/3k3P/p2p1PP1/P2K4/1P6/8 w - - 0 47,h5g6 f7g6 f4f5 g6f5 g4f5 h6h5,1915,76,95,1471,crushing defensiveMove endgame long pawnEndgame,https://lichess.org/Othh8lTR#93,
KSSql,r4rk1/5ppp/2p2b2/2p5/6R1/pP1qBQ1P/P1p2PP1/2R3K1 b - - 1 22,a8d8 f3f6 d3d1 g1h2 d1g4 f6d8,2096,85,70,63,advantage long middlegame pin,https://lichess.org/sVoYwoFB/black#44,
ZwPfn,r5k1/1qpnb1pp/4p3/1p1nPr2/6Q1/6P1/PP3PBP/R1BR2K1 b - - 4 18,d7e5 g4f5 e6f5 g2d5 b7d5 d1d5,2026,76,94,871,advantage fork long master middlegame,https://lichess.org/MGSFlvgT/black#36,Queens_Gambit_Declined Queens_Gambit_Declined_Three_Knights_Variation
R6vNk,5r1k/1p5p/nq4p1/p1bP4/2p2rQ1/P1N3N1/1PB1R1K1/7R w - - 0 26,g4g6 f4f2 g2h3 h7g6,1944,76,92,857,crushing middlegame short,https://lichess.org/PX4J866h#51,
5CTbW,r1bqkb1r/pp3ppp/2n2n2/1Bp3N1/3p4/2NP4/PPP2PPP/R1BQK2R w KQkq - 0 9,c3e4 d8a5 c2c3 a5b5 e4f6 g7f6,1929,81,93,1733,crushing fork long opening,https://lichess.org/5rXWyq7W#17,Sicilian_Defense Sicilian_Defense_Modern_Variations
vZT80,2k3r1/pp5p/4q3/3pn3/P1p5/B1P3Q1/2P2PPP/3R2K1 w - - 0 26,g3e3 e6g4 g2g3 g4d1,1920,75,96,4304,advantage endgame short,https://lichess.org/GI97ZPIB#51,
3WwV9,1k2r3/pppr1p2/b4Bp1/b6p/1P5P/3N1PP1/P2R1PK1/3R4 b - - 0 29,a6d3 b4a5 e8e6 d2d3 d7d3 d1d3,1917,77,90,2998,advantage hangingPiece intermezzo long master middlegame,https://lichess.org/20VwnnNR/black#58,
ENDO5,4r1k1/6pp/4N3/pp2P3/2p2P2/P3n1P1/1P5P/3R2K1 w - - 1 27,d1d8 e8d8 e6d8 b5b4 a3b4 a5b4,1988,79,90,287,advantage endgame long,https://lichess.org/7YGLulYA#53,
aFBvr,7Q/p4p2/b3kNp1/4p3/1q6/3PPP2/r3N1PP/3K3R w - - 0 33,f6e4 b4b1 e2c1 b1c2 d1e1 c2c1,2003,78,91,436,deflection exposedKing long mate mateIn3 middlegame,https://lichess.org/6YkbfzyW#65,
4B4Ch,r1bq1b1r/ppp3pp/4k3/3np3/2B3Q1/8/PPPP1PPP/R1B1K2R b KQ - 1 10,e6e7 g4g5 e7d7 g5d8 d7d8 c4d5,1953,76,15,56,advantage exposedKing long opening,https://lichess.org/DR1tTvFX/black#20,Italian_Game Italian_Game_Two_Knights_Defense
XWgdT,8/pp1q1p1k/2rnb1pp/4Q3/1B1p2Pn/N2P3P/PP3PBK/4R3 w - - 1 27,g2c6 d7c6 e5g3 h4f3,2078,82,89,43,crushing middlegame short,https://lichess.org/lYJVmSxc#53,
POcmM,4rrk1/7p/R1b3p1/1p2q3/1N2p3/1PP1QpP1/1P3P2/4R1K1 w - - 1 29,a6c6 e5h5 b4d5 h5h3 d5f4 f8f4,1912,75,87,112,crushing long middlegame quietMove,https://lichess.org/6iOdAvwk#57,
7wwct,3rrk2/p6p/2QP2p1/4B3/2B2Pq1/3p4/PP6/4R1K1 w - - 1 34,c6g2 d3d2 e1f1 d2d1q f1d1 g4d1,2096,78,92,613,advancedPawn advantage long middlegame pin promotion,https://lichess.org/yYr3OGsl#67,
UlqVm,4k3/7p/p4Qpq/3p4/PP3P2/8/8/6K1 b - - 0 44,h6f8 f6f8 e8f8 b4b5 a6b5 a4a5,2041,74,92,1155,crushing defensiveMove endgame long queenEndgame,https://lichess.org/qMYf0sis/black#88,
b6Qzs,5r2/2q5/3pQ1n1/2p1p1kN/2P2pP1/1p1P1P2/rP6/1K1RB2R w - - 4 36,h5g3 a2a1 b1a1 c7a7 e1a5 a7a5,1940,76,90,75,attraction crushing long middlegame queensideAttack sacrifice,https://lichess.org/nV93yWTU#71,
o9n73,N2k4/pp3p1p/2n2p2/8/1b1P4/2q1r1PB/P3PK1P/R2Q3R w - - 2 18,d1c1 e3e2 f2e2 c6d4 e2f2 c3f3 f2g1 d4e2,1967,77,85,211,attraction cornerMate mate mateIn4 middlegame sacrifice veryLong,https://lichess.org/IMFMbJSH#35,Mieses_Opening Mieses_Opening_Reversed_Rat
kxiAX,r4rk1/1R3ppp/4pn2/1p4B1/2pPP3/2Pb2P1/5PBP/4R1K1 b - - 2 20,a8a3 e4e5 f6d5 g2d5,1903,76,87,523,advantage middlegame short,https://lichess.org/TL0Mn1dj/black#40,
HAPOr,8/4k3/1P1Qp3/3pP2p/3P3r/2qp2p1/3N4/6K1 b - - 3 43,e7f7 d6c7 c3c7 b6c7 h4h2 c7c8q,2097,76,98,430,advancedPawn crushing endgame long promotion,https://lichess.org/0fkFmL89/black#86,
MzBOu,3Q4/1p3pk1/7p/2P1P3/1Pq5/8/3R1KPP/5r2 w - - 1 40,f2g3 c4f4 g3h3 f4f5 g2g4 f1f3,2090,78,85,59,crushing endgame exposedKing long,https://lichess.org/pL81YRPC#79,
SNjus,8/8/2k5/P5p1/1P6/2K4p/6nN/8 w - - 6 48,c3b3 g2e3 b3c3 g5g4 c3d3 g4g3,1913,76,85,150,crushing endgame knightEndgame long quietMove,https://lichess.org/jqwr52in#95,
baO4R,8/5p2/4p3/1p2P1K1/p3kP2/PP6/8/8 w - - 0 50,b3b4 e4f3 f4f5 f3e4 f5e6 f7e6,2014,74,94,257,crushing endgame long master pawnEndgame zugzwang,https://lichess.org/XtBfLjb6#99,
hUxbI,8/4bP2/r3P1k1/3rBp1p/2pn4/8/4RK2/4R3 w - - 6 56,f7f8q e7f8 e1g1 g6h7 e5d4 d5d4,1941,79,87,97,advantage hangingPiece long middlegame,https://lichess.org/cuDfWpy1#111,
4Pgv5,2r1kb1r/p3p3/qp3np1/5p1p/1n1Pp2P/P1N1B1P1/1P1Q1P2/R1N1K2R b KQk - 0 18,f6d5 a3b4 a6a1 c3d5,1906,77,89,1582,advantage capturingDefender middlegame short,https://lichess.org/0cweXbSe/black#36,Sicilian_Defense Sicilian_Defense_Old_Sicilian
rbLG7,8/p5kp/7R/5p2/3KpP2/PP4rP/8/8 w - - 5 42,h6h5 g7g6 h5g5 g3g5,2014,74,96,548,crushing endgame rookEndgame short,https://lichess.org/N4nqjOw0#83,
9gGOP,8/6bk/PQ1p2p1/3Pp2p/3qP3/5P2/r3B3/1R3K2 b - - 5 41,a2a1 b6d4 a1b1 d4d1,1907,75,93,1896,crushing endgame master short,https://lichess.org/N4lzQW7d/black#82,
WcduP,5k2/p5p1/1pp5/r4PPP/P1PK4/8/2B5/8 b - - 3 40,f8e7 h5h6 g7h6 g5h6 e7f6 h6h7 f6g7 f5f6,1909,75,92,704,advancedPawn crushing endgame veryLong,https://lichess.org/kt7RMIRU/black#80,
Ng40u,r3b1k1/1p4p1/3qp3/p3N1p1/2PpQ1P1/1P2b3/PB4P1/3R3K b - - 5 26,e8c6 e4e3 d4e3 d1d6,1903,189,0,8,advantage middlegame short,https://lichess.org/eKPZrz7k/black#52,
VjDZV,8/5p1k/6pp/2N1Q2n/1Pb5/P4B1P/3q1rP1/4R1K1 w - - 1 30,e5e3 f2f1 g1h2 d2e1 e3e1 f1e1,1944,90,88,56,advantage long middlegame,https://lichess.org/zUwTacGT#59,
LpwsD,k2r4/pp6/1q2P1rp/1b1pQp2/3P1B2/bP6/P1RN1P1K/4R3 b - - 1 28,a3d6 e5d6 b6d6 f4d6,1923,213,82,14,advantage master middlegame short,https://lichess.org/PNHhYHQ7/black#56,
8Sa95,r1q2r1k/1b1R3p/p3B1p1/2p1Np2/4n3/2n1PQ2/P4PPP/3R2K1 b - - 2 24,c3d1 e5g6 h7g6 f3h3,2030,75,94,12688,kingsideAttack mate mateIn2 middlegame sacrifice short,https://lichess.org/nwNmoDPB/black#48,
sSP2n,3r1r1k/1b4p1/p3B2p/1p2pPpQ/2pqP3/P1P5/1P4PP/4RR1K b - - 0 28,d4d3 f5f6 b7e4 f6g7 h8g7 f1f7 f8f7 h5f7,2056,77,91,3515,advancedPawn attraction collinearMove crushing kingsideAttack middlegame veryLong,https://lichess.org/o0PP96ti/black#56,
EvfHd,6k1/5pp1/7p/1q6/3pr3/P2R3P/1P1Q2P1/7K w - - 0 32,d3d4 b5f1 h1h2 e4e2 d2e2 f1e2,1980,75,88,1285,advantage endgame long,https://lichess.org/iI2hJnLu#63,
jsqOM,3r1rk1/pp3pp1/2p3bp/8/2P1p1P1/1Bn4P/P1PN1P2/2K1R2R b - - 2 20,f8e8 e1e3 c3d5 c4d5,2008,76,86,79,advantage middlegame short trappedPiece,https://lichess.org/rGGSgqFh/black#40,
VGwzM,3r4/3r1p1p/3b2p1/1p1R4/1P6/P2R1kP1/7P/5K2 b - - 6 35,f3e4 f1e2 d6e5 d5d7,1947,75,92,211,advantage endgame short,https://lichess.org/5R6pBp7U/black#70,
V01Nu,r3rnk1/pp5p/1qp1PQ2/8/3P2P1/2P4P/PP6/4RRK1 b - - 0 25,b6c7 f6f7 c7f7 e6f7,1908,74,82,75,advancedPawn crushing kingsideAttack master middlegame short,https://lichess.org/xgTEq1zN/black#50,
ZY1vR,r6q/2k1bp2/4p1p1/1p2P2r/1PpB1P2/2P5/1Q4P1/R4RK1 w - - 6 30,a1a8 h5h1 g1f2 h8h4 g2g3 h4h2,1925,82,33,38,crushing long middlegame,https://lichess.org/JRA2zmRv#59,
6aZDz,r5k1/2p3pp/2p1rpn1/P1b5/1pPp1Pq1/1Q3PP1/3B2KP/RN2R3 b - - 0 22,g4f5 g3g4 g6f4 d2f4 f5f4 e1e6,2028,75,89,580,advantage long middlegame,https://lichess.org/hcOgGRTP/black#44,
ViN5N,3qr1k1/4bppp/8/3n4/5r2/3Q1N1P/PP1R1PP1/4R1K1 b - - 1 22,d5f6 d3d8 e8d8 e1e7 d8d2 f3d2,1941,76,93,3379,advantage capturingDefender long middlegame,https://lichess.org/PEn7hXZu/black#44,
C4Pyg,8/p7/4k3/8/6PK/8/8/8 w - - 5 52,h4h5 e6f7 h5h6 f7g8 h6g6 a7a5 g6f5 a5a4,2005,74,90,213,crushing defensiveMove endgame pawnEndgame quietMove veryLong,https://lichess.org/4S9OnNm9#103,
8QVjQ,r7/8/Ppp1P3/5pk1/3N1Nn1/P7/2P5/2K5 b - - 2 34,c6c5 e6e7 g4f6 d4e6,2005,119,87,21,advancedPawn advantage endgame master short,https://lichess.org/1EmWfFoP/black#68,
F1Lx5,7k/7P/2n1PKP1/8/4b3/8/8/8 b - - 0 67,c6b8 g6g7 h8h7 f6f7 e4g6 f7f8 h7h6 g7g8q,2072,84,86,68,advancedPawn crushing endgame promotion veryLong,https://lichess.org/VN3gsx3c/black#134,
xFYXp,r6r/2p3kp/p1q3b1/Q5Nn/2Pp4/P2P4/1P3PPP/R3R1K1 b - - 1 26,h5f4 a5e5 c6f6 e5f4 f6f4 g5e6 g7f7 e6f4,1984,75,94,8542,attraction crushing fork middlegame sacrifice veryLong,https://lichess.org/7lmYKSs9/black#52,
RQQmh,8/5p1p/8/3nBPPP/8/pk6/4K3/8 b - - 0 44,b3c2 g5g6 h7g6 f5g6 f7g6 h5h6,2082,95,83,24,crushing endgame long,https://lichess.org/mjjWuIEn/black#88,
lSoZU,r1b2rk1/1pp3bp/n2p2q1/p1nPp3/2P1P3/2N1B3/PP2BP2/R2QK1NR w KQ - 0 14,d1d2 g6g2 e1c1 g2h1,1910,77,90,78,crushing master opening short,https://lichess.org/dGjT0a9P#27,Kings_Indian_Defense Kings_Indian_Defense_Semi-Averbakh_System
IpuuZ,r7/5p1p/k1r2p2/pRn1p3/2P1P3/8/5PPP/1R4K1 b - - 2 24,c5e4 b1a1 a6a7 b5a5,1962,74,93,1847,advantage endgame short,https://lichess.org/rsrZ4UqF/black#48,
GQKwv,5rk1/p5pp/5q2/2pp4/8/1P2P3/P2Nn1PP/R3Q2K b - - 3 21,d5d4 e1e2 d4e3 a1f1 e3d2 f1f6 d2d1r e2d1,2024,77,85,92,advantage endgame veryLong,https://lichess.org/VXQgosnO/black#42,
AD5gQ,r1b2k1r/ppp2pp1/3p4/3P3p/Q5nP/2PBqNK1/PP1N2P1/R6R w - - 1 17,a1e1 e3f2 g3f4 g4e5,2092,84,76,45,advantage middlegame short,https://lichess.org/x50NspNU#33,Ponziani_Opening Ponziani_Opening_Jaenisch_Counterattack
CP9Vq,6k1/1p3ppp/5n2/p2BN3/3Pn2q/5QPP/P6K/8 b - - 0 34,h4g3 f3g3 e4g3 d5f7 g8f8 h2g3,1910,75,95,12056,advantage endgame long,https://lichess.org/aDyb7Csv/black#68,
YQxVn,8/p7/1nKPk3/P7/1P6/8/8/8 b - - 0 47,b6d7 b4b5 d7e5 c6c7,1941,75,84,131,crushing defensiveMove endgame knightEndgame quietMove short zugzwang,https://lichess.org/r5di81tu/black#94,
Q9PzJ,1K6/P7/3k4/3b2pp/3P4/5pPB/7P/8 w - - 2 42,a7a8q d5a8 b8a8 g5g4 h3f1 d6d5 f1b5 d5d4,1995,75,89,434,crushing endgame veryLong,https://lichess.org/jJyGVfan#83,
4Yd0R,r4rk1/pppN1ppp/5q2/3b4/3n4/7P/PP1N1PP1/R2QR1K1 b - - 1 15,f6g5 d2e4 d5e4 e1e4,2045,75,83,90,advantage middlegame short,https://lichess.org/DeVl6hte/black#30,Italian_Game Italian_Game_Classical_Variation
3SGmQ,r2qr3/2pk1p1p/p3b1p1/1p4b1/3P1Q2/2P5/PPBNRP1P/4R2K w - - 3 22,f4g3 g5d2 e2d2 e6d5,2056,74,94,13136,crushing middlegame short,https://lichess.org/zTHJptHx#43,
j2oGJ,7k/p4Brp/1qp1N3/1b6/5Q2/P2p3P/1r3PP1/R5K1 b - - 2 28,g7f7 f4f7 b6f2 f7f2 b2f2 g1f2,2089,76,85,298,advantage hangingPiece long middlegame,https://lichess.org/evT5O75N/black#56,
UJgnt,r2q1knr/1pp2Bpp/1pnp4/4p3/4P1b1/3P1N2/PPP2PPP/R1BQK2R w KQ - 1 9,h2h3 g4f3 d1f3 c6d4 f3d1 f8f7,1936,75,94,3268,opening,https://lichess.org/qX7Sdb4b#17,Kings_Pawn_Game Kings_Pawn_Game_Busch-Gass_Gambit
D8ORE,1r2r1k1/1p4pp/3P1qn1/pPR1pb2/P1N2p2/5B2/5PPP/3QR2K w - - 1 28,c4e5 g6e5 d1d5 e5f7,2097,79,89,892,advantage master masterVsMaster middlegame short,https://lichess.org/VFgpHGhm#55,
ETTXs,r1b2rk1/p1q1bppp/2p1pn2/4N3/2B2B2/P7/2Q2PPP/R3R1K1 b - - 4 17,f6d5 c4d5 e6d5 e5g6 h7g6 f4c7,1978,75,86,162,crushing discoveredAttack long middlegame,https://lichess.org/QOnaQeTT/black#34,Sicilian_Defense Sicilian_Defense_Old_Sicilian
Whhg0,4r1k1/ppp4p/6p1/4n1B1/2P5/8/PPPKNr1P/R3R3 w - - 6 25,g5f4 e5f3 d2d3 f3e1 a1e1 f2f4 e2f4 e8e1,1926,75,83,76,crushing discoveredAttack fork middlegame veryLong,https://lichess.org/HXjLSlYi#49,
jPD51,2r3k1/p4pbp/1p2r1p1/3Q4/2B2p1q/2P2P1P/PP3P1K/3R1R2 w - - 7 30,d5d7 c8c4 d7d8 h4d8 d1d8 g7f8,1993,84,92,52,advantage hangingPiece long middlegame,https://lichess.org/VjEnE45D#59,
9tQUk,2r1r2k/5qpp/p2N4/1p2p3/2p3QP/P5P1/1P3P2/3R2K1 b - - 1 30,f7c7 d6e8 c8e8 d1d7 c7d7 g4d7,1942,78,91,1935,advantage clearance endgame long,https://lichess.org/IA7G2C5k/black#60,
sPNxp,8/5k1p/1K3P2/pp6/1n6/1P5P/1B6/8 b - - 1 52,a5a4 b6b5 b4d3 b3a4 d3b2 a4a5,2011,75,95,10217,capturingDefender crushing defensiveMove endgame long master,https://lichess.org/HlV78xQJ/black#104,
rinGU,8/5R2/1p4p1/p3P2p/3PK3/1r4k1/8/8 b - - 2 37,b3b1 f7f3 g3g4 e5e6 b1e1 f3e3,2077,76,93,1525,crushing endgame long rookEndgame,https://lichess.org/gYvCU0tC/black#74,
2O1Fe,8/3K4/8/4kpp1/5pP1/5P2/5P2/8 w - - 0 50,d7e7 f5g4 f3g4 f4f3,1980,76,89,119,crushing endgame pawnEndgame short,https://lichess.org/AnqN8YPg#99,
kus89,6k1/Rb3pbp/4p1p1/1p2P1P1/1P1p1q2/1N5P/2Q5/7K w - - 0 43,a7b7 f4f1 h1h2 g7e5,1916,82,92,8441,endgame mate mateIn2 short,https://lichess.org/IREjAaE9#85,
uRw4P,2r3k1/1Q3pp1/4p2p/p1p1P3/2R2PK1/1P2R1P1/r6P/5q2 b - - 5 29,f7f5 e5f6 f1d1 e3f3 g7f6 b7c8,1989,84,79,44,crushing enPassant endgame long,https://lichess.org/R1dmHOEd/black#58,
7TjRB,r1bk3N/pppp3p/2n5/3B4/4Ppnq/2N3p1/PPP1QbPP/R1B2K1R w - - 7 14,h2h3 g4h2 h1h2 g3h2 e2f2 h2h1q,2063,77,92,1983,advancedPawn crushing long middlegame promotion,https://lichess.org/MTe9tHqQ#27,Kings_Gambit_Accepted Kings_Gambit_Accepted_Salvio_Gambit
OgpXG,8/5p2/6kp/3pP1p1/3P2K1/6P1/7P/8 w - - 2 48,h2h4 h6h5 g4f3 g5h4 g3h4 g6f5 f3e3 f5g4 e5e6 f7e6,2091,77,94,4129,crushing deflection endgame pawnEndgame veryLong zugzwang,https://lichess.org/FMpoxu8P#95,
olaur,rn2k2r/pp3ppp/3bpn2/2p5/1q3Pb1/2NP1N2/PPP1B1PP/R1BQK2R b KQkq - 7 11,d6f4 a2a3 b4b6 c1f4,2001,76,90,503,advantage opening short,https://lichess.org/WPcgLYmJ/black#22,Sicilian_Defense Sicilian_Defense_McDonnell_Attack
BLLWK,8/5k1p/p1B3pb/4B3/1pp5/3r4/1PKp1PPP/R6R w - - 0 30,a1a6 d2d1q h1d1 b4b3 c2b1 d3d1,2072,75,96,1236,advancedPawn deflection endgame long mate mateIn3 promotion,https://lichess.org/qDlyn5kd#59,
tpZxp,r1r3k1/5p1p/p2p2pP/2nP4/1p4P1/1Pq5/P1P1B1Q1/1K1R3R w - - 1 24,h1f1 c5a4 b3a4 c3c2,1973,87,74,38,crushing middlegame queensideAttack quietMove sacrifice short,https://lichess.org/gZh8brRh#47,
Ii9Cc,r1bq1rk1/pp3ppp/2n1pn2/2bp4/3N4/2P3P1/PP1NPPBP/R1BQR1K1 w - - 5 10,d4b3 c5f2 g1f2 f6g4 f2g1 g4e3,2076,79,82,64,attraction crushing kingsideAttack long opening sacrifice,https://lichess.org/HPHF3KHJ#19,Queens_Pawn_Game Queens_Pawn_Game_Symmetrical_Variation
0QBxk,6k1/6p1/p2p1p1p/3rbP2/1PQ5/P1p4R/3q2PP/4R2K w - - 3 39,c4c8 g8h7 e1g1 c3c2 c8e8 d2g5,2009,74,93,8080,advancedPawn crushing endgame long,https://lichess.org/diHhcy0M#77,
ftCXf,r4rk1/p4p2/1p4p1/3Q3p/7q/5RP1/PPP2P2/2KR4 b - - 0 21,a8d8 g3h4 d8d5 d1d5,2073,81,65,37,crushing endgame short,https://lichess.org/IaF43zBt/black#42,
qWLiD,4rr2/p2R2kp/1p4p1/2p5/2Q1n3/1P2q2P/P4NP1/5RK1 b - - 2 28,g7h6 d7d3 e3f2 f1f2,1964,75,93,3568,crushing middlegame short,https://lichess.org/xfA1IEyP/black#56,
Icam7,r3r1k1/pp3ppp/3b1q2/nBp5/3P1p2/2P2N1P/PP1Q2P1/2KRR3 b - - 1 19,a5c6 e1e8 a8e8 d4d5 e8d8 d5c6,2081,75,87,216,advantage long middlegame,https://lichess.org/DCLeI6tU/black#38,Kings_Gambit_Accepted Kings_Gambit_Accepted_Fischer_Defense
lpUO1,1r3rk1/5p2/2p2Qp1/p4b1p/4P2P/P3qP2/4N1P1/3RK2R w K - 0 26,e4f5 f8e8 e1f1 e3e2,1963,76,92,1289,crushing master middlegame quietMove short,https://lichess.org/iqEmfkCO#51,
cLW5J,r3r1k1/1bp2p1p/pp1bq3/2p2p2/4P3/P1NP1QPP/1PP1BP2/2KR3R w - - 0 19,e4f5 e6h6 c1b1 b7f3,2088,76,87,365,crushing middlegame short,https://lichess.org/2avQ0McZ#37,Russian_Game Russian_Game_Stafford_Gambit
mRTjD,8/4r2p/1pK2p1k/p4P2/8/P1Br4/1P6/6R1 b - - 1 43,d3f3 c3f6 e7e3 f6g5 h6h5 g5e3,1929,74,94,3060,advantage endgame exposedKing fork long,https://lichess.org/5Cu4oHBj/black#86,
M7crC,5rk1/pp4pp/2p5/3p4/3q1PnQ/1BNPr3/PPP4P/5R1K b - - 4 24,f8f4 h4d8 g8f7 d8c7 f7g6 c7f4 d4f4 f1f4,2094,76,89,889,advantage middlegame veryLong,https://lichess.org/JBuL7cF2/black#48,
9amuX,8/8/4p1kP/3p1n2/R5NP/8/1r6/4K3 b - - 0 53,b2g2 h4h5 g6g5 h6h7,2014,78,92,264,advancedPawn crushing endgame short,https://lichess.org/zJ7Zz7zP/black#106,
Log1j,2r2r2/1bp2pbk/pp4pp/4q3/4P3/P1N1B3/1PP2QPP/R2R2K1 b - - 1 24,b7e4 e3d4 e5f5 d4g7 h7g7 f2d4,1957,80,82,42,advantage attraction long middlegame,https://lichess.org/MB5yA9lM/black#48,
cXOxs,rn2k1nr/ppp2p2/4p1pp/3P4/3P1b1q/2P2P1P/PP4BP/RNBQ1RK1 b kq - 0 9,e6d5 d1e1 h4e1 f1e1 e8d7 c1f4,2037,84,91,2687,crushing long opening,https://lichess.org/xvsn43rO/black#18,Amar_Opening Amar_Opening_Other_variations
6eMJd,8/1Q6/P4pkp/3P2p1/5qP1/3RbP2/8/5K2 w - - 3 55,b7b1 f4f3 f1e1 f3h1 e1e2 h1b1,1923,75,95,8344,crushing endgame exposedKing long skewer,https://lichess.org/01uLxuEv#109,
7xLo3,2k2Q2/1p1r3p/p5p1/2p2p2/2P1pN2/1P2P2P/P2q1PPK/8 b - - 9 30,c8c7 f4e6 c7b6 f8c5,1970,79,87,923,endgame mate mateIn2 short,https://lichess.org/n6dQ2Mst/black#60,
nTiXL,k2r3r/5p2/p2P4/3q4/6p1/B5P1/P4Q1P/1R4K1 b - - 0 32,d5c6 b1b6 h8h2 b6c6 h2f2 g1f2,1979,74,93,7027,crushing endgame long,https://lichess.org/o33uVX8b/black#64,
lcJeK,rnb1kb1r/pp2pppp/5n2/2p5/8/2P2Q2/PPBP1PqP/RNB1K1NR b KQkq - 1 6,c8h3 f3h3 g2h3 g1h3,2000,75,82,262,opening,https://lichess.org/hhNxOoF6/black#12,Sicilian_Defense Sicilian_Defense_Alapin_Variation
7rqtI,8/7p/p7/3pk1p1/3R1rP1/PP2K2P/8/8 w - - 1 38,d4f4 g5f4 e3d3 d5d4 b3b4 f4f3 h3h4 e5f4,2002,77,94,3169,endgame,https://lichess.org/NLRDbfTU#75,
hKExk,8/8/6p1/5q1k/7P/4Q3/4K3/8 w - - 4 64,e3g3 f5g4 e2f2 g4h4 f2f3 h4g3 f3g3 h5g5,2056,74,93,3302,crushing defensiveMove endgame exposedKing queenEndgame veryLong zugzwang,https://lichess.org/4EhIbEG5#127,
4fEfj,7R/B1k1bp2/3pbp2/1p2p3/2n1P3/1P3P2/P1P5/2K5 b - - 0 24,c4b6 a7b6 c7b6 h8e8 f6f5 e8e7,2043,74,94,3117,advantage endgame long trappedPiece,https://lichess.org/Q8QxZTcc/black#48,
rpHBA,3q2k1/6pp/1pP1pp2/rP6/2QP4/5NPP/5P1K/8 b - - 3 31,g8f7 c6c7 d8c8 d4d5 e6d5 c4d5 f7e7 d5e4 e7d6 e4c6,2067,121,38,11,advancedPawn crushing endgame veryLong,https://lichess.org/Q4LKcPfB/black#62,
sUFGt,6k1/1Q1p1pp1/3pbq1p/P7/2r5/6B1/5PPP/4R1K1 b - - 0 27,c4a4 b7c8 g8h7 c8c2 g7g6 c2a4,1907,78,94,15245,crushing endgame fork long,https://lichess.org/t1KVImbo/black#54,
LV775,8/2k5/Pn5R/8/8/2B1pr1p/1KP5/8 w - - 0 43,c3d4 b6c4 b2c3 e3e2 c3c4 e2e1q,1966,77,96,2742,advancedPawn crushing discoveredAttack discoveredCheck endgame long promotion,https://lichess.org/OE0R230A#85,
kkSha,N5k1/pp3pp1/6qp/8/8/5B1b/PP3brP/2RQ1R1K w - - 0 20,d1e2 g2h2 h1h2 g6g3 h2h1 h3g2 f3g2 g3h4 g2h3 h4h3,2029,78,92,585,attraction fork mate mateIn5 middlegame sacrifice veryLong,https://lichess.org/BSoRq2vj#39,
9NAVx,r2q1rk1/pppn1pp1/3nb2p/3pN1b1/3P4/2NBB3/PPPQ1PPP/R4RK1 w - - 7 14,c3d5 e6d5 e3g5 h6g5,2013,76,85,230,advantage hangingPiece middlegame short,https://lichess.org/9skXNbpv#27,Russian_Game Russian_Game_Other_variations
Cn4YB,8/8/p1r4r/2p2Qpk/2P4p/1P5P/P7/6K1 b - - 0 42,a6a5 f5f3 h5g6 f3c6,1957,77,96,1854,crushing endgame interference queenRookEndgame short,https://lichess.org/MmsqOwhn/black#84,
hiavJ,5rk1/4Qppp/2B5/q2P2PP/2n2Pb1/p1N5/2P1N3/2KR3R w - - 1 28,g5g6 a3a2 g6f7 f8f7 e7d8 a5d8,1999,78,93,3561,advancedPawn crushing long middlegame,https://lichess.org/ZM6IBUkO#55,
X4Wfb,5rk1/pbr3qR/1p2p1P1/4N1Q1/3Pp3/1P2Pp2/P4P2/3K4 b - - 4 31,g7f6 g5f6 f8f6 h7c7,2044,75,94,484,advantage middlegame short,https://lichess.org/39rgdYO2/black#62,
N5cvc,5n1k/ppr3r1/2pp1q1p/7Q/2PP4/1P2PBP1/P4PK1/7R b - - 4 31,f8e6 h5h6 f6h6 h1h6 g7h7 h6e6,1956,76,94,12319,advantage exposedKing fork long middlegame,https://lichess.org/9Bnrfnqe/black#62,
SjtRS,5rk1/pp5p/6pR/q1pPp1P1/8/3QK3/PP3rP1/R7 b - - 1 22,g8g7 a1h1 f8h8 e3f2,2046,106,50,21,crushing endgame quietMove short,https://lichess.org/nzBiG0Ju/black#44,
atHfD,r1r3k1/pb1p1pbp/2n1pB1q/2R1P3/P2P2QN/8/5PPP/4R1K1 b - - 8 22,g8h8 f6g5 h6g5 g4g5,1902,76,83,119,advantage middlegame short trappedPiece,https://lichess.org/l6caB46F/black#44,
0pVwD,rn1q1r2/pb2bkpp/1p2pn2/2p2P2/2B1p3/1PN5/PBPP2PP/R2Q1RK1 b - - 0 11,b7d5 f5e6 d5e6 d1h5 f7g8 c4e6,2044,75,95,321,advantage deflection long opening pin,https://lichess.org/bJyrAtiB/black#22,Bird_Opening Bird_Opening_Dutch_Variation
w2jjP,1N1k4/p1p1n3/1q2p1p1/3pPpP1/2nP4/4B3/P3BKP1/5Q2 b - - 2 28,c4e3 f1h1 b6b8 h1h8 d8d7 h8b8,2023,79,86,39,endgame,https://lichess.org/DFd0EHLV/black#56,
6KEa2,r1b2rk1/pp2bppp/2nppn2/q7/2B1P3/2N1B3/PPPQNPPP/1K1R3R w - - 8 11,c3d5 e6d5 d2a5 c6a5,1966,76,92,3461,crushing master middlegame short,https://lichess.org/ooTTOBYH#21,Sicilian_Defense Sicilian_Defense_Smith-Morra_Gambit
xUdcQ,8/pp2n1QB/2k2r2/4p2P/3P4/3P4/q2KN3/6R1 w - - 0 41,d2e3 e7d5 e3e4 a2e2,1928,80,88,778,deflection mate mateIn2 middlegame short,https://lichess.org/vQZ5BHzq#81,
lbf5Q,5rk1/1p2Qp1p/p1r2np1/q3P3/2b5/2N4B/PPP4P/1K1R3R b - - 0 22,f8e8 e5f6 e8e7 f6e7,1952,94,89,54,advancedPawn crushing master middlegame short,https://lichess.org/jbEvgNAa/black#44,
Bwk0C,r1bq1rk1/pppp2b1/2n3Rp/7Q/3PP3/2P3P1/PP5P/RNB3K1 b - - 1 16,c6e7 g6g7 g8g7 c1h6,1923,77,92,551,attraction crushing kingsideAttack opening short,https://lichess.org/IxmKixtL/black#32,Kings_Gambit_Accepted Kings_Gambit_Accepted_Blachly_Gambit
W3NTd,5r1k/pp2Np1n/6p1/3p2q1/3P4/7R/PPr3PP/4RQK1 b - - 7 24,c2b2 e1e5 g5g2 f1g2 b2g2 g1g2,1919,75,86,477,crushing long middlegame,https://lichess.org/kJ0379lJ/black#48,
g8ZO9,r3k1nr/ppp2ppp/3p1q2/2b1p3/3nP1b1/2NQ1NP1/PPPP1PBP/R1B1K2R w KQkq - 5 8,e1g1 d4f3 g2f3 f6f3 d3f3 g4f3,1983,77,80,163,advantage kingsideAttack long opening,https://lichess.org/TljHktpc#15,Kings_Pawn_Game Kings_Pawn_Game_Busch-Gass_Gambit
XZNOn,r4rk1/pp3ppp/2n1b3/3pN3/1qpPn3/4B1P1/4PPBP/1R1Q1RK1 b - - 3 18,e4c3 b1b4 c3d1 e5c6 b7c6 f1d1,1996,76,90,93,advantage long middlegame,https://lichess.org/YkE21kAs/black#36,Tarrasch_Defense Tarrasch_Defense_Classical_Variation
cKqS7,r3r3/Bkp2p2/1p1p1bp1/1N1Pn2p/R6P/2R5/PPP5/2K5 b - - 2 27,e8e7 c3c7 e7c7 b5d6,1957,76,86,213,mate mateIn2 middlegame sacrifice short,https://lichess.org/xJM8YQcM/black#54,
w0P6x,3r2k1/5ppp/p2q4/1p1B1Pb1/8/4N2P/5P2/3Q1RK1 w - - 6 26,d1b3 g5e3 d5f7 g8f8 b3e3 f8f7,1934,79,92,597,advantage long middlegame,https://lichess.org/7mzhE8aj#51,
EuvqO,8/3r4/p7/1p2k1p1/1PBp2K1/P1n3P1/3R1P2/8 w - - 0 52,f2f4 g5f4 g3f4 e5e4,1951,79,17,40,advantage endgame master short,https://lichess.org/uSVKOxnK#103,
5byPS,8/2r4p/1p2p1pP/3p1kP1/2rP1P2/2P1RR2/8/6K1 b - - 4 32,b6b5 g1g2 f5g4 f3g3,2079,87,86,34,crushing endgame master masterVsMaster rookEndgame short,https://lichess.org/1DWEVdp6/black#64,
jpRM5,N4rk1/bp4pp/p1np1n2/4p3/2P2P2/P2P1NPq/1P3P2/R1BQ1RK1 w - - 0 16,f3g5 h3g3 g1h1 g3h4,2061,75,86,93,advantage kingsideAttack master masterVsMaster middlegame pin short,https://lichess.org/I0J87zZ3#31,English_Opening English_Opening_Kings_English_Variation
awsIW,r4rk1/pp4pp/2p2p2/5N2/2P1Q3/3B3P/Pq3PP1/b2K3R b - - 4 22,a8d8 f5h6 g7h6 e4h7,1919,72,96,16259,discoveredAttack kingsideAttack mate mateIn2 middlegame sacrifice short,https://lichess.org/lFtOSxK2/black#44,
wtdFu,1r6/8/1r6/2R1p2p/1P3pkP/8/5PK1/1R6 b - - 5 38,g4h4 c5e5 f4f3 g2f3,2052,90,87,26,crushing endgame rookEndgame short,https://lichess.org/rixs9Aiw/black#76,
qbwQj,8/1p6/P2K4/k2n4/8/8/8/8 w - - 1 55,d6d5 a5a6 d5c4 a6a5 c4b3 a5b5,1908,75,89,104,crushing defensiveMove endgame long pawnEndgame,https://lichess.org/qe3AXcC9#109,
RA68g,6r1/1p1bq2k/p6p/7Q/3BP2p/1PPR1P2/P7/6K1 w - - 1 38,g1f2 g8g5 h5h4 g5g2 f2g2 e7h4,1904,77,88,47,advantage discoveredAttack endgame long,https://lichess.org/FDtag29R#75,
Shz5O,5rk1/6p1/1p6/p6q/P1P1QP2/1P2P3/3p3P/R5K1 w - - 1 31,e4d5 h5d5 c4d5 f8c8 a1d1 c8c1,1930,73,94,7651,crushing endgame long pin quietMove,https://lichess.org/Z2ljksJ1#61,
SvUzZ,1r4k1/1P2p1bp/6p1/2P2p2/4p3/4B1P1/5PKP/R7 b - - 0 31,g7a1 c5c6 a1e5 e3f4 e5f4 g3f4,2063,75,65,60,advantage endgame long master,https://lichess.org/n1sPPXNj/black#62,
zPonD,6k1/6p1/p5qp/1p1Rprb1/8/PP3QPP/2P4K/3R4 w - - 0 29,f3g4 f5f2 h2g1 g6c2 d5d2 f2d2,1944,134,69,32,crushing discoveredAttack endgame long,https://lichess.org/SxR99vlz#57,
h6OY0,3rr1k1/1p2q2p/p3pp2/3PQ3/1P4b1/P5P1/1B3PBP/3R2K1 w - - 0 29,e5f6 e7f6 b2f6 g4d1,1907,74,93,514,advantage middlegame short,https://lichess.org/bDyUNup2#57,
JZeP8,6k1/1p3p2/p1p3pp/P3p3/P3Pb2/2q2PNP/B3QP2/7K w - - 0 27,e2c4 c3f3 h1g1 f4g3,2076,74,87,268,advantage endgame kingsideAttack short,https://lichess.org/A77x4eQ1#53,
JSzm6,3r1rk1/p2n2pp/4pp2/1Q6/2R1q3/5N2/PP3PPP/3R2K1 b - - 2 19,e4e2 d1d2 e2d2 f3d2,1954,114,22,24,advantage middlegame short trappedPiece,https://lichess.org/cKsk7dbN/black#38,Sicilian_Defense Sicilian_Defense_Marshall_Counterattack
8lNeH,r2k3r/1pq3pp/p3Qn2/4p3/8/1Bn5/PPP3PP/R3K2R b KQ - 0 17,c3e4 e1c1 f6d7 d1d7 c7d7 h1d1,1944,76,96,9292,advantage castling discoveredAttack discoveredCheck exposedKing fork long master middlegame pin sacrifice,https://lichess.org/pG2yxI0U/black#34,Sicilian_Defense Sicilian_Defense_Najdorf_Variation
9VM9R,8/N7/8/P1k2pp1/1Nb1p1n1/4P1P1/3K4/8 w - - 4 44,a7c6 c4b5 c6d4 c5b4,1915,78,93,11857,advantage endgame master short,https://lichess.org/yGoQxFXn#87,
Mu6VR,2r5/pp2Rp1k/3p1Ppp/3p4/2r3qP/8/PP1Q4/K3R3 b - - 3 30,g4d4 e7f7 h7g8 f7g7 g8f8 d2h6,1945,78,92,664,crushing endgame long,https://lichess.org/fjBY8F8e/black#60,
TMkSv,8/8/3pk3/R7/2P5/p3K3/5P2/r7 w - - 0 46,f2f4 a3a2 e3f2 a1h1 a5a2 h1h2 f2f3 h2a2,1967,74,96,1372,advancedPawn crushing endgame quietMove rookEndgame skewer veryLong,https://lichess.org/Hcpo4guY#91,
OXTFk,5r1k/6pp/p3Q3/1q2p2P/5BP1/1P3P2/P5K1/3R4 w - - 1 33,f4e5 b5e2 g2h3 f8f3 e5g3 e2e6 d1d8 e6g8,1966,81,93,517,advantage deflection endgame fork veryLong,https://lichess.org/SMMTwWvI#65,
gVA71,8/1R3p1p/1p1rbkp1/p7/8/P4P2/1PB3PP/2K5 w - - 4 33,c2e4 e6b3 e4c2 d6c6,1921,76,89,113,crushing endgame pin quietMove short,https://lichess.org/9xIvGc8u#65,
IV4RO,1r6/6p1/4Pk2/4R3/6Pp/5K1P/8/8 w - - 3 60,f3f4 g7g5 e5g5 b8b4,1945,77,91,277,crushing endgame rookEndgame short,https://lichess.org/6BdbzkED#119,
8Gm3k,r2q3r/3nk1p1/2p1pnQ1/pp4Np/3PN2P/8/PPP2PP1/2KR4 b - - 3 19,f6e4 g6e6 e7f8 e6f7,1954,82,91,5163,fork mate mateIn2 middlegame short,https://lichess.org/RYjAPfvq/black#38,Caro-Kann_Defense Caro-Kann_Defense_Classical_Variation
hQ2BJ,8/7p/p3k3/2p1Pp2/2K4P/2P5/PP6/8 w - - 2 34,c4c5 e6e5 c5c4 e5e4 c4b3 f5f4,2059,79,92,1067,crushing defensiveMove endgame long pawnEndgame,https://lichess.org/5wcMNeIR#67,
AWmMW,rq4k1/5p2/6p1/1p1p4/1PrPpR2/2n1Q1N1/6PP/2R4K w - - 0 34,c1c3 c4c3 e3c3 b8f4,2048,81,91,1901,crushing middlegame short,https://lichess.org/yRsttQZR#67,
atLcJ,8/1p6/8/3k4/PPp4p/2P2K2/8/8 b - - 2 47,h4h3 a4a5 h3h2 f3g2 h2h1q g2h1,2002,74,85,141,crushing endgame long pawnEndgame quietMove,https://lichess.org/T7pWjcum/black#94,
s5PNj,2r2rk1/p4ppp/1qp1bn2/3p4/8/2NBR3/PPP2PPP/R2Q2K1 b - - 0 15,b6b2 a1b1 b2a3 c3d5,1939,81,75,45,advantage middlegame short,https://lichess.org/9rgrsBoz/black#30,French_Defense French_Defense_Exchange_Variation
TXiJ6,4R3/2Br2b1/1P4kp/2P3p1/P7/3b3P/4p1PK/8 b - - 0 39,g6f7 b6b7 d7c7 b7b8q c7e7 e8e7,1922,76,95,12764,advancedPawn advantage endgame long promotion,https://lichess.org/M6Cp0dV3/black#78,
GLQFk,4rrk1/1pp2ppp/1p1n1q2/4n3/6b1/2P2N2/PP1NBPPP/R2QR1K1 b - - 5 15,e8e7 f3e5 g4e2 d1e2,1904,77,93,2771,crushing middlegame short,https://lichess.org/hbQbOgeR/black#30,Russian_Game Russian_Game_Modern_Attack
8vJ1Q,5rk1/2r1qppp/p2p1n2/1p2p1B1/3n4/1BPQ3P/PP3PP1/3RR1K1 b - - 0 19,h7h6 g5f6 e7f6 c3d4,1995,78,92,2379,advantage middlegame short,https://lichess.org/9IUakuBj/black#38,Sicilian_Defense Sicilian_Defense_OKelly_Variation
iQaW9,1k1r4/1p6/2n5/3p4/1P1B4/1q3N2/4QK2/R7 w - - 5 35,e2b5 b3f3 f2f3 c6d4 f3e3 d4b5,1937,75,94,7893,advantage attraction exposedKing fork long middlegame sacrifice,https://lichess.org/NPkPDaXK#69,
ivYyg,4r1k1/1p3qpn/p1b2p2/2Qp1P2/3P1R1P/4rB2/PP4P1/5RK1 b - - 9 38,g7g5 f5g6 f7g6 f4g4,1917,76,84,126,crushing enPassant middlegame pin short,https://lichess.org/Job5CJvf/black#76,
aV0tQ,r2q4/pp2p1kp/3p2p1/2pP3n/4Pr1P/2N5/PPP1Q3/1K4RR b - - 3 20,d8a5 e2h5 f4f1 c3d1 a5d2 h5g4,2020,76,84,73,crushing long middlegame pin,https://lichess.org/itwRcwjC/black#40,
qupNV,8/1pk5/p1p1p2q/5p2/3Ppb1r/2P2P1P/PP2Q1P1/R5RK w - - 1 30,g1d1 h4h3 g2h3 h6h3 h1g1 e4f3,1913,79,93,282,crushing endgame kingsideAttack long sacrifice,https://lichess.org/67fuMj3L#59,
6XGiY,r4rk1/pp3ppp/2n1bq2/8/1bB5/1QN1P3/PP3PPP/R3K1NR w KQ - 5 12,g1e2 b4c3 e2c3 c6a5 c4e6 a5b3,2038,78,84,284,advantage long middlegame,https://lichess.org/dd6PduTJ#23,Queens_Gambit_Declined Queens_Gambit_Declined_Tarrasch_Defense
cW1b1,8/6pk/p6p/8/2p5/2Pq1Q1P/P5P1/7K w - - 2 48,h1h2 d3f3 g2f3 h7g6 h2g3 g6f5,2075,76,94,2860,crushing defensiveMove endgame long queenEndgame,https://lichess.org/da4yeV7p#95,
t2SeE,2r5/6kp/4Q1p1/p4n1q/3p1P2/5P2/Pp5P/4R1RK w - - 1 36,e6c8 h5f3 g1g2 f5e3 c8h3 f3h3,1955,76,91,1286,crushing endgame long pin,https://lichess.org/JW2AVIIi#71,
RQ7tQ,3r1rk1/p7/1p2b1qp/2pnP3/P3p3/1P6/2Q1B1PP/3R1RBK b - - 0 23,d5f4 f1f4 d8d1 f4f8,2042,78,92,77,crushing kingsideAttack middlegame short,https://lichess.org/nc36vD6y/black#46,
dFP95,r2q1rk1/ppp1bppp/3p1n2/4p1B1/2BnP3/2NP3P/PPP2PP1/R2Q1RK1 b - - 8 10,f6e4 g5e7 e4c3 b2c3 d8e7 c3d4,1917,80,87,60,crushing long opening,https://lichess.org/ykyKLydN/black#20,Italian_Game Italian_Game_Other_variations
H1ZKn,2r5/2P5/5k2/p4P1p/P4Kp1/2R5/8/8 b - - 0 50,g4g3 c3c6 f6e7 f4g3,1995,78,92,923,crushing endgame rookEndgame short,https://lichess.org/rk5a2SMv/black#100,
IUVA9,r1b2r1k/ppp1b1p1/2n4p/5p2/2B1Q3/2B5/qPP2PPP/2KR2NR w - - 2 14,e4e7 a2a1 c1d2 a1d1 d2d1 c6e7,2014,75,96,651,advantage long opening queensideAttack,https://lichess.org/VJfzs9a0#27,Center_Game Center_Game_Berger_Variation
zOyfZ,r1b5/2qn1kp1/p1p3Bp/1p1p3P/3P1b2/8/PPP1QP2/R3K2R b KQ - 1 20,f7g8 e2e6 g8h8 e6e8 d7f8 e8f8,2053,99,83,30,kingsideAttack long mate mateIn3 middlegame,https://lichess.org/R2GCKyp8/black#40,
HUWIP,8/8/8/6k1/5Pp1/5r1p/P1R4P/6K1 b - - 0 57,g5f4 c2f2 f4e3 f2f3 g4f3 g1f1,1992,78,81,95,crushing defensiveMove endgame long master rookEndgame,https://lichess.org/v2dF2Ni9/black#114,
o9wez,r1bq2k1/ppp2rp1/2n4p/8/2Bp1Qn1/6P1/PPPN1P2/R3R1K1 b - - 0 16,d8f6 e1e8 g8h7 c4f7,1929,75,95,1097,advantage kingsideAttack middlegame pin short,https://lichess.org/bwi1ei0Q/black#32,Italian_Game Italian_Game_Scotch_Gambit
dVXUD,r4rk1/1b4bp/p3qpn1/1p3N1N/8/3P2Q1/PPp3PP/4RR1K b - - 1 23,e6c6 f5e7 g8h8 e7c6,1987,75,94,3337,advantage fork master middlegame short,https://lichess.org/KgPGGIjK/black#46,
wE8Yv,3r1rk1/pp3p1p/2n3p1/3Pb3/4N3/P3P2q/1P2B1N1/R2QR1K1 w - - 0 21,e2g4 h3h2 g1f1 f7f5,2071,84,92,3704,crushing master middlegame short,https://lichess.org/sU8A35K3#41,
BuvAB,2b2rk1/1pp1q3/3p2pp/3Pb3/1PPNp3/5B2/1Q3PPP/4R1K1 w - - 0 21,f3e4 e7f6 b2c2 e5d4,2062,76,87,250,crushing middlegame short,https://lichess.org/35VUpJNQ#41,
K7eyE,2r5/1Qpqk1pp/2p1p3/8/P7/1P6/2P3PP/5RK1 b - - 0 26,c8f8 b7b4 d7d6 b4d6 c7d6 f1f8 e7f8 a4a5,2081,81,92,10113,crushing defensiveMove endgame veryLong,https://lichess.org/JBu74tyS/black#52,
Dq80P,2r3k1/5ppp/1p2pn2/p2p4/q2P1P2/2RQ3P/1P1N1PP1/6K1 b - - 0 24,a4d1 d2f1 c8c3 d3d1,2025,77,84,203,advantage defensiveMove discoveredAttack endgame master short,https://lichess.org/HpcEzhxn/black#48,
pRXSl,4rrk1/p2n1ppp/8/4p3/7q/6RP/P1PB1P2/3QKR2 b - - 2 23,e5e4 d2g5 h4g3 f2g3,2089,76,92,739,crushing middlegame short trappedPiece,https://lichess.org/L95FyYKG/black#46,
Gv1ex,r2k3r/1p1q1p1p/p1b2np1/3p2N1/2B5/b1N5/2P1QPPP/R3R1K1 w - - 0 18,a1a3 h8e8 e2e8 f6e8,1960,75,91,344,advantage middlegame short,https://lichess.org/P6MTV4WO#35,Sicilian_Defense Sicilian_Defense_Wing_Gambit
gKWl4,r1b2r1k/ppp2pp1/8/4q3/3B1p2/3Q4/P4PPP/1R3RK1 b - - 1 20,c8f5 d3c3 e5d4 c3d4,1925,75,91,1534,advantage middlegame short,https://lichess.org/q4NqDZRH/black#40,
IwkSX,r1b2rk1/ppq4p/6p1/1PbpN3/P7/3B4/4QPPP/R4RK1 w - - 0 28,a1c1 f8f2 f1f2 c5f2 g1f2 c7c1,2099,80,90,949,crushing kingsideAttack long middlegame,https://lichess.org/LrWUI89y#55,
hlBHd,8/pb2kp2/3q1p2/4p2Q/8/1P1p1P2/P5PP/2R3K1 w - - 0 28,c1d1 d6c5 g1h1 c5c2,2004,115,77,12,advantage endgame short,https://lichess.org/xlCt9R4M#55,
CKemX,r4r2/pp1k3p/2q1p1n1/3pP1Q1/4N3/8/PPP2b2/2KR3R b - - 1 25,f2h4 h1h4 g6h4 g5g7 d7d8 g7f8,1964,86,80,42,advantage interference long middlegame pin sacrifice,https://lichess.org/dRyBoIPi/black#50,
BZiS5,8/5pk1/6p1/2q1n2p/2p1Q3/2P3PP/4BPK1/8 w - - 4 33,e4d4 c5d4 c3d4 c4c3 d4e5 c3c2,1955,76,95,5789,advancedPawn crushing endgame long master sacrifice,https://lichess.org/7YZmuNYd#65,
sTj67,8/8/8/5pp1/3k4/5KP1/5P2/8 w - - 0 41,g3g4 f5f4 f3e2 d4c3 e2d1 c3d3,2051,75,85,122,crushing defensiveMove endgame long pawnEndgame quietMove,https://lichess.org/JKcXPDdL#81,
MMACI,8/2BP4/5p1k/2K2Pp1/p5Pp/Pq5P/8/8 b - - 0 57,b3a3 c5c6 a3c3 c6b7 c3h3 d7d8q,1961,76,80,64,advancedPawn crushing defensiveMove endgame long promotion,https://lichess.org/rtCnYG5X/black#114,
nZwfC,rn2kb1r/p4ppp/2pq4/1p1N1b2/4p3/1B6/PPP1NPPP/R2QK2R b KQkq - 1 11,c6d5 d1d5 d6d5 b3d5,1966,78,85,122,advantage fork opening short,https://lichess.org/UdtSOtWb/black#22,Blackmar-Diemer_Gambit Blackmar-Diemer_Gambit_von_Popiel_Gambit
FdZHJ,1rb1k3/p5bp/1p1KP3/6Bp/8/8/1P1R2PP/8 b - - 4 31,g7f8 d6c7 c8e6 c7b8,1934,75,88,321,advantage defensiveMove endgame short,https://lichess.org/pAQYMX5I/black#62,
DVdsX,8/8/4p2p/1k1pP1pP/pp1Pp1P1/1P4b1/PB6/5K2 b - - 3 54,g3h2 b2c1 a4b3 a2b3 h2g3 c1g5,2093,74,95,3325,bishopEndgame crushing endgame long,https://lichess.org/Qi2xkVql/black#108,
4CM6E,1r4k1/2q1pp2/3p2p1/3P2P1/2p1PP2/2Nn3Q/P6R/6K1 b - - 0 31,c7c5 g1f1 c5d4 h3h7,1925,76,86,298,crushing defensiveMove endgame short,https://lichess.org/1hIHi4ry/black#62,
t8i2S,8/2k3p1/q2p1pP1/2n1pP2/p1P4r/2N2Q2/PR4K1/8 b - - 9 47,a6c4 c3d5 c7c6 b2b6,2028,78,78,45,crushing endgame master short,https://lichess.org/c9BTG1R5/black#94,
aAvVs,3r4/p3k1p1/Pp2ppp1/6B1/2B5/1PR3PP/5nPK/2Rr4 w - - 0 33,c1d1 d8d1 c3c1 f6g5 c1d1 f2d1,1960,76,85,98,advantage endgame long,https://lichess.org/IQTl3K0n#65,
yUQms,3r4/2Rn2pp/1p3p2/4p3/k1RbP3/P4P2/1P3P1P/6K1 b - - 6 29,a4b5 a3a4 b5a6 b2b4 b6b5 c4c6 d7b6 a4a5,1970,77,91,2781,crushing endgame quietMove veryLong,https://lichess.org/w7un6V0j/black#58,
G2UmE,6k1/1b3rpp/p2pp3/1p4q1/3Pp3/P1P1P1P1/1PQ1R1BP/6K1 w - - 0 26,g2e4 g5f6 e4h7 g8h8 e2f2 f6f2 c2f2 f7f2 g1f2 h8h7,2045,81,92,591,crushing endgame master veryLong,https://lichess.org/wgIdnvEn#51,
FzTZu,6k1/8/7P/p1p2p2/P2qp1b1/2Q5/1r4PR/R6K w - - 0 49,c3d4 c5d4 a1c1 b2b8,2066,80,69,39,crushing defensiveMove endgame short,https://lichess.org/Q5HxOjHk#97,
N1NeM,4r1k1/3p2pp/1p1rp2q/p2PQp2/2P2P2/1P2K3/5P1P/R5R1 b - - 3 25,h6f6 e5f6 e6d5 f6e5 e8e5 f4e5,1942,77,94,6396,crushing endgame long pin,https://lichess.org/VF1VrwSF/black#50,
Ms0MI,6k1/pp3pp1/6q1/2p5/P1PpNnNQ/1P2bP2/8/5K2 b - - 2 41,f7f5 h4d8 g8h7 e4g5 g6g5 d8g5,2057,78,90,314,advantage endgame long,https://lichess.org/VT7jRoaF/black#82,
3y9Qw,r3k2r/ppp1ppbp/3q4/3p1p2/1nPPnP2/1Q2PN2/PP1N2PP/R1B2RK1 b kq - 2 11,d5c4 d2c4 d6d5 b3b4 a7a5 b4b3,1983,76,92,367,crushing long middlegame,https://lichess.org/AewVNA8q/black#22,Queens_Pawn_Game Queens_Pawn_Game_Stonewall_Attack
tnT55,3Q4/pr3ppk/2p1p1np/8/4P3/P1B5/1P2qPPP/3R2K1 w - - 3 28,f2f3 g6f4 d8d2 b7d7 d2e2 f4e2 g1f2 d7d1,1986,75,92,1357,crushing endgame veryLong,https://lichess.org/HDqpDQL2#55,
kTbfl,r2qr1k1/ppb2p1p/2p1pnp1/2P3B1/3P4/3B1P2/PPQ2PR1/2KR4 b - - 1 17,d8d4 d3g6 c7f4 c1b1 d4d1 c2d1,1930,80,79,57,advantage long middlegame,https://lichess.org/2goszAZ2/black#34,Queens_Gambit_Declined Queens_Gambit_Declined_Marshall_Defense
YAoHQ,2r2rk1/qb2bppp/p3pn2/P7/1pBN4/1P2P3/1B2QPPP/R1R3K1 b - - 4 19,f6e4 d4e6 f7e6 c4e6 g8h8 e6c8,1995,78,90,1156,crushing fork long middlegame,https://lichess.org/lVQZhGup/black#38,Semi-Slav_Defense Semi-Slav_Defense_Accelerated_Move_Order
Ku9XQ,8/p5k1/5bp1/4pp2/3q4/1P1N4/2KQ4/2R5 w - - 0 38,d3b4 d4d2 c2d2 f6g5 d2c2 g5c1,1909,90,49,38,advantage attraction endgame long master skewer,https://lichess.org/cmF8ITDT#75,
tdukz,r2q1k1r/pp4pp/1bp2n2/3pp1N1/3nP1b1/1BPPB3/PP3PPP/RN1Q1RK1 w - - 1 11,f2f3 d4b3 e3b6 d8b6 g1h1 b3a1,2090,81,88,925,advantage long middlegame,https://lichess.org/56PK0B5k#21,Italian_Game Italian_Game_Two_Knights_Defense
zHm9N,3nnrk1/1bqr3p/p3p1BQ/1pb3N1/5PP1/P1B5/1PP2R1P/4R1K1 b - - 0 27,h7g6 h6h8,1919,81,76,744,master mate mateIn1 middlegame oneMove,https://lichess.org/ixgA6Q4U/black#54,
3LX6V,r1br1bk1/1p3p2/2n2PB1/p3p3/2Pp2Pq/PP4N1/1BQP2K1/4RR2 b - - 0 26,c8g4 f1h1 g4f3 g2f3,2042,122,23,14,crushing middlegame short,https://lichess.org/ptaOw9Qy/black#52,
PLKgb,r4rk1/ppp1qpp1/2n1p3/6bR/3P2P1/P1N4Q/1P3PK1/R7 b - - 3 22,f7f6 h5h8 g8f7 h3h5 g7g6 h8h7,1922,74,87,90,crushing kingsideAttack long middlegame,https://lichess.org/S8N97TQA/black#44,
djfho,r3r1k1/pb3pp1/1p1N2qp/1Q6/1P1p4/4nPB1/PP4PP/3R1RK1 w - - 12 22,d6b7 g6c2 g3f2 e3d1,1969,75,96,631,crushing middlegame short,https://lichess.org/qfHDTYGw#43,
02D5t,4r1k1/p1p3pp/2Q5/8/1q6/3r3P/PB4P1/2R4K b - - 0 31,e8d8 c6e6 g8h8 b2g7 h8g7 c1c7 d3d7 c7d7 d8d7 e6d7,2033,75,87,574,advantage attraction endgame veryLong,https://lichess.org/Cezdw21w/black#62,
6ZAln,2k4r/2r2ppp/p1q1p3/1pbpP1P1/3B3P/1PR1PQ2/P1P1N3/2K5 b - - 8 24,c6b6 c3c5 c7c5 b3b4 c5c2 c1c2,2072,76,84,101,advantage long middlegame sacrifice,https://lichess.org/XDCSIBBN/black#48,
eGpKt,r4r2/1p3pk1/p1p5/3pPR1p/1P1Pn2q/P3PQ1P/2P3P1/5RK1 b - - 2 29,g7g8 f5h5 h4g3 f3g3 e4g3 h5g5 g8h7 g5g3,2080,76,92,686,advantage fork middlegame veryLong,https://lichess.org/bnD9sZSb/black#58,
mX9tw,r1b1k2r/n1p1q1p1/1pPb1p2/pPnp3p/3N1P2/P2BP3/1B1N2PP/R2Q1RK1 w kq - 2 16,d1c2 e7e3 g1h1 e3d3,1998,75,82,377,advantage kingsideAttack middlegame short,https://lichess.org/tKAXtzyM#31,Queens_Gambit_Declined Queens_Gambit_Declined_Other_variations
YtkDN,5rk1/5pp1/6np/p3p3/PrN1R3/8/5PPP/4R1K1 w - - 2 30,c4e5 b4e4 e1e4 f8e8,1961,76,91,784,advantage endgame short,https://lichess.org/Fz0IwO6e#59,
0mlD6,8/8/4knpp/p1p5/2Pp1P2/P2K2PP/8/3B4 w - - 2 36,d1g4 f6g4 h3g4 h6h5 g4h5 g6h5,2014,79,68,50,crushing endgame long,https://lichess.org/wsQBOCeq#71,
JpxNK,1k5r/ppq2pp1/1b3n2/3rpQB1/1P6/8/P3BPPP/R4RK1 w - - 0 20,a1c1 e5e4 c1c7 d5f5 c7f7 f5g5,1985,75,86,266,advantage discoveredAttack long middlegame quietMove,https://lichess.org/vDqEoqQi#39,
8tNDb,r5k1/6pp/p1q4r/4B3/1pP2NP1/8/4Q3/2R2RK1 w - - 5 33,g4g5 h6h1 g1f2 h1h2 f2e1 h2e2,1978,75,88,146,crushing exposedKing long middlegame skewer,https://lichess.org/Gr6H0Vwf#65,
7w5xN,8/8/6Kp/6p1/7k/8/6PP/8 b - - 5 43,h6h5 g6f5 g5g4 f5f4 g4g3 h2g3,1992,77,79,118,endgame long mate mateIn3 pawnEndgame zugzwang,https://lichess.org/LQivfiPB/black#86,
k3DtW,r3r1k1/p3qp1p/2B5/6p1/1Pn1nQb1/2P5/P2P2PP/RNB2KNR w - - 0 19,f4e4 e7f6 g1f3 e8e4,1918,76,88,152,crushing discoveredAttack middlegame short,https://lichess.org/BX4QbYnP#37,Kings_Pawn_Game Kings_Pawn_Game_Wayward_Queen_Attack
7wy6S,8/8/7p/6p1/2b1k3/R2p1p1P/3K2P1/8 w - - 0 43,a3a4 f3g2 a4c4 e4f3,2064,77,80,45,advancedPawn crushing defensiveMove endgame master sacrifice short,https://lichess.org/kfPUqJLf#85,
3Gmuq,8/1p6/5kpp/1p2p2P/1Pp1P1K1/P1P5/6P1/8 b - - 0 38,b7b6 h5g6 f6g6 g4h4 h6h5 g2g4 h5g4 h4g4,2026,105,14,66,crushing endgame pawnEndgame veryLong zugzwang,https://lichess.org/FQvyGpNE/black#76,
8XhLu,8/4k1K1/3n4/8/6PP/8/8/8 b - - 2 47,d6f7 h4h5 f7e5 h5h6 e7e6 h6h7,2007,82,84,36,advancedPawn crushing endgame knightEndgame long quietMove,https://lichess.org/bSEmEYFM/black#94,
IkobH,8/1p1k4/3p4/4p3/2P4P/1P2B1P1/r7/4K3 b - - 0 31,a2g2 e3f2 g2h2 e1f1 h2h1 f2g1 h1h4 g3h4,1980,76,87,81,crushing defensiveMove endgame quietMove veryLong,https://lichess.org/43hIgPZu/black#62,
PD2jo,8/1pBr1ppk/p2P1b1p/5N1n/8/7P/PP4P1/4R1K1 b - - 9 29,h5f4 e1e7 f6e7 d6e7 d7e7 f5e7,1918,75,87,78,advancedPawn crushing endgame long sacrifice,https://lichess.org/q6d3qJNf/black#58,
A3xf4,4r1k1/q4ppp/2N5/1PrPp3/4P1n1/2n2N2/4Q1PP/R4R1K w - - 2 30,e2d3 a7a1 f1a1 g4f2 h1g1 f2d3,1980,75,87,156,crushing fork long middlegame sacrifice,https://lichess.org/BTYzTJvK#59,
TjcCB,8/8/p7/3k4/PP2ppp1/6P1/4KP2/8 b - - 0 39,f4g3 f2g3 d5c4 b4b5 a6b5 a4b5 c4b5 e2e3 b5c5 e3e4,2038,75,95,2157,crushing endgame pawnEndgame veryLong,https://lichess.org/fEP28iZI/black#78,
RhSOb,1rb3k1/1p6/2n1p2r/2PpPp1p/3P1Pp1/R2B2P1/2N4P/R5K1 b - - 3 33,h5h4 a3a8 h4g3 h2g3 b8a8 a1a8,2054,74,84,286,crushing long middlegame pin,https://lichess.org/dh9NjVDl/black#66,
O5wN3,3r2k1/1R1b2pp/3P4/p1r2p2/8/6P1/6BP/4R1K1 b - - 4 31,c5c2 g2d5 g8f8 e1e7,2035,80,92,2885,crushing endgame master short,https://lichess.org/553cNUKC/black#62,
o8yUM,r3r1k1/pp3pp1/7p/3N4/1PB3b1/P1b5/2P2PPP/1R3RK1 w - - 1 21,d5c7 e8c8 c7a8 c8c4,1979,75,76,426,advantage middlegame sacrifice short,https://lichess.org/8U2FUUli#41,
IkVbi,r2q1r2/1pp4k/2n2npP/p1b1p1B1/4P1B1/2P5/PP3P1R/RN1QK3 b Q - 0 21,c5f2 h2f2 d8d1 g4d1,1958,75,95,5397,advantage hangingPiece middlegame short,https://lichess.org/LwuYljAI/black#42,
1jy1Z,8/8/p4k2/6p1/2p2pK1/2P4P/1P4P1/8 b - - 4 50,f6g6 h3h4 g5h4 g4f4 a6a5 f4g4,2055,76,92,3515,crushing deflection endgame long pawnEndgame,https://lichess.org/3rEnlI0m/black#100,
KB81K,r5k1/pp1b2pp/8/3p3r/3n1pNq/1B3P2/PP2Q1PP/R3R1K1 w - - 0 24,b3d5 h5d5 e2c4 d7c6,1989,81,80,37,crushing defensiveMove hangingPiece middlegame short,https://lichess.org/HEdAR5Tf#47,
VqUaB,3rQ1k1/3P2p1/1p3q1p/p7/8/8/7P/6RK b - - 5 37,f6f8 g1e1 d8d7 e8d7,1967,75,93,1872,crushing endgame quietMove short,https://lichess.org/okWhuFSh/black#74,
6DgYf,r3N3/1p1b4/3Np3/3pq2p/k7/P5PP/8/3Q3K b - - 3 37,a4a5 d1d2 a5a6 e8c7 a6b6 c7a8,2018,77,91,369,crushing endgame fork long,https://lichess.org/0KjWQYjR/black#74,
EVqfw,5rk1/4Q3/3Np1qp/1pP5/1p5P/5bp1/8/5RK1 b - - 1 34,g6f6 e7f6 f8f6 c5c6 f3c6 f1f6,1907,78,90,326,advantage endgame long,https://lichess.org/ZWN6Ovwq/black#68,
m3FjY,8/8/1p5P/pKp3B1/P2b4/1P6/2k5/8 w - - 12 49,b5b6 c5c4 b6b5 c4b3 b5c4 b3b2,2054,77,87,428,advancedPawn bishopEndgame crushing discoveredAttack discoveredCheck endgame long,https://lichess.org/AtxIegq5#97,
zbHEM,1r4k1/pPbP1pp1/7p/P7/8/1R5K/6P1/8 b - - 2 47,a7a6 b3c3 c7d8 c3c8 b8b7 c8d8 g8h7 d8h8 h7h8 d7d8q,1932,74,81,270,advancedPawn attraction crushing endgame interference pin promotion veryLong,https://lichess.org/naG4YJUm/black#94,
V09nA,6k1/7p/2K4P/Pn3p2/8/8/8/8 b - - 3 59,b5d4 c6b6 f5f4 a5a6 g8f7 a6a7,2091,75,87,75,advancedPawn crushing defensiveMove endgame knightEndgame long,https://lichess.org/c5u6XQYf/black#118,
4QUt6,5b1r/1b1kpQpp/p2p4/1p2R1B1/3q4/PBn5/2P2PPP/R5K1 w - - 1 17,g5e7 c3e2 g1f1 d4a1 f1e2 a1e5,1986,76,95,6530,crushing discoveredAttack fork long middlegame,https://lichess.org/sgqF16DG#33,Sicilian_Defense Sicilian_Defense_Najdorf_Variation
1ktee,8/8/8/1k6/1pp1PK2/8/P7/8 w - - 0 42,e4e5 b4b3 e5e6 b5c6 e6e7 c6d7 e7e8q d7e8 a2b3 c4b3 f4e3 b3b2,2047,75,85,112,advancedPawn crushing endgame pawnEndgame veryLong,https://lichess.org/859nIWXJ#83,
zLe6o,8/p7/PpK2kp1/2n4p/1pB5/6PP/2P5/8 b - - 1 43,c5e4 c6b7 e4d6 b7a7 d6c4 a7b8,1980,76,93,5582,crushing defensiveMove endgame long master sacrifice,https://lichess.org/x4AU02h8/black#86,
3lI5h,8/6k1/6p1/5pP1/3Kp2R/4Pr1P/8/8 w - - 11 49,h4f4 f3h3 f4f2 h3g3 f2a2 g3g5,1967,78,90,692,crushing endgame long rookEndgame,https://lichess.org/STTLzam9#97,
n8cw4,2kr2r1/pp2pb1Q/2p1q3/3pP2N/3P2nP/2P1P3/PP4P1/R1B1K2R w KQ - 1 19,h5g7 g8g7 h7g7 d8g8 g7h7 f7g6 h7g8 e6g8,1986,76,93,2733,advantage clearance middlegame sacrifice trappedPiece veryLong,https://lichess.org/1hGLoa5T#37,
wPyrR,6k1/5b1p/p5p1/1p2P1Q1/2q1p1P1/4P1R1/1PK2P2/1N5R w - - 1 35,b1c3 c4d3 c2c1 f7b3 g5d8 d3d8,1932,84,86,38,advantage clearance endgame long quietMove,https://lichess.org/z1tYy7yI#69,
nWiO0,4r1k1/pR4p1/2p3p1/q2p1P1p/3Pr2P/2NQ4/2PK1B2/8 w - - 0 32,f5g6 e4e2 d3e2 e8e2 d2e2 a5a6,2093,79,91,376,attraction crushing long middlegame pin,https://lichess.org/ZjCX1n5g#63,
7FXC3,1r6/4P1k1/1p2Q3/pqp2Pp1/6n1/5K2/P2R4/8 b - - 1 47,b5c6 f3g4 c6e6 f5e6,1930,86,91,316,crushing endgame hangingPiece short,https://lichess.org/c8lM5xQf/black#94,
17Phv,8/8/p7/5R2/1k4N1/1r4P1/8/3K2n1 w - - 7 56,f5f4 b4c3 d1e1 b3b1 e1f2 g1h3,1952,76,99,345,crushing defensiveMove endgame exposedKing long,https://lichess.org/bkZZkZyJ#111,
bRGQy,R7/8/2k2rp1/pp5p/5p1P/1KP3P1/5P2/8 b - - 1 46,f4g3 a8a6 c6d5 a6f6 d5e5 f6f3,1934,75,96,1246,crushing endgame long rookEndgame skewer,https://lichess.org/NDGAQe8i/black#92,
kAvgR,r4rk1/p2n1pp1/1pp1p2p/3p4/2PPb1n1/4PNq1/PP1NB3/R1BQ1R1K w - - 0 17,d1e1 g3h2,1936,81,80,174,mate mateIn1 middlegame oneMove pin,https://lichess.org/Oo7DDjJO#33,Queens_Pawn_Game Queens_Pawn_Game_Symmetrical_Variation
undUo,8/6p1/4Q2k/1q3p1p/1p2pP1P/6P1/1P3PK1/8 b - - 3 35,g7g6 e6g8 b5b7 g8h8,2039,77,89,119,crushing endgame master queenEndgame short,https://lichess.org/ZISGqePg/black#70,
cqwCV,8/6qp/pPk5/P1P2p2/2PRpP1p/7P/5KP1/2R5 w - - 1 37,f2e3 g7g3 e3d2 g3f2 d2c3 f2e3 c3c2 e3d4,2082,75,93,2147,crushing deflection endgame fork queenRookEndgame veryLong,https://lichess.org/FROcktND#73,
RS64c,3R4/2r1bPpk/6p1/8/1p1QNPP1/1Pp1B2P/q1K5/8 w - - 1 44,c2c1 a2b2 c1d1 c3c2 d1e2 c2c1q,1911,100,84,18,advancedPawn advantage deflection discoveredAttack discoveredCheck exposedKing long middlegame promotion queensideAttack,https://lichess.org/OvKujtlA#87,
uCITz,6k1/5pp1/2RP3p/8/6Pq/r3Q2P/r7/4R2K w - - 5 45,c6c8 g8h7 c8c3 a3c3 e3c3 h4f2 c3d3 g7g6,1946,77,93,1083,crushing defensiveMove endgame master masterVsMaster veryLong,https://lichess.org/35TXjlAK#89,
RWMFu,4r1k1/R7/1p6/2p3p1/2P1r3/1P2K3/P2R2PP/8 w - - 0 44,e3f2 e4f4 f2g3 e8e3,1949,78,94,14124,endgame mate mateIn2 rookEndgame short,https://lichess.org/gOsB19iK#87,
ifip4,8/8/8/4k3/5rRp/7K/6P1/8 b - - 3 53,f4g4 h3g4 h4h3 g4h3 e5f5 h3h4 f5g6 h4g4,2011,74,97,1309,crushing defensiveMove endgame veryLong,https://lichess.org/LSVxY2VQ/black#106,
ZTO7a,8/8/8/4kp1K/p7/2P5/P7/8 w - - 1 38,h5g5 f5f4 g5g4 e5e4,2044,75,88,287,crushing defensiveMove endgame pawnEndgame quietMove short,https://lichess.org/gCSuXuTH#75,
RZL0q,2kr3r/1p3N2/1qb1p3/2p1P3/p1P2P2/3PQ1b1/PP6/1RN2RK1 w - - 0 24,f7h8 d8g8 e3g3 g8g3,2077,80,91,5505,crushing middlegame short,https://lichess.org/8mhWNah2#47,
gEfJS,r1bqr1k1/p4ppp/5n2/2b5/4N3/3p1P2/PP1BB1PP/R2Q1R1K w - - 0 16,e4f6 g7f6 e2d3 d8d3,1946,75,88,136,advantage opening short trappedPiece,https://lichess.org/m4GYVlE5#31,Sicilian_Defense Sicilian_Defense_Staunton-Cochrane_Variation
W5dZO,8/8/5pp1/4k3/6KP/8/5P2/8 b - - 2 52,e5e4 f2f4 f6f5 g4g5 e4e3 g5g6 e3f4 h4h5 f4g4 h5h6 f5f4 h6h7 f4f3 h7h8q,2017,82,92,2367,advancedPawn crushing defensiveMove endgame master pawnEndgame promotion quietMove veryLong zugzwang,https://lichess.org/FD004ZLS/black#104,
YFpBs,r5k1/p2R1pp1/7p/1Q6/5r2/1P2q3/P5PP/5R1K w - - 0 29,h2h3 a7a6 b5c4 f4c4,2049,75,92,3529,advantage endgame master short,https://lichess.org/pyV39gpn#57,
ZPz5K,4k2r/R3bp2/3p4/3PB2p/1p4pP/1P6/3RQPPK/1qr5 b k - 0 29,d6e5 a7a8 e7d8 e2e5,2053,88,84,79,advantage intermezzo master middlegame pin short,https://lichess.org/lodtInab/black#58,
NduUc,8/6pp/1p2p3/p2pP3/3K1P2/k7/P6P/8 b - - 0 31,a3b4 f4f5 b4b5 f5f6 g7f6 e5f6,1979,75,97,1071,crushing endgame long pawnEndgame,https://lichess.org/ZYQixwZg/black#62,
mBhzl,1q4k1/5pp1/Q3bb1p/1P2p3/4P3/P5P1/1BR2P1P/3r1BK1 w - - 0 35,b5b6 e6h3 c2c1 h3f1 a6c8 b8c8,1912,77,93,856,advantage long middlegame pin,https://lichess.org/1ivy4Pn0#69,
lVMxH,2kr3r/1b2qpp1/5n2/1Qb1pPB1/4P2p/2N2R2/1PP3PP/R6K b - - 0 18,e7c7 g5f6 g7f6 c3d5 d8d5 e4d5,2059,81,90,1092,advantage long middlegame,https://lichess.org/3dWTL8VI/black#36,Sicilian_Defense Sicilian_Defense_Kan_Variation
bHXPI,1r3rk1/1p3ppp/p1npbq2/4p3/2N1P3/2PB4/PP3PPP/2RQ1RK1 w - - 0 17,c4d6 f8d8 d6b7 b8b7,1900,113,52,32,advantage master middlegame short,https://lichess.org/nVw4uvXa#33,Sicilian_Defense Sicilian_Defense_Kalashnikov_Variation
InbIx,1R6/p1p4p/1b2rp1k/4nK2/P3P3/r4p2/5P2/6R1 b - - 3 41,e6e7 b8g8 a3a1 g1a1 b6f2 a1h1 f2h4 h1h4,1952,76,88,123,endgame exposedKing mate mateIn4 quietMove veryLong,https://lichess.org/V8CEItF2/black#82,
lzChi,8/7p/4k3/ppp1b1p1/4P1P1/1P1K3P/P3N3/8 w - - 0 33,e2c3 e5c3 d3c3 e6e5 c3d3 e5f4,2083,80,91,2502,crushing endgame long,https://lichess.org/4bDZIXTw#65,
02dWc,3q1r1k/p5pp/6n1/1pr1pN1Q/3nP3/6P1/PP3P1P/3R1RK1 b - - 1 29,g6e7 f5d4 d8e8 h5e8,2027,78,91,2254,advantage middlegame short,https://lichess.org/fVHoWsSQ/black#58,
BfabN,8/p3bkpp/4p3/8/1BpP4/2P1K2P/5PP1/8 b - - 5 30,e7b4 c3b4 g7g5 e3d2 f7e7 d2c3 e7d6 c3c4,2000,75,94,6463,crushing endgame veryLong,https://lichess.org/q8Y5XJse/black#60,
y4HrO,1n4k1/2b1r3/1rp4p/p1N5/3P4/3BP3/PPP3PP/2K2R2 b - - 8 29,e7e3 d3c4 g8h8 f1f8 h8g7 f8f7,1990,77,73,90,advantage exposedKing long middlegame,https://lichess.org/DOUzBJvz/black#58,
efBzI,rkb2R2/pp2Q1p1/4p3/2Pp2p1/6p1/2P1q3/PP5P/5K2 b - - 11 27,e3e5 e7d6 e5d6 c5d6 b7b6 d6d7,1992,77,79,62,advancedPawn crushing endgame long pin queensideAttack,https://lichess.org/D7ZX9tKa/black#54,
mYVs5,2krr3/1pp2ppp/8/7q/Q7/4Bn1P/PP2KP2/R6R b - - 0 19,b7b5 a4a8 c8d7 a8f3 h5f3 e2f3,1987,76,93,396,advantage long middlegame,https://lichess.org/AaajDaqx/black#38,
aHmAk,r3k2r/1p6/pqn1p2P/3p2Q1/1PnP4/P1N5/4N3/R3K2R b KQkq - 0 22,c6d4 g5g6 e8d7 g6g7,1938,76,89,539,crushing middlegame short,https://lichess.org/Tj9NH2do/black#44,
mChEX,2r2rk1/pb3pbp/1p1N2p1/3pP1qn/1P1N4/5P1P/PB6/R2QRBK1 w - - 1 21,g1h2 g7e5 e1e5 g5e5,1991,74,81,179,crushing fork master masterVsMaster middlegame short,https://lichess.org/RGKofhuI#41,
PifnO,2q2bk1/3bRr1p/p5p1/1r3p2/3p4/BP3PN1/3PQP1P/2R3K1 b - - 4 26,f7e7 c1c8 e7e2 c8f8 g8g7 g3e2,1916,77,89,805,advantage long middlegame,https://lichess.org/2rnmBM2j/black#52,
Xj2H3,8/8/6pp/P4p2/5P2/1p4P1/1Kpkn2P/R7 b - - 0 52,c2c1q a1c1 e2c1 a5a6 c1d3 b2b1,2080,75,86,382,crushing defensiveMove endgame long,https://lichess.org/8P1vVA9N/black#104,
uIZtg,4r1k1/5p2/p4PBp/1p1p4/8/4B2q/PP6/K5Q1 b - - 0 32,e8e3 g6h7 g8h8 g1g7,1924,78,84,452,discoveredCheck doubleCheck endgame mate mateIn2 short,https://lichess.org/TZg5qZjq/black#64,
jB8eA,8/8/p7/3k3p/PP3pp1/8/3K2PP/8 w - - 1 45,d2d3 h5h4 d3e2 d5c4 b4b5 a6b5 a4b5 c4b5,2097,76,76,57,crushing endgame pawnEndgame quietMove veryLong,https://lichess.org/pKiA2KfG#89,
ADk6m,8/1p6/p5pp/P1p1k3/6PP/4K3/1PP5/8 b - - 4 37,g6g5 h4g5 h6g5 c2c4,1936,75,93,4950,crushing defensiveMove endgame master pawnEndgame short zugzwang,https://lichess.org/mbs3DRhJ/black#74,
KxmcN,r7/2p3kp/bp1q2p1/p4pB1/3b4/1PN4P/1PP3P1/R2Q3K b - - 3 23,a6b7 c3b5 b7g2 h1g2 d6c6 d1f3,2020,77,91,59,advantage long middlegame,https://lichess.org/Q4IniRFv/black#46,
NhMJ4,3R4/4rpk1/6p1/1Pp3P1/2n1p1N1/4P3/1r3P2/2K4R b - - 3 36,e7a7 h1h7 g7h7 g4f6 h7g7 d8g8,1959,77,89,223,attraction endgame hookMate long mate mateIn3 sacrifice,https://lichess.org/7Hm3TFUq/black#72,
YOI44,2kr4/ppp5/6b1/5p2/3Nr1P1/5K2/PP1R4/3R4 w - - 0 28,g4f5 e4d4 d2d4 g6h5 f3e3 h5d1,1911,74,94,10907,advantage endgame exposedKing long sacrifice skewer,https://lichess.org/sAp2HiVM#55,
RUqft,2r5/2r1kp1R/p3p1p1/3bP3/5P2/2P1Q1R1/P1q1NK1P/8 b - - 6 38,c7c3 e3c3 c8c3 g3c3,2021,76,84,117,advantage master middlegame short,https://lichess.org/oGfPWaCc/black#76,
hkI3r,8/p6k/1p1r3P/2pb4/3p4/1P1Pq3/P1P3RQ/5R1K w - - 4 48,h2d6 e3h3 d6h2 d5g2 h1g1 h3h2 g1h2 g2f1,2077,74,84,190,crushing endgame exposedKing fork pin veryLong,https://lichess.org/MFlHGxDP#95,
cqs6b,6k1/4r1pp/2pp1p2/p2p4/P4R1P/1P6/2PP2P1/2K5 b - - 1 27,e7e4 f4e4 d5e4 b3b4,2018,75,92,1448,crushing endgame rookEndgame short,https://lichess.org/Bvx1mPj6/black#54,
z86QU,8/8/N7/8/5p2/4k1p1/PP4K1/8 w - - 2 44,a6c5 f4f3 g2f1 g3g2 f1g1 f3f2 g1g2 e3e2,2027,77,94,7565,advancedPawn crushing defensiveMove endgame exposedKing knightEndgame veryLong,https://lichess.org/nSAGWLiv#87,
Xufd7,4q1k1/p4p1p/1p4pB/2bp4/6Q1/P6P/1PP2PP1/6K1 w - - 0 26,g4f3 e8e1 g1h2 c5f2 f3f2 e1f2,1979,85,78,30,crushing deflection endgame long,https://lichess.org/CsYAkuzD#51,
S8GE4,r4q2/1b2n1kp/pp4p1/4p3/2PpP2N/6P1/PP1Q2BP/5RK1 b - - 1 21,f8g8 d2g5 g8e6 h4f5 e7f5 e4f5 e6f6 g5f6,2072,75,72,74,crushing middlegame pin veryLong,https://lichess.org/L2pe3AMi/black#42,
8uDvW,3r2k1/1p2r1pp/2n1p3/p1b1p1N1/8/P3PP2/1PPB2PP/R4RK1 w - - 2 18,a1d1 d8d2 d1d2 c5e3 d2f2 e3g5,1961,75,86,393,advantage capturingDefender fork long middlegame pin,https://lichess.org/VoheqgNT#35,Benoni_Defense Benoni_Defense_Benoni_Gambit_Accepted
UoYGz,8/7k/8/1P4K1/p3R3/P1r5/8/8 b - - 0 48,c3a3 e4e7 h7g8 b5b6 a3b3 b6b7,2013,127,43,12,advancedPawn crushing endgame long rookEndgame,https://lichess.org/TMR6p2rZ/black#96,
wAhua,1qr1r1k1/5pp1/p2p3p/1p1Pn1b1/3B2P1/PP5P/2P1R1B1/3RQ1K1 b - - 4 25,c8c2 e2c2 e5f3 g2f3 e8e1 d1e1,1952,78,90,2266,advantage hangingPiece long master middlegame,https://lichess.org/2zRdgwmU/black#50,
khvkJ,2k2r2/p7/1pP1R3/8/P2P4/2P3P1/3Q1K2/R4N1q w - - 9 43,f2e2 h1f3 e2e1 f3f1,1955,77,94,12196,endgame mate mateIn2 short,https://lichess.org/aZMJJgRl#85,
7MzyP,r2q1rk1/pp1bnppp/3p1n2/2p1p3/2P5/3P2PN/PP2PPBP/R1BQ1RK1 w - - 0 12,c1g5 d8c8 h3f4 e5f4,2070,73,93,6124,advantage opening quietMove short,https://lichess.org/fEdXt2NQ#23,English_Opening English_Opening_Symmetrical_Variation
zbfL2,2qr2k1/p2r1pbp/1p2bnp1/2p1B3/3PnN2/1PPQ1NPP/P5B1/R4RK1 b - - 2 26,e4g3 f4e6 f7e6 e5g3,2054,84,92,142195,advantage discoveredAttack middlegame short,https://lichess.org/fgO0krE3/black#52,
7LjmT,1r3r1k/p5p1/bp1b3p/3BnpBq/8/1Q2PNPP/PP3PK1/3R3R w - - 1 22,g5f4 a6c4 b3c4 e5c4,2036,139,100,22,equality middlegame short,https://lichess.org/vLOAN7XF#43,
Na2ou,4r1k1/5p2/2Q2Np1/4r2p/5b1q/2P2bN1/PP3P1P/R3R1K1 b - - 2 27,h4f6 c6f6 e5e1 a1e1 e8e1 g3f1 f3e2 f6f4,1969,75,83,132,advantage hangingPiece master middlegame veryLong,https://lichess.org/WxeoFpnl/black#54,
cabVN,8/7p/1p2p1k1/3b2q1/1P1Q2B1/6PK/4P3/8 w - - 1 44,d4f4 g5f4 g3f4 h7h5,1989,76,92,311,crushing endgame short,https://lichess.org/24PdPKaW#87,
MytMb,2Rq1rk1/4bppp/B3p1b1/p2p4/Q2P1B2/P3PP2/1r4PP/5RK1 b - - 1 23,g6c2 c8c2 b2c2 a4c2,1934,75,92,2691,crushing middlegame short,https://lichess.org/HLsgdMsw/black#46,
Xygh1,8/8/8/P6R/6p1/2Pk1p2/8/1r4BK w - - 0 52,h5f5 d3e4 f5f8 g4g3,2028,79,91,247,crushing endgame short,https://lichess.org/iRVc71jB#103,
tmiX7,8/8/4k2p/2K3p1/3P4/8/7P/8 b - - 2 51,e6d7 c5d5 d7e7 d5e5,1982,77,92,2552,crushing defensiveMove endgame pawnEndgame short zugzwang,https://lichess.org/o2UdMpje/black#102,
I1Kul,6r1/2p4p/2kbr3/1p3p2/2nRp2B/P1N4P/1PP2PP1/3R2K1 w - - 2 25,c3b5 c6b5 a3a4 b5c5,1922,75,88,552,advantage hangingPiece master middlegame short,https://lichess.org/eAsAxETb#49,
yxV9u,6k1/7p/3p2p1/3Pp1Bn/4P2P/1P5b/5Q1P/1q3BK1 b - - 8 35,b1b3 g5h6 b3b8 f1h3,2052,76,88,925,crushing endgame master quietMove short,https://lichess.org/SXcFyxM2/black#70,
APHLO,8/4p1kp/5pp1/2p2q2/2P3N1/2Q2P1b/PP4r1/4R2K b - - 1 31,h7h5 e1e7 g7f8 e7f7 f8f7 g4h6 f7e6 h6f5,1926,74,90,946,advantage attraction endgame fork sacrifice veryLong,https://lichess.org/qfdzShQt/black#62,
h2jMi,r2q1r1k/ppp5/2np2bb/3Q2N1/2PP2P1/P3P3/1P2BPP1/2K4R b - - 1 20,d8f6 h1h6 h8g7 g5e6 f6e6 d5e6,1976,77,86,341,advantage exposedKing fork hangingPiece long middlegame,https://lichess.org/ktJF8QI8/black#40,
KV045,5rk1/pp3pp1/1q1r3p/7Q/2P5/1P5P/P4RP1/5R1K b - - 2 26,f7f6 c4c5 b6b5 a2a4 b5f1 f2f1,1983,82,61,52,advantage endgame fork long,https://lichess.org/6BuJPRuV/black#52,
OmSDJ,8/5p2/1p2k1p1/p3P3/P3KP1p/1P5P/8/8 w - - 3 42,e4f3 e6f5 f3e3 g6g5 f4g5 f5e5,1919,74,86,117,crushing deflection endgame long pawnEndgame zugzwang,https://lichess.org/BD6lq88j#83,
UOwvl,5rk1/p4pqp/4p1pR/1p1p4/2r2PR1/2P4Q/PP3P1P/7K b - - 0 25,e6e5 g4h4 c4f4 h6h7 f4h4 h7g7 g8g7 h3h4,2040,76,91,523,advantage endgame kingsideAttack quietMove veryLong,https://lichess.org/g1NuuyIN/black#50,
QrG5o,r4rk1/1pp1R2p/p2p1bp1/5q2/1PPP4/P4N1P/3Q1PP1/3R2K1 w - - 2 26,e7c7 f6d8 c7b7 f5c8 b7h7 g8h7,2001,75,92,4347,advantage long middlegame trappedPiece,https://lichess.org/9xlej0CW#51,
g2Rxy,8/1PQ1p2p/3pPb2/5Pk1/8/3K3P/1rp5/8 b - - 0 40,g5f5 c7c2 b2c2 d3c2,1970,76,91,457,crushing endgame sacrifice short,https://lichess.org/FbYZLBHb/black#80,
fsy7I,3k3r/pQp3p1/3p1n2/8/3PN3/2P3Pp/PP2q2P/5RK1 w - - 3 33,f1f2 e2e1 f2f1 e1e4 b7e4 f6e4,2097,79,84,117,advantage endgame long,https://lichess.org/Oh5FQyHq#65,
uL2n0,3N4/p6R/kp3p2/2p1p3/2PbK3/8/P4r2/8 b - - 5 41,a6a5 d8c6 a5a4 h7a7,1945,78,92,1468,endgame mate mateIn2 short,https://lichess.org/2NBc8kFw/black#82,
fKgyR,8/8/pp1k3p/3p1p1P/PP3P2/2P1K3/8/8 b - - 0 34,a6a5 b4a5 b6a5 e3d4,2058,80,92,525,crushing endgame pawnEndgame short zugzwang,https://lichess.org/KdtvzbNV/black#68,
rSQk9,r6k/ppp3pp/6q1/2NP4/2P4P/3Q4/PPK2r2/4R2R w - - 1 26,c2c3 g6f6 d3d4 f2c2 c3c2 f6d4,2040,76,88,131,advantage deflection long middlegame,https://lichess.org/VyFZ4RLa#51,
pcULY,3r1r2/pp2Q1bk/2p1p1pp/4Pp2/3P4/PqP2B1R/1P4PP/1R4K1 b - - 3 24,b3c2 h3h6 h7g8 h6g6 c2b1 g1f2 f8f7 e7d8,1911,74,87,89,crushing deflection middlegame pin sacrifice veryLong,https://lichess.org/hMwgGeSA/black#48,
NFIxq,6k1/3q1p2/p1r1p2p/1p1b2p1/3Pn3/P6P/1P2BPPB/2RQ2K1 w - - 1 27,f2f3 d5b3 f3e4 b3d1,2053,74,86,471,advantage middlegame short,https://lichess.org/THs1c8B3#53,
nMSuw,2r2r1k/p2p1p2/1p2p2p/4q3/2nN3P/P1PQ1R1R/5PP1/5K2 b - - 2 23,e5d6 f3f6 h8g7 d4f5 g7f6 f5d6,1969,74,95,727,crushing exposedKing long master middlegame,https://lichess.org/LjEFTZwr/black#46,
6R2ad,8/8/8/8/1K5p/4N2P/1kp3P1/8 w - - 0 60,e3c4 b2a2 b4c3 c2c1q,2054,75,76,341,advancedPawn crushing defensiveMove endgame knightEndgame master promotion short,https://lichess.org/b6v0Boy0#119,
BlKbn,r1b2rk1/p1q2pp1/2p4p/4P2Q/2PpN3/3P2R1/PP4PP/6K1 b - - 0 19,c7e7 h5h6 e7e5 e4f6 e5f6 h6f6,2033,164,76,18,crushing kingsideAttack long middlegame pin,https://lichess.org/tNIY2SrR/black#38,
144z0,2r1r1k1/pp3p1p/6p1/3p2B1/7P/PQ2P1P1/1P1KBq2/R7 b - - 3 28,d5d4 a1f1 e8e3 g5e3 f2e3 b3e3,2086,75,94,676,crushing long middlegame,https://lichess.org/sN6Vc0yy/black#56,
8AwTK,8/7p/2P4k/5p2/4p2P/p3P1p1/1qQK2P1/8 b - - 2 39,b2c2 d2c2 f5f4 c6c7 a3a2 c2b2 f4f3 c7c8q a2a1q b2a1,1936,79,91,730,advancedPawn crushing endgame master promotion veryLong,https://lichess.org/WQlelllN/black#78,
cGI7w,3r1k2/pp1qr1p1/2p2n2/4pPQ1/4P2R/1P5P/P1P5/6RK b - - 5 29,d7d2 h4h8 f6g8 h8g8 f8g8 g5e7,1985,76,93,1259,crushing deflection long middlegame,https://lichess.org/eidjuxD4/black#58,
G8yD1,8/1pQ2pk1/2p1q3/3p4/3P4/P1B1P3/KP4rr/5R2 b - - 4 40,g2f2 f1f2 h2f2 c7g3 e6g6 g3f2,1920,79,64,37,advantage attraction endgame fork long,https://lichess.org/itVWUoGz/black#80,
e5DCF,8/p7/3p1k2/2pP2p1/2P2KP1/Pb1B4/8/8 w - - 0 38,f4e4 b3d1 e4e3 d1g4,1992,77,92,1228,bishopEndgame crushing endgame master short,https://lichess.org/Ig0dcXgB#75,
IITld,2k3r1/4Q3/4p3/1p6/1Pp5/2P2BP1/5q1K/2BR4 w - - 1 31,f3g2 f2g3 h2g1 g3g2,1966,83,77,110,endgame mate mateIn2 short,https://lichess.org/YdrQFnYo#61,
xvtsD,1b4k1/1p3pp1/p1p5/2P5/1P3n1p/PQRrq2P/4NRB1/6K1 w - - 2 30,e2f4 d3c3 b3c3 e3c3,1915,76,88,110,crushing master middlegame short,https://lichess.org/MHtdKb2E#59,
9c5YM,2rq1rk1/pb3p1p/1p2pbp1/6N1/P3Bn2/4NQ2/5PPP/3R1RK1 b - - 1 22,b7e4 g5e4 f6d4 f3f4,2052,77,91,832,advantage middlegame short,https://lichess.org/K32kfhs1/black#44,
MiM1G,8/6K1/4p2p/4k3/6P1/7P/8/8 b - - 0 59,e5f4 g7h6 e6e5 g4g5 e5e4 g5g6 e4e3 g6g7 e3e2 g7g8q e2e1q g8g5 f4f3 g5g4 f3e3 g4e6 e3d2 e6e1,2015,76,94,705,advancedPawn crushing endgame pawnEndgame promotion quietMove veryLong,https://lichess.org/0ETok7wD/black#118,
btxuy,8/8/8/PR3pkp/2N5/1P3n1K/4r3/8 w - - 0 51,c4d6 f3g1 h3g3 h5h4,1959,78,88,289,endgame mate mateIn2 short,https://lichess.org/fRF5DtXJ#101,
TqvGy,8/R2N4/4q1p1/1p5p/3k1P1P/6P1/p6K/8 b - - 4 47,e6d7 a7d7 d4c3 d7a7 c3b2 g3g4,1941,77,97,319,crushing endgame hangingPiece long,https://lichess.org/wJOgLo2S/black#94,
OxOLf,8/8/6pp/3k4/5PPP/1p1K4/8/8 w - - 0 46,f4f5 g6f5 g4f5 d5e5 f5f6 e5f6,2029,77,81,53,crushing endgame long pawnEndgame,https://lichess.org/DKvQ8oDG#91,
K67v7,8/8/1pp2kp1/p1p4p/P1P2K1P/1P6/6P1/8 b - - 0 38,f6f7 f4e5 f7e7 g2g3 e7d7 e5f6,1983,77,95,7201,crushing endgame long pawnEndgame quietMove zugzwang,https://lichess.org/uAsSu6FM/black#76,
A2Zoz,r1b1k2r/ppppq1pp/2n2n2/1N2p1N1/4P3/1QP5/P2P1PPP/R3K2R b KQ - 5 11,e8d8 g5f7 d8e8 b5c7 e8f8 f7h8,1996,79,89,74,advantage deflection fork long middlegame,https://lichess.org/1KzJg0z4/black#22,Italian_Game Italian_Game_Evans_Gambit
tUU1k,1kq2b2/ppp5/5p2/3Q4/1PP2r1p/P2PNPp1/6P1/4RK2 w - - 0 33,e3f5 f4f5 d5f7 f5e5 e1e5 f6e5,2039,75,79,233,crushing endgame long,https://lichess.org/66svJ3Yo#65,
9iHPY,8/8/7p/1pK5/8/6PP/1k6/8 b - - 1 51,b5b4 c5b4 b2c2 b4c4 c2d2 c4d4 d2e2 d4e4 e2f2 e4f4,2063,81,92,2486,crushing defensiveMove endgame pawnEndgame veryLong,https://lichess.org/3ZXRpQJH/black#102,
D8avE,6k1/5pb1/4r1b1/3Q4/8/P1P2Pp1/1P4P1/5K2 w - - 1 40,d5d8 g8h7 d8h4 g7h6 h4g3 g6d3 f1g1 h6e3,2084,88,89,939,advantage defensiveMove endgame veryLong,https://lichess.org/NRxZIpIK#79,
MffuH,8/6nB/p1p2k2/1p1p3p/3P2pP/1PP1K1P1/P7/8 b - - 3 39,g7f5 h7f5 f6f5 b3b4 f5e6 e3f4,2094,75,93,1601,crushing endgame long quietMove zugzwang,https://lichess.org/7YpSLnfk/black#78,
dYyUG,4r1k1/Q5p1/3q4/8/2P1n3/P4N1P/4p1P1/1R1rR1K1 w - - 3 41,a7e3 d1b1 e1b1 d6d1,1944,94,80,19,advantage clearance middlegame pin short,https://lichess.org/1ONyvUNN#81,
IBpmu,2b1r1k1/2Qn1pbp/1p1p2p1/1N1Pp1qn/1PP1P3/3B1P2/4NBPP/4K2R w K - 3 18,h1g1 g7h6 e1f1 g5d2,2014,78,89,614,advantage middlegame quietMove short,https://lichess.org/nhiWcJp6#35,Modern_Defense Modern_Defense_Averbakh_System
H5zSt,8/8/8/6p1/P1n1k3/1N6/2p1K2P/8 w - - 0 56,b3d2 e4d4 d2b3 d4c3,1945,75,89,213,crushing defensiveMove endgame knightEndgame short,https://lichess.org/BbX1uVwg#111,
eMRZf,8/8/8/2p3R1/3k4/8/r5PP/6K1 w - - 3 38,g2g3 c5c4 g1f1 c4c3 f1e1 a2a1 e1e2 c3c2,2012,82,87,49,advancedPawn crushing endgame quietMove rookEndgame veryLong,https://lichess.org/jxXb1WJR#75,
29hMe,r2qr1k1/2p3pp/p1p2p2/1p3P2/5nP1/2PP3P/PBP2P2/R2QR1K1 w - - 5 19,h3h4 d8d5 e1e4 e8e4 d3e4 d5e4,2033,75,86,294,advantage long middlegame,https://lichess.org/Bl8H44SC#37,Three_Knights_Opening Three_Knights_Opening_Other_variations
tWS8j,8/5p2/1b2b2p/1p1p1p2/1P1PpNkP/2P2nP1/5PK1/rNRB4 b - - 6 33,b6c7 b1d2 c7f4 d2f3,1996,161,25,5,crushing middlegame pin short,https://lichess.org/ItSqbOCL/black#66,
O1CzR,4r3/7k/pn1R2p1/1p2qp2/1Pp1r3/P6B/5PPP/2QR2K1 w - - 4 32,g2g3 e5d6 d1d6 e4e1 c1e1 e8e1,2092,76,87,344,crushing fork long middlegame sacrifice,https://lichess.org/HDap0ftw#63,
szaJY,r1bq1kn1/pp2b2R/2p2pB1/3p2P1/3r4/2N5/PPP3P1/2K1R3 b - - 1 18,f6g5 h7f7 f8e8 f7e7 e8f8 e7f7,2023,75,96,1308,discoveredCheck doubleCheck exposedKing long mate mateIn3 middlegame operaMate,https://lichess.org/aXLpZ9ZN/black#36,Four_Knights_Game Four_Knights_Game_Scotch_Variation_Accepted
br940,8/8/8/1p6/p1k1K3/P1P5/1P6/8 w - - 10 52,e4e3 c4b3 e3d4 b3b2 c3c4 b5b4,2099,78,78,52,crushing endgame long pawnEndgame,https://lichess.org/Ugi06Tbl#103,
avS2s,5r1k/pp5p/6rQ/3p3n/3P3q/2P1P3/P3B1RP/3R2K1 w - - 0 28,h6h5 h4f2 g1h1 f2g2,1965,78,92,617,mate mateIn2 middlegame pin short,https://lichess.org/vq0ILoXL#55,
hhDEG,1r6/8/1q4pk/1P1Qpp2/3b2pP/6P1/4R1K1/1R6 w - - 2 38,e2e5 b8d8 d5c6 b6c6 b5c6 d4e5,1986,78,92,343,crushing endgame long master,https://lichess.org/cRvvybsT#75,
0M7Az,1k4rr/p2Q2q1/Pp2R3/3p1n1p/6p1/7N/1P3PP1/R5K1 w - - 2 28,d7g7 f5g7 e6e7 g4h3 e7b7 b8a8,2016,83,86,38,advantage long middlegame,https://lichess.org/8BDcEkqe#55,
tkdO5,r4k2/ppp1n3/3pQp2/4pB1p/PP2Pq2/2P3R1/6K1/8 b - - 0 37,f4d2 g2h3 d2h6 f5g6 h6g6 g3g6,2002,76,87,131,advantage defensiveMove endgame long,https://lichess.org/2U1GH0Fg/black#74,
5VbBZ,r2q1rk1/pp3ppp/4b3/8/8/2nB4/P3QPPP/R1BR2K1 w - - 0 16,d3h7 g8h8 e2h5 d8d1 h5d1 c3d1,1990,87,24,38,advantage long middlegame,https://lichess.org/g8bMCVnn#31,Semi-Slav_Defense Semi-Slav_Defense_Chigorin_Defense
KoNDR,r1bq1rk1/pppp1pp1/2n2n1p/2b1P3/2Bp1P2/5N2/PPP3PP/RNBQ1R1K b - - 0 8,f6e4 c4d5 e4g3 h2g3,1988,83,91,1875,advantage opening short trappedPiece,https://lichess.org/rFwgSdQ4/black#16,Kings_Gambit_Declined Kings_Gambit_Declined_Queens_Knight_Defense
nAFw2,8/6p1/4K3/1pp2Pk1/3p4/1P1P4/2P5/8 b - - 1 36,b5b4 e6e5 g5g4 f5f6 g7f6 e5f6,1971,75,92,884,crushing endgame long pawnEndgame zugzwang,https://lichess.org/Io7taO6G/black#72,
WSC8M,r1q2r1k/2pb1ppB/3b4/p3n3/3BQ3/P6P/5PP1/RN2R1K1 b - - 4 25,f7f5 e4h4 c8d8 h4h5 d8g5 h5g5,1989,143,50,23,crushing long middlegame quietMove,https://lichess.org/5GMrcrYi/black#50,
Duall,3r2k1/2p2ppp/4p3/BP6/P1b2P2/3r4/5RPP/R5K1 w - - 3 29,a5c7 d3d1 f2f1 c4f1 a1d1 d8d1,2092,78,94,12266,advantage endgame long,https://lichess.org/i7vH6hsE#57,
zNbUx,8/1p6/p1k5/2P2pp1/PP1K4/6P1/8/8 b - - 0 40,b7b6 c5b6 c6b6 d4e5 f5f4 g3f4,1909,81,90,1424,crushing endgame long pawnEndgame,https://lichess.org/9FUH5YGx/black#80,
yOUXq,4Bk2/3K4/5p2/4p1p1/4P1P1/b4P2/8/8 w - - 22 75,d7e6 f8e8 e6f6 a3c1,1949,137,68,13,bishopEndgame crushing defensiveMove endgame short,https://lichess.org/OKYrtKE4#149,
gkroK,2r2rk1/1p3ppn/p1n1p2p/3pN3/3P1RPq/2P5/PP2Q2P/5RK1 b - - 1 20,f7f6 e5g6 h4g5 e2e6 f8f7 e6c8,2094,82,65,83,advantage deflection discoveredAttack fork long middlegame,https://lichess.org/UwrXaK52/black#40,
2ExWp,6r1/1p1k3p/p3r1q1/2Q1Pp1p/8/2P3NP/PP3P1K/4R3 b - - 4 29,h5h4 e1d1 d7e8 c5c8 e8f7 d1d7 e6e7 d7e7 f7e7 g3f5 g6f5 c8f5,1921,116,50,46,attraction crushing endgame exposedKing veryLong,https://lichess.org/sjwrj3kn/black#58,
ffmEL,8/6pk/2Q5/p5p1/P2P4/2PpN1r1/3Bq3/R5K1 w - - 0 31,g1h1 e2h5,1926,84,90,1213,endgame master mate mateIn1 oneMove,https://lichess.org/NNASNbJ7#61,
1sBQS,4r1k1/1p2np2/p5pQ/3pNqP1/1P6/5P2/P1r5/3RR1K1 b - - 0 35,c2a2 e5g4 f5g4 f3g4,1936,75,78,76,crushing middlegame quietMove short,https://lichess.org/38sqOZRZ/black#70,
JzpdL,7b/5p1k/4pPp1/4P2P/p2B3Q/2P5/2q4K/8 w - - 3 55,d4f2 g6g5 h4d4 a4a3,2033,76,87,155,advantage endgame short,https://lichess.org/G9U2hjZF#109,
z46u9,8/pp4R1/1bb4k/5pN1/7P/2Br1PK1/1P6/8 b - - 2 38,d3c3 g7h7 h6g6 b2c3 b6d8 h7h8,1986,75,87,193,crushing endgame intermezzo long,https://lichess.org/8qeUP02C/black#76,
F1Q7U,8/5k2/p2b4/1p1p2p1/1P4P1/P2K4/2P5/2B5 b - - 2 40,d6f4 c1f4 g5f4 d3e2 f7f6 e2f3,2061,78,86,767,bishopEndgame crushing endgame long,https://lichess.org/BEcnhAKF/black#80,
sJXaP,2q4k/1p4pp/3B3r/pP2r3/P3P1P1/1QP2pRn/5P1K/3R4 w - - 0 30,d6e5 h3f4 h2g1 f4e2 g1f1 h6h1 g3g1 h1g1,2070,74,94,148571,discoveredAttack discoveredCheck exposedKing fork hookMate mate mateIn4 middlegame veryLong,https://lichess.org/t2jZzAna#59,
btJh3,8/8/p2p4/3Ppk2/1Pp5/P3KP2/8/8 b - - 1 59,e5e4 f3e4 f5e5 a3a4 c4c3 b4b5 c3c2 e3d2 c2c1q d2c1,1995,76,89,154,crushing endgame pawnEndgame quietMove veryLong,https://lichess.org/KOI1QIpo/black#118,
yxV4r,8/8/3p2p1/p1pPp1kp/PpP1P1n1/1P4P1/5N1P/5K2 w - - 1 38,f2g4 g5g4 f1g2 h5h4 h2h3 g4g5 g2f2 h4g3 f2g3 g5h5 h3h4 g6g5 h4g5 h5g5,1924,76,84,69,crushing endgame exposedKing veryLong zugzwang,https://lichess.org/KiJ7e5Zg#75,
cy9Qk,4rrk1/1p3pp1/ppnp1q1p/6n1/1P1PP2N/P3B1Pb/2B2P1K/R2QR3 w - - 8 23,e3g5 h6g5 h2h3 g5h4,1915,79,46,45,advantage middlegame short,https://lichess.org/NTV198FC#45,
zz4bz,3q1r1k/6pp/1r1P2n1/2pQ4/1pB5/pP6/P1P5/1K1R3R b - - 4 28,d8f6 h1h7 h8h7 d5h5,1984,75,95,17915,attraction mate mateIn2 middlegame sacrifice short,https://lichess.org/RmTEfDM2/black#56,
T2TsE,8/7p/1r3kp1/5p2/4pK2/7P/1P3PP1/1R6 w - - 4 32,g2g4 b6b3 g4f5 g6f5 f2f3 b3f3,2056,123,88,46,endgame long mate mateIn3 rookEndgame,https://lichess.org/N5Wpum1K#63,
moPLh,r4r2/pp3kb1/4pp1p/q1p2P2/6Q1/8/PPP3PP/R4RK1 b - - 0 20,e6e5 g4c4 f7e7 c4e6,1921,74,86,240,advantage master middlegame short,https://lichess.org/LZgUZTJ6/black#40,
E4o1p,r2qkb1r/pp2pppp/2n2n2/3p4/6b1/1PP1PN2/P4PPP/RNBQKB1R b KQkq - 0 7,c6e5 f3e5 g4d1 f1b5 f6d7 b5d7 d8d7 e5d7,1951,75,95,3199,crushing opening sacrifice veryLong,https://lichess.org/018mjQLT/black#14,Benoni_Defense Benoni_Defense_Old_Benoni
C0o6p,2r2rk1/ppq3p1/4b2p/b3pp2/2P4P/4B1P1/P1Q2PB1/2R2RK1 b - - 0 22,e6c4 c2c4 c7c4 c1c4 c8c4 g2d5 g8h7 d5c4,2086,76,92,1681,attraction crushing fork middlegame sacrifice veryLong,https://lichess.org/9x4lQwGX/black#44,
QQXkt,r3k2b/1p2p2p/p1n1R3/P1N5/2pqpB2/6P1/1PPQ1P1P/6K1 w q - 0 24,c5b7 d4d2 f4d2 c6d4 e6e4 d4f3 g1g2 f3d2,1915,79,90,47,advantage fork middlegame veryLong,https://lichess.org/zvxq1UZk#47,
ZjrY8,r7/5p1k/6p1/ppqp2Q1/3N4/2P2P2/PP5r/1K1B2R1 w - - 0 31,d4f5 c5f2 g1g2 f2g2 g5g2 h2g2,2024,97,84,22,crushing long middlegame,https://lichess.org/CMWmuGMr#61,
wyf8n,rn1qr1k1/pb3pbp/1p1ppnp1/3P2B1/2P1N3/3B1N2/PP2QPPP/2KR3R b - - 1 12,e6d5 e4f6 g7f6 g5f6 e8e2 f6d8,1969,75,84,179,crushing fork long middlegame,https://lichess.org/nvDwMlpT/black#24,Queens_Indian_Accelerated Queens_Indian_Accelerated_Other_variations
Cgo22,r2q1rk1/pp2b1pp/2n1pn2/3pN1P1/3Pb3/1PN5/P3BP1P/R1BQ1RK1 b - - 0 13,c6e5 g5f6 e5f3 e2f3 e4f3 d1f3,1900,79,91,3884,advantage long opening,https://lichess.org/5gu4PQwn/black#26,Scandinavian_Defense Scandinavian_Defense_Other_variations
jsIsa,r1b4n/1p4pk/p2qNp1p/3p1P1Q/PP3RP1/BB1r3P/6K1/2R5 w - - 2 32,c1c7 c8e6 f5e6 d6f4,1912,75,86,175,capturingDefender crushing middlegame short,https://lichess.org/94LcHINP#63,
SLU4I,2r3r1/1pp4k/p6p/3PpP2/2P1N2q/5Q2/PP4p1/1K4R1 b - - 4 34,g8g4 f3g4 h4g4 e4f6 h7g7 f6g4,1950,80,93,70,advantage attraction endgame fork long sacrifice,https://lichess.org/wEcaXXQt/black#68,
Kf6mS,4rrk1/pR1R2p1/3N4/2p2n1p/8/2P5/P1P5/2K5 b - - 2 26,e8d8 d7d8 f8d8 d6f5,1991,92,88,40,advantage endgame short,https://lichess.org/tnquvasY/black#52,
FRfrP,1k1q4/1pp2ppp/pnp5/8/2b1PP2/2NBQ1P1/PPPK3P/8 b - - 1 24,c4a2 b2b3 a2b3 c2b3,1973,75,93,7891,advantage endgame quietMove short trappedPiece,https://lichess.org/WWNaWbks/black#48,
hVrOG,5r2/2p4k/pp1p2np/3P1b2/1PPQ1P1q/6N1/P5PP/4R1K1 b - - 3 31,h4f4 e1e7 g6e7 d4f4,2077,77,88,217,crushing deflection master middlegame short,https://lichess.org/hLJdtmdN/black#62,
Wqazk,r1r3k1/3R1pp1/1p4np/8/P1p1R3/B1Q2P1P/5qPK/8 b - - 5 34,a8a4 a3b2 f2b2 c3b2,2081,75,95,860,advantage middlegame quietMove short,https://lichess.org/S88gshW4/black#68,
p0NvT,4r1k1/pp3pbp/6n1/q1p2R2/4N3/2Pr3P/P2B2P1/R3Q1K1 b - - 2 22,d3d2 e4f6 g7f6 e1e8 g8g7 f5f6,2087,83,90,934,advantage discoveredAttack fork long middlegame,https://lichess.org/SGizsMOG/black#44,
NXSYy,8/5b2/5N1k/8/1p3P1P/2p3K1/1P6/8 w - - 0 43,f6g4 h6g7 b2c3 b4b3 g4e5 b3b2,1974,76,86,88,endgame,https://lichess.org/fmdByzzX#85,
i2eJl,r2qkb1r/1pp2ppp/p1n1pn2/3pNb2/Q2P4/N1P3P1/PP2PPBP/R1B2RK1 b kq - 1 9,b7b5 a3b5 a6b5 a4b5,2008,75,94,8443,crushing middlegame pin short,https://lichess.org/YxJYtImF/black#18,Kings_Indian_Attack Kings_Indian_Attack_Other_variations
kBXVz,8/3r3k/1R5P/p4p2/P7/2p1B1P1/1p2K3/8 w - - 1 46,b6b5 d7e7 e2d3 e7e3 d3e3 c3c2 b5b2 c2c1q,1971,75,96,3049,advancedPawn crushing endgame exposedKing promotion sacrifice veryLong,https://lichess.org/XMWjq20j#91,
lJnkW,r2q2k1/1pp2ppp/p2p1n2/3r4/5Q1P/P2B4/1BP2PP1/3R2K1 b - - 1 20,d8d7 b2f6 g7f6 d3h7 g8h7 d1d5,1910,79,93,3044,advantage discoveredAttack kingsideAttack long middlegame,https://lichess.org/8PNnLlRP/black#40,
QOdmu,r2q1rk1/p1pnbpp1/1p1p3p/8/2P1b3/1P2PN2/PB2BPPP/R2QR1K1 w - - 0 13,b2g7 g8g7 d1d4 d7f6,1935,77,94,9400,advantage defensiveMove hangingPiece master masterVsMaster middlegame short,https://lichess.org/InmwZjyh#25,Nimzo-Larsen_Attack Nimzo-Larsen_Attack_Indian_Variation
Ubzfe,rn3b1r/pQ1pkppp/4p3/3qP3/3P4/2B5/PP3PPP/R3K1NR w KQ - 1 14,c3b4 e7d8 b7d5 f8b4 e1e2 e6d5,2085,77,85,50,advantage defensiveMove discoveredAttack intermezzo long middlegame sacrifice,https://lichess.org/UhU4wdrO#27,Sicilian_Defense Sicilian_Defense_Alapin_Variation
4DW5i,8/5R2/7p/6pP/1pk3P1/4KP2/r7/8 w - - 0 42,f7f6 b4b3 f6c6 c4b5,2002,86,77,50,crushing defensiveMove endgame master rookEndgame short,https://lichess.org/5VHZwqgK#83,
z8pIW,6k1/1p4bp/3N1p2/2Pp1p1b/r1qPpP2/4B1P1/1Q3R1P/6K1 b - - 4 33,c4d3 b2b7 g7f8 b7d5,2039,91,69,28,crushing middlegame short,https://lichess.org/Pk0cX6yO/black#66,
tZ6Yb,6k1/p2p2n1/1pq3r1/8/3Q4/2P5/PP3PPP/4R1K1 w - - 6 29,e1e4 g6d6 d4d6 c6d6,2008,75,94,11819,crushing endgame master short,https://lichess.org/gT8chckK#57,
bDzEw,3r1rk1/pp2ppbp/1qp2npB/8/3P2b1/2P2N2/PP1QBPPP/R4RK1 w - - 6 13,f3e5 g7h6 d2h6 g4e2,1999,75,87,81,advantage middlegame short,https://lichess.org/UyLCO5xN#25,Modern_Defense Modern_Defense_Other_variations
6jWRR,3rr1k1/p4p2/1p3qn1/2pp2p1/8/6P1/PPQB2BP/R2R2K1 w - - 4 26,b2b4 e8e2 g1h1 f6f2,1967,80,92,477,advantage middlegame short,https://lichess.org/1JDxJCRC#51,
g5YWZ,1qr1r1k1/1p1n1pp1/p1nb4/3p2NQ/3P4/PP6/1B3PPP/2R2RK1 b - - 3 19,d7f6 h5f7 g8h8 c1c3,2079,77,88,183,crushing middlegame short,https://lichess.org/KlgngQbg/black#38,
3I6Tc,1r4k1/5pp1/r1q2n1p/2PpN3/p2P4/3Q3P/P2N1PP1/2R3K1 b - - 1 29,c6b5 c1b1 b5b1 d2b1,2079,77,94,4992,crushing master middlegame short,https://lichess.org/yOdoHIAE/black#58,
F1iMI,6k1/pp3p2/3p2pp/3P4/3bQ1nq/5PN1/PP4B1/R4K2 b - - 0 25,h4g3 e4d4 g4h2 f1e2 g3g2 d4f2 g2g5 f2h2,2020,78,92,1104,advantage endgame hangingPiece skewer veryLong,https://lichess.org/dQ0BSqlD/black#50,
KFjdh,r5k1/1bq1brpp/pn2Q3/1p1N2B1/3P4/P7/BP3PPP/R2R2K1 b - - 0 17,b6d5 g5e7 c7e7 a2d5 b7d5 e6d5,2092,80,91,231,advantage intermezzo long middlegame,https://lichess.org/iQVcA7cH/black#34,Queens_Gambit_Accepted Queens_Gambit_Accepted_Normal_Variation
R4FmT,r3r1k1/ppp3b1/2q1b3/2N3P1/3P4/3QP3/PPK5/R6R b - - 2 26,b7b6 d3h7 g8f7 a1f1 f7e7 h7g7,1977,77,90,196,advantage deflection exposedKing long middlegame,https://lichess.org/XdFfdKSu/black#52,
PQqw9,2k2r2/1ppr2pp/2n3b1/p1b1pN2/P5P1/1QPP3P/1P3P2/R3R1K1 w - - 1 21,b3e6 g6f7 e6d7 c8d7,1997,75,100,155,advantage middlegame short trappedPiece,https://lichess.org/UYTKfjVH#41,
MN10C,8/2k3p1/6Kp/7P/5P2/1R4P1/1p6/1r6 b - - 10 59,c7c6 g6g7 b1h1 b3b2,2013,76,85,355,crushing endgame rookEndgame short,https://lichess.org/LR1vcxGL/black#118,
OBfO5,1k3r2/1p2R3/1p1N4/1B2pP2/2p2r2/2P4p/PP5P/7K w - - 2 45,b5c4 f8d8 e7e8 d8e8 d6e8 f4c4,2089,86,87,35,crushing endgame long,https://lichess.org/JkVDkVJy#89,
uNmCx,4rrk1/pp1b4/2p2ppP/8/2Q2Nq1/2PB4/P4PP1/5RK1 b - - 1 29,d7e6 f4e6 g4e6 c4e6 e8e6 d3c4 g8h7 c4e6,1961,80,88,1882,advantage attraction clearance exposedKing kingsideAttack middlegame pin veryLong,https://lichess.org/7gzBWTDM/black#58,
XfW2m,1k1R2r1/1pp2p2/p1b2Q2/4p1r1/4q3/1B4PP/PPP2P2/3R2K1 b - - 1 27,g8d8 f6d8 b8a7 b3d5,2042,75,92,4939,advantage fork middlegame short,https://lichess.org/Ml3OaXCx/black#54,
9CaLB,3r1r2/1pq2ppk/1p3nnp/p3pN2/P3P3/1NPPRQ2/1P3PPP/5RK1 w - - 10 19,f5h6 h7h6 f3h3 f6h5,2010,82,91,1216,advantage defensiveMove hangingPiece middlegame short,https://lichess.org/HFF5IgfY#37,Mieses_Opening Mieses_Opening_Other_variations
SZd6R,7r/4kpR1/p2p4/3Prq1n/P1P1p3/1P2Q2P/4R1K1/3B4 w - - 3 43,e3a7 e7f8 g7f7 f5f7,1914,75,86,144,crushing defensiveMove middlegame short,https://lichess.org/VbQahY8x#85,
djySK,5rkb/1b2Q3/pp1p2p1/3Pn3/PP1qPN2/2p4P/2B3P1/5R1K b - - 1 40,b7c8 e7f8 g8f8 f4e6 f8e8 e6d4,1925,76,86,144,advantage attraction discoveredCheck doubleCheck exposedKing fork long middlegame sacrifice,https://lichess.org/vERNUK12/black#80,
hc3Zs,8/1p4pk/5p2/1P1Rb2P/1r3BK1/4P3/8/8 b - - 0 45,g7g6 d5d7 h7g8 h5g6 e5f4 e3f4,2020,76,91,2299,crushing deflection endgame long,https://lichess.org/HkF96FnU/black#90,
qonAu,r1b1rbk1/1p3ppp/p2p1n2/4pN2/2q1PP2/2N3Q1/PPP3PP/2BR1RK1 w - - 0 19,f5d6 f8d6 d1d6 c4c5 c1e3 c5d6,1909,77,92,2650,attraction crushing fork long opening,https://lichess.org/RRYuhxsA#37,Sicilian_Defense Sicilian_Defense_Najdorf_Variation
4j8pK,1r1q1rk1/p1n1bppp/2p1p3/2PpP3/3P2B1/P1N1B3/3KQPnP/1R5R b - - 2 18,e7g5 b1b8 d8b8 e3g5 b8b2 d2d3,1996,77,90,1170,crushing long middlegame,https://lichess.org/ThnO8Udb/black#36,Caro-Kann_Defense Caro-Kann_Defense_Advance_Variation
Nppmj,8/8/1pkp4/4n3/1N6/3PK2P/8/8 b - - 1 45,c6c5 d3d4 c5b4 d4e5 b4c5 e5e6,1963,76,90,717,crushing endgame fork knightEndgame long master,https://lichess.org/KUHKFYlT/black#90,
yA6zQ,rnb4r/pp2kp2/3N4/6pp/2P3n1/4PN2/Pq3PPP/R2QKB1R w KQ - 1 13,f1e2 b2b4 f3d2 b4d6,1928,76,95,10383,advantage interference middlegame short,https://lichess.org/LW1HSsmB#25,Indian_Defense Indian_Defense_Budapest_Defense
AWUPQ,1k1r2r1/p1p2p1p/1pP5/2b5/2P2PBq/P4Q2/7N/R1B2R1K w - - 2 25,c1d2 d8d2 f3h3 g8g4,1940,75,78,78,crushing hangingPiece middlegame short,https://lichess.org/Jzb48nIA#49,
Mz4uY,1r6/ppq2p1k/2n1pPp1/2B1P2p/2P2P1P/P7/1P6/2KQ2R1 b - - 0 26,c6e5 c5d6 c7c4 c1b1 b8d8 f4e5,1963,79,92,3952,advantage defensiveMove endgame long master,https://lichess.org/6uUkVvGL/black#52,
jLKdD,4rrk1/2p5/p4BpP/1q6/3QPbP1/1P6/1PP5/1K5R b - - 1 33,f4e5 h6h7 g8f7 f6e5 b5e5 d4e5,2073,74,95,377,advancedPawn advantage long middlegame,https://lichess.org/BESzSo0J/black#66,
3dbaE,8/r4p1k/R1qPp3/2P2p2/1P3P2/3Q1b1P/6r1/R4K2 b - - 1 45,f3e2 d3e2 g2h2 e2h2,2011,77,92,625,advantage middlegame short,https://lichess.org/IwvhAjog/black#90,
oaH3M,r2q1rk1/ppp1n1pp/2n1bp2/2b3N1/3p2N1/3B4/PPPB1PPP/R2QR1K1 b - - 13 14,e6g4 d3h7 g8h8 d1g4,1910,76,88,396,advantage intermezzo kingsideAttack opening short,https://lichess.org/Wyrbr9HE/black#28,Kings_Pawn_Game Kings_Pawn_Game_Busch-Gass_Gambit
S6WSn,r3k1r1/pp1q1p1p/1bpp1Qb1/4p3/2B1P1PB/P1PP3P/1P3P2/2KR3R w q - 0 18,f2f4 b6d8 f6d8 a8d8,1976,75,96,916,advantage middlegame short trappedPiece,https://lichess.org/Coz1XZPg#35,Italian_Game Italian_Game_Giuoco_Pianissimo
ay1E2,7r/2pk4/1p1p1p2/p2PpP2/PP4r1/2P4P/5Q1K/8 w - - 0 34,b4a5 g4h4 f2f1 h4h3,2079,78,90,128,crushing endgame queenRookEndgame short,https://lichess.org/RYV0tWq3#67,
V2UoB,rn2kb1r/ppQ2ppp/5n2/3q4/3P1p2/8/PPP3PP/RNB2RK1 b kq - 0 11,f8d6 c7c8 e8e7 c8h8,1981,134,100,28,equality opening short skewer,https://lichess.org/xd4lkHvS/black#22,
2kxhe,r4rk1/p2qnp1p/1p3P2/2pb4/8/3P2P1/PP1NQRBP/6K1 b - - 0 21,e7g6 e2h5 g8h8 g2d5,2097,76,79,177,advantage master middlegame short,https://lichess.org/vHE5xUXs/black#42,
NU6Zu,r1b1qNr1/1p2bk2/p1p1P2Q/3p1p2/5P2/3nP1R1/PP4PP/R5K1 b - - 0 26,c8e6 h6e6 f7f8 e6g8,1917,75,95,6340,mate mateIn2 middlegame short,https://lichess.org/TyxkBCXp/black#52,
F7Snt,2r2r1k/pp3p1p/1q2p2P/1b1pP1B1/8/2Pn4/PP5K/1RQ2BR1 b - - 2 25,b6g1 h2g1 d3c1 g5f6 h8g8 f1b5,2084,78,91,1675,crushing long middlegame,https://lichess.org/OZMJAXXw/black#50,
WvFKT,3r1rk1/p4pp1/8/4R2p/2BR1Qnq/PP6/5PP1/6K1 w - - 1 27,c4f7 f8f7 d4d8 h4d8,2050,78,93,5721,crushing middlegame short,https://lichess.org/prt3IKLw#53,
lvXDu,6k1/4pp1p/p5pB/4b3/1p2N3/6PP/P1R4K/4r3 b - - 2 30,f7f5 c2c8 g8f7 e4g5 f7f6 c8f8,2061,79,86,239,endgame long mate mateIn3 pillsburysMate,https://lichess.org/iquGskur/black#60,
xjuOp,6rk/p2qb2p/2ppp1pB/4p3/6P1/6N1/PPP3PP/5QK1 b - - 0 22,e7f8 h6f8 d7d8 f8h6,2019,75,85,681,advantage defensiveMove endgame short,https://lichess.org/QY3676II/black#44,
obbu2,8/1p2rpk1/pR4p1/8/8/2P5/PP1r2PP/5RK1 w - - 5 35,f1f2 e7e1 f2f1 e1e2,1923,78,52,260,advantage endgame master masterVsMaster rookEndgame short,https://lichess.org/2fxk3bPg#69,
UBYxL,r1bqk2r/p3bpp1/5n1p/3pp3/2B4B/2N5/PPP2PPP/R2QK2R w KQkq - 0 11,c4d5 f6d5 d1d5 d8d5 c3d5 e7h4,1945,75,64,128,advantage long opening,https://lichess.org/TUCfiOSf#21,Sicilian_Defense Sicilian_Defense_Lowenthal_Variation
YqrGh,2B5/8/6Kp/3pk3/5p2/8/8/8 w - - 0 58,c8g4 e5e4 g6h5 f4f3,1944,75,87,378,bishopEndgame crushing endgame short,https://lichess.org/Gc17XOQy#115,
Qve84,r5k1/pR2R1pp/2p3b1/5r2/3q4/5BQ1/PP3PK1/8 b - - 2 27,f5f7 e7f7 g6f7 b7b8 d4d8 b8d8,2015,87,56,81,crushing long middlegame,https://lichess.org/i74sqxTQ/black#54,
n6Cyo,r4r2/p4pk1/1p2p1pR/4P1P1/4QP2/q3P3/4RKP1/8 b - - 2 28,f8h8 h6g6 f7g6 e4b7 g7g8 b7a8,2001,104,67,15,crushing endgame interference long sacrifice,https://lichess.org/aRarqb9M/black#56,
uEgL9,4R3/p2k1r2/6p1/1p1p4/2pP4/2P2pP1/PP3P2/2q1QK2 b - - 3 44,f7h7 e8e7 h7e7 e1c1 e7h7 f1g1,1940,74,87,312,crushing defensiveMove endgame long,https://lichess.org/AJUgEjHP/black#88,
jgEC1,2r4r/1p1Bkp1p/p2p1p2/4p1P1/8/5Q2/qPP2P1P/2KR3R b - - 0 18,e7d7 f3b7 d7e6 d1d6 e6d6 h1d1,2068,77,93,1560,endgame,https://lichess.org/dNRLHdJj/black#36,Sicilian_Defense Sicilian_Defense_Najdorf_Variation
quR0v,6k1/pbp3p1/1pq1r2p/6n1/P2P4/4P1QP/5PP1/R1B2BK1 w - - 3 27,f1b5 c6c3 c1b2 c3b2,1958,76,91,1376,crushing middlegame short,https://lichess.org/VJEnxbFW#53,
pXX8w,r3k2r/ppq1nppp/1b1B4/1P1nPP2/8/2pB4/P5PP/RN1QK2R b KQkq - 2 15,b6a5 d6c7 c3c2 c7a5 c2d1r e1d1,2034,75,82,79,advantage long middlegame,https://lichess.org/1bKGjs7f/black#30,Sicilian_Defense Sicilian_Defense_Lowenthal_Variation
5cOvh,8/8/8/2pN2p1/1k2PbPp/5K2/8/8 b - - 2 50,b4b3 d5f4 g5f4 g4g5 c5c4 g5g6 c4c3 g6g7 c3c2 g7g8q,1995,75,94,2627,advancedPawn crushing endgame promotion quietMove veryLong,https://lichess.org/04X2vwdZ/black#100,
2NFvZ,r1b4r/pp1p2pp/4k3/4P3/4Q3/2q5/P3KPPP/R1B4R b - - 1 16,c3a1 e4c4 d7d5 e5d6 e6f6 c1g5,1989,108,54,21,advantage discoveredAttack discoveredCheck enPassant exposedKing long middlegame,https://lichess.org/GRYdjW3E/black#32,Bishops_Opening Bishops_Opening_Other_variations
mN1Ec,r3r1k1/pb3ppp/5n2/2b2QB1/2Pq4/1P4N1/P5PP/1B3R1K b - - 3 23,h7h6 g5f6 d4f6 f5h7 g8f8 f1f6,2063,76,94,2737,advantage discoveredAttack kingsideAttack long middlegame,https://lichess.org/OyOu1P01/black#46,
AKrFD,8/ppp1R3/2k5/3bP3/2P5/BP4K1/P3r1r1/3R4 w - - 1 33,g3f4 e2f2 f4e3 f2f3 e3d4 g2g4,1908,75,95,10097,endgame long mate mateIn3,https://lichess.org/7iGLf9qo#65,
Bm06T,r1b1k2r/pp3ppp/8/3pP3/2q1n3/4B3/4KPPP/R2Q1BNR w kq - 2 15,e2f3 e4d2 e3d2 c4g4 f3e3 g4e4,2034,176,83,16,clearance exposedKing long mate mateIn3 opening sacrifice swallowstailMate,https://lichess.org/LrEffug9#29,Indian_Defense Indian_Defense_Other_variations
AItNS,3N2k1/p2r1pbp/6p1/2qB4/2P1p3/1Q6/PP3PPP/3b1RK1 w - - 0 26,d8b7 c5d5 c4d5 d1b3,1972,75,93,4339,advantage master middlegame short,https://lichess.org/1yFlvIKc#51,
QwK5V,3q1rk1/5p2/p3b1pp/3p4/2rB1Qnb/2N5/PPB2PPP/R4RK1 b - - 7 21,g6g5 f4d2 c4d4 d2d4 h4f2 f1f2,2049,85,65,38,crushing long middlegame,https://lichess.org/LFcRMjdi/black#42,
DH1YA,r1bqkb1r/ppp2ppp/1nn1p3/8/3p1B2/1B3Q2/PPP1NPPP/RN3RK1 b kq - 1 9,e6e5 b3f7 e8f7 f4g5 d8f6 g5f6,1916,75,95,17177,advantage attackingF2F7 discoveredAttack discoveredCheck long opening sacrifice,https://lichess.org/kWaz1VOx/black#18,Alekhine_Defense Alekhine_Defense_Normal_Variation
2yR9p,8/5P1R/k1p5/6PK/5r2/1p6/8/8 w - - 1 67,g5g6 b3b2 h5g5 f4f1,1939,77,92,91,advancedPawn crushing endgame rookEndgame short,https://lichess.org/spYN4C2z#133,
nYN7Z,r1k5/P7/4p1p1/1K2B1Pp/7P/8/8/8 b - - 0 50,c8b7 e5b8 e6e5 b5c5 e5e4 c5d4,1960,123,71,19,crushing endgame long quietMove,https://lichess.org/gSjFhMNL/black#100,
K3hYj,8/1pkn1pp1/p6p/2p2K2/2P2P2/4P3/PPB4P/8 w - - 2 27,c2e4 g7g6 f5g4 f7f5 g4f3 f5e4,2021,75,96,3130,advantage endgame fork long,https://lichess.org/cyTnlKSu#53,
0UJlw,r4r2/pp2n1kp/3N2p1/3P4/5pb1/3Q2N1/Pq4PP/1R3R1K b - - 1 21,b2a2 b1b7 g7g8 b7e7,1915,79,91,1289,crushing middlegame pin short,https://lichess.org/LwzPfCNL/black#42,
UpRW4,4r1k1/pp1n2pp/2p1N3/2P5/3P2q1/4Q3/PP4PP/4R1K1 w - - 3 24,e3h3 g4h3 g2h3 d7f8 d4d5 c6d5,2016,80,92,1014,advantage endgame long,https://lichess.org/vXgd1Gew#47,
y95xX,8/2r4p/p3Q1p1/k4p2/2r5/3KP1P1/5PP1/8 w - - 0 40,e6c4 c7c4 d3c4 a5b6,2072,81,85,99,crushing defensiveMove endgame short,https://lichess.org/acQdmTCo#79,
y5DTA,8/3k4/1P6/2N1p1p1/3pPp2/3P4/PK4n1/8 b - - 2 59,d7c8 a2a4 f4f3 a4a5 f3f2 a5a6,1988,168,43,13,crushing endgame knightEndgame long master quietMove,https://lichess.org/17yIdXLj/black#118,
a875s,8/8/7p/1p1p4/1K1Pk3/1P6/7P/8 w - - 2 46,b4b5 e4d4 b5c6 d4e4 b3b4 d5d4 b4b5 d4d3 b5b6 d3d2 b6b7 d2d1q b7b8q d1d5,1927,74,88,163,advancedPawn crushing endgame pawnEndgame promotion quietMove veryLong,https://lichess.org/7geuhquA#91,
tkG7V,1k6/1pp4p/pq1r4/8/4QP2/3P2P1/P6P/K1R1R3 w - - 0 31,e4h7 b6d4 a1b1 d6b6 b1c2 b6b2 c2d1 d4a4 c1c2 a4c2,1986,122,14,28,endgame mate mateIn5 veryLong,https://lichess.org/GPicgXJS#61,
WFvOA,5rk1/1p3ppp/p7/3pPp2/1P1N2P1/qPPK4/3R3P/1R6 b - - 3 31,a6a5 d4b5 a5b4 b5a3,2000,431,0,7,crushing endgame short trappedPiece,https://lichess.org/dnIe39mW/black#62,
y7d6r,8/6k1/3p2p1/2pP3p/2P4P/p7/P5PK/8 w - - 0 39,g2g4 g7f6 h2g3 f6e5 g4h5 g6h5,1979,74,89,85,crushing endgame long pawnEndgame,https://lichess.org/L66p2Vy8#77,
uX1n0,7R/2Q3pk/8/1p1p4/1P3P2/2P5/3KR3/5q1r b - - 9 50,h7h8 c7c8 h8h7 c8f5 g7g6 e2e7 h7h6 f5g5,1903,76,90,206,endgame mate mateIn4 veryLong,https://lichess.org/h0VsK6Jh/black#100,
2vgPs,2r3k1/5pp1/8/5P1Q/1p1p2P1/1P1Pb2P/2q5/R4R1K w - - 0 34,a1a7 c2c6 h1h2 c6d6,1928,75,92,1369,crushing endgame master short,https://lichess.org/oCdX2vAy#67,
hXMlY,r2qkb2/pQ2npp1/2n5/3p4/3Pp3/2N4N/PP2PP2/R1B1K3 w Qq - 1 13,c3d5 a8b8 d5c7 e8d7,2076,77,82,452,advantage master masterVsMaster middlegame short,https://lichess.org/GvjJejiE#25,Grob_Opening Grob_Opening_Keene_Defense
7NHMp,3r2k1/6r1/4p1q1/1p1pPp2/pPpR1P1R/P1P3P1/2K4Q/8 b - - 14 42,g6g3 h4h8 g8f7 h2g3,2029,77,94,9580,crushing endgame intermezzo short,https://lichess.org/u2vv5yND/black#84,
zEgMS,r1b2rk1/pp1pbppp/2n1p1n1/qN2P3/2B5/P3BN2/1P2QPPP/R2R2K1 b - - 0 13,c6e5 f3e5 g6e5 e3d2 e5c4 d2a5,2070,77,88,786,advantage long middlegame,https://lichess.org/TAdKOFde/black#26,Sicilian_Defense Sicilian_Defense_Smith-Morra_Gambit
1bKsa,r1b2rk1/2qn1pp1/p2bpn1B/1p1p4/3P4/P1NB1N1P/1PPQ1PP1/R4RK1 w - - 1 13,h6g7 d6f4 d2d1 g8g7,1944,77,92,352,advantage intermezzo middlegame short,https://lichess.org/cM7P1nTW#25,Caro-Kann_Defense Caro-Kann_Defense_Exchange_Variation
bZdSq,1r5k/Rb4p1/2qP1p1p/2pn1Q2/8/6N1/1P3PPP/5RK1 w - - 5 29,f5e6 d5f4 e6e4 f4e2 g3e2 c6e4,1914,140,33,11,crushing deflection long middlegame,https://lichess.org/Cm5Qhqj9#57,
vie4o,3q3r/5kpp/2Q2n2/3p4/1BpP4/5P2/6PP/R5K1 b - - 2 33,h8e8 a1a7 f7g6 c6b7 d8d7 b7d7 f6d7 a7d7,1958,73,92,10634,crushing endgame veryLong,https://lichess.org/h34Tziku/black#66,
biL1R,3r3k/pp3pp1/2p1pR1p/2qr4/8/P1PB1Q1P/1PK2P2/6R1 b - - 0 26,d5d3 f6h6 h8g8 g1g7 g8g7 f3f6 g7g8 h6h8,1920,75,96,1633,attraction endgame killBoxMate kingsideAttack mate mateIn4 sacrifice veryLong,https://lichess.org/ftn9dani/black#52,
FlMlp,r3r1k1/ppq2ppp/2n2n2/2Pp1p2/1P5P/P1N1PP2/2P1N1P1/R2QK2R w KQ - 0 14,c3d5 f6d5 d1d5 e8e3,2006,75,85,350,advantage capturingDefender middlegame short,https://lichess.org/k4bqNkDc#27,Indian_Defense Indian_Defense_Other_variations
wDBFH,8/2pk4/Q1n1p1p1/3pPqPr/5P2/4PNK1/1R6/8 w - - 1 49,a6e2 h5h3 g3f2 f5g4,1941,74,87,999,crushing endgame short,https://lichess.org/la5x0SWD#97,
sWHu1,8/1R4pk/4KP2/2P1P3/8/8/2r4p/8 w - - 0 50,b7g7 h7h8 g7d7 h2h1q,1926,75,94,3915,advancedPawn crushing endgame master promotion rookEndgame short,https://lichess.org/vXxGIBhQ#99,
VhQ8m,r4b2/p6p/1p4pk/2p3q1/2Bp4/1P3Q2/P1P4P/4R2K b - - 2 26,f8d6 f3a8 g5d2 e1e2 d2c1 h1g2,1987,75,89,272,advantage endgame hangingPiece long,https://lichess.org/SCt6LO3N/black#52,
PX0Me,2bqk1r1/3pnp1p/p2QpBp1/1p2P3/7P/2b3P1/P1P2PB1/3R2K1 b - - 3 17,e7f5 d6c5 c3d4 d1d4,2099,84,83,38,crushing middlegame short,https://lichess.org/qCGMSVv7/black#34,Sicilian_Defense Sicilian_Defense_French_Variation
FOJrF,5r1k/pR4pp/2N1p1b1/2P2r2/3PQP1q/2P1P1R1/P6P/7K w - - 1 27,c6e5 h4g3 h2g3 f5h5 h1g1 g6e4,2065,83,91,1614,advantage discoveredAttack kingsideAttack long master middlegame sacrifice,https://lichess.org/ikP2gttb#53,
WLmEp,8/1p3R2/1k6/1P4p1/1P5p/1K5P/7r/8 w - - 4 54,b3c4 h2h3 f7f6 b6a7,2063,78,85,95,advantage endgame rookEndgame short,https://lichess.org/hn7KDGLy#107,
wmGWM,r1b2rk1/1pq2pp1/p1nb1n2/3pp1N1/3P3Q/P1N1B3/1PP2PPP/R4RK1 b - - 5 18,e5d4 c3d5 d6h2 g1h1 c8f5 d5c7,1985,74,95,11177,advantage long middlegame,https://lichess.org/C3yC1pTe/black#36,Rapport-Jobava_System Rapport-Jobava_System_Other_variations
Z75yE,2r4k/5pp1/2Nq2bp/1r1PR3/4p3/2Q4P/5PP1/3R2K1 b - - 4 38,c8c6 e5e8 h8h7 c3c6 d6c6 d5c6,1940,79,95,14298,advantage intermezzo long master middlegame,https://lichess.org/uKI1IVOQ/black#76,
F2IS3,4r3/pQ5p/1p4pk/2p5/2PpP3/3B2q1/PP4P1/5RK1 w - - 1 29,d3b1 g3e3 g1h2 e8e5 f1f3 e5h5,2008,76,88,330,advantage endgame long,https://lichess.org/2KZOMZgI#57,
dQkoq,r7/6pk/p4pNp/8/2R5/2NP3Q/1PP2qPK/4r3 w - - 1 29,c4f4 f2g1 h2g3 e1e3 f4f3 e3f3,1915,308,0,5,advantage long middlegame pin,https://lichess.org/b7IZAmVi#57,
lu5Kf,8/8/kp4pK/5qP1/8/2Q5/8/8 b - - 11 53,b6b5 c3f6 a6a5 f6f5,1962,76,95,10847,crushing endgame queenEndgame short,https://lichess.org/QMk1TLEG/black#106,
jXiys,3k4/3n3p/2Q5/3Ppp2/7P/2pqN1P1/5PK1/8 b - - 1 40,f5f4 d5d6 d3d6 c6d6,1900,75,91,2600,crushing endgame master masterVsMaster short,https://lichess.org/C3uRDDjE/black#80,
Kfh39,2rr4/7p/6pk/2P1Q3/5P1q/8/4R3/2R3K1 b - - 4 38,h4g3 e2g2 d8e8 g2g3 e8e5 f4e5,2028,77,95,1434,crushing defensiveMove endgame long,https://lichess.org/yfSI9aTZ/black#76,
49h87,2r1r1k1/p3q1pp/1p2n1p1/4P3/5N2/1Q6/PP4PP/3R1RK1 b - - 3 26,g8h8 f4e6 e7e6 f1f8 e8f8 b3e6,1959,75,95,7395,crushing deflection kingsideAttack long master middlegame,https://lichess.org/T0VT5FLR/black#52,
mrJvG,r4rk1/p2qbpp1/1p2p2p/2p1P3/8/1PPP1Q2/P4RPP/1RB4K w - - 1 23,f3g3 e7h4 g3h4 d7d3 h2h3 d3b1,1955,78,70,67,crushing deflection long middlegame pin sacrifice,https://lichess.org/VsO0SMGa#45,
iVLwy,r1b1r1k1/pp1p1pp1/3q4/4B2Q/8/8/PPP3PP/R4R1K b - - 0 20,d6e5 h5f7 g8h7 f1f5 e5e1 a1e1,1963,74,85,226,crushing long middlegame,https://lichess.org/fjvwiHOG/black#40,
HTQKr,1k1r4/p1p4r/1p2R3/1N1P1qpp/2PQ1p2/1P2n3/P5PP/4R2K w - - 4 25,b5c3 f5e6 d5e6 d8d4,2059,78,86,53,crushing middlegame short,https://lichess.org/ahKMZZAx#49,
JjsO0,r2qr1k1/1ppb1pp1/p2b1n1B/8/4p2R/1P1P1NN1/1PP2PPP/2Q2RK1 b - - 0 15,e4f3 h6g7 f6g4 h4g4 d7g4 c1h6,1962,76,92,345,advantage long middlegame,https://lichess.org/5fUv8yDg/black#30,Scandinavian_Defense Scandinavian_Defense_Other_variations
NKFYb,r3r1k1/3n1pp1/2pb3p/3p4/3N1Pbq/2NP4/4P1B1/1RBQ1RK1 w - - 0 20,d1e1 h4e1 f1e1 d6c5 e2e3 c5d4,1904,76,95,12353,advantage long master middlegame pin,https://lichess.org/BZPhDYkE#39,
Xp2sN,8/ppk3p1/8/PP2Pp1p/2pp2b1/3P2P1/1KP1r3/R5R1 w - - 0 30,a1e1 c4d3 e1e2 d3e2,1911,141,50,8,advancedPawn advantage endgame pin short,https://lichess.org/aUjqrQO4#59,
rIVfM,r1b2rk1/3p1ppp/6P1/2q1n3/1pB1P3/1P4P1/PB1Q4/2KR3R b - - 0 22,e5c4 g6h7 g8h8 b2g7 h8g7 d2h6 g7h8 h6f6,2047,75,95,14645,advancedPawn attraction kingsideAttack mate mateIn4 middlegame veryLong,https://lichess.org/oJxkRb0R/black#44,
fCIw3,8/8/1p6/4k2p/P4p1P/5K2/6P1/8 w - - 1 53,g2g3 f4g3 f3g3 e5e4 g3f2 e4f4,1918,73,95,3414,crushing defensiveMove endgame long pawnEndgame,https://lichess.org/Bg4HNIR9#105,
TRDgT,r5k1/P4rp1/7p/1pNpqp2/2n5/1Q2P3/R4PPP/R5K1 w - - 0 34,b3b5 f7a7 c5a6 a7a6 b5a6 a8a6,2068,74,93,10091,advantage long middlegame,https://lichess.org/w1nh27CI#67,
8OYtc,rn1qk3/pbpp1pp1/1p1bpn2/7r/8/2PP1N1P/PP2PPB1/RNBQK2R w KQq - 1 8,c1g5 h5g5 f3g5 b7g2,2078,87,74,37,crushing opening short,https://lichess.org/kaTfBKaC#15,Saragossa_Opening Saragossa_Opening_Other_variations
jayis,r5k1/4p1b1/8/p2pP1Pp/3PqnnN/P7/3Q1PP1/3R1RK1 w - - 7 26,f2f3 f4e2 d2e2 e4e2,1982,77,94,1304,advantage kingsideAttack master masterVsMaster middlegame short,https://lichess.org/yf3uwYLw#51,
wSLpJ,2kr2r1/1pp1qp2/p2pP2p/8/2BQ4/5P2/PP3P2/4RK2 b - - 2 23,f7e6 c4e6 c8b8 e6g8,1993,86,77,28,advantage endgame fork short,https://lichess.org/v8OBqIYL/black#46,
Dy1fg,rn1qk1nr/1b1pb3/pp2p3/2p5/3P2Q1/2PBP1B1/PP3PP1/RN3RK1 b kq - 0 13,g8f6 g4g7 d7d6 g7h8,2041,75,84,92,crushing opening short,https://lichess.org/DWQ2PrvL/black#26,Horwitz_Defense Horwitz_Defense_Other_variations
CX9Ea,2r4k/p5pp/P1p5/NpP1P3/1P1Pp3/4bp1P/7K/4R3 b - - 1 42,e3d4 e1e4 c8f8 e4d4 f3f2 d4d1 f2f1q d1f1,2088,83,90,378,advantage endgame quietMove veryLong,https://lichess.org/R5RBau9V/black#84,
yvtWD,3r3k/1p5p/pqnBN1p1/3Q1b2/2Pb4/P7/1P4PP/4R2K b - - 8 24,c6e7 d6e5 h8g8 d5d8 b6d8 e6d8,2098,89,91,255,advantage discoveredAttack fork long middlegame,https://lichess.org/X6xw30Pv/black#48,
Ui9bC,r4r2/3b2k1/2p1p1pq/pp1pPpR1/3P1R2/2PBP1Q1/PP4P1/6K1 b - - 5 26,f8h8 f4h4 h6h4 g5g6 g7f7 g6g7,2089,81,89,1073,crushing deflection long middlegame sacrifice,https://lichess.org/rWRPg9TG/black#52,
ynvx7,8/6k1/KP4p1/3pq2p/4p2P/4Q3/6P1/8 b - - 0 39,e5d6 e3c3 d5d4 c3c7 d6c7 b6c7 e4e3 c7c8q,1998,75,95,4652,advancedPawn crushing endgame promotion queenEndgame veryLong,https://lichess.org/v6WwFtMn/black#78,
ArWBh,1r6/2n1pk2/5bpB/p1pPR3/Pr3Q2/1qN5/1P3PP1/1R4K1 w - - 1 28,e5e4 c7d5 c3d5 b3d5,2076,89,82,75,advantage master middlegame short,https://lichess.org/tZDn1pmQ#55,
nkBkN,2kr1br1/1ppq4/p2p1n1p/3Pp3/1PQ1Pp2/2N2N2/P4PPP/R4RK1 w - - 1 19,b4b5 g8g2 g1g2 d7g4 g2h1 g4f3,1997,76,92,2703,attraction crushing deflection kingsideAttack long middlegame sacrifice,https://lichess.org/FAbdQRT2#37,
JU1nO,r1b2rk1/p2n2b1/2p2pp1/2qP4/2Np1P2/2P5/PP2B1P1/R1BQ1RK1 w - - 1 17,d5c6 d4d3 c1e3 d3e2 d1e2 c5c6,2008,78,91,1485,advancedPawn advantage discoveredAttack discoveredCheck long middlegame,https://lichess.org/7Hc1rUK6#33,Bird_Opening Bird_Opening_Other_variations
w7DW3,1r1r4/1qp1ppkp/p3P1p1/2R3P1/1p1P4/3P1N1P/PP2Q3/K7 b - - 0 27,d8d4 e2e5 g7g8 e6f7,2015,81,87,68,advancedPawn advantage endgame fork short,https://lichess.org/FSVOi5Cl/black#54,
Fdgtx,r1bq1k1r/pp2nppp/2nNp3/3pP3/6P1/5N2/PP1Q1P1P/R3KB1R b KQ - 0 11,c6e5 f3e5 d8d6 d2f4,1967,76,88,340,advantage opening short,https://lichess.org/fFLiH9x0/black#22,Sicilian_Defense Sicilian_Defense_Open
2saHq,r2k3r/ppp2Bpp/3b1n2/n2P1qB1/Q7/5N2/PP3PPP/5RK1 b - - 0 15,b7b6 f7e6 f5g5 f3g5,2013,75,97,72,crushing middlegame short,https://lichess.org/OUDcK2DO/black#30,Queens_Gambit_Declined Queens_Gambit_Declined_Baltic_Defense
wW3Ud,7r/1pp3p1/2n2k1p/p7/PbK1PB2/1P3N2/1Pn2PPP/2R5 b - - 5 20,c2d4 f3d4 c6d4 c4d4 h8d8 d4c4,1967,77,92,2399,advantage long middlegame,https://lichess.org/xMLpXC8X/black#40,
4asT2,r3n3/ppp1nrk1/5pp1/4q3/8/2N4Q/PPP1N1P1/R3K2R b KQ - 1 18,e8d6 h3h6 g7g8 h6h8,1991,74,92,2675,mate mateIn2 middlegame short,https://lichess.org/qbslxp8I/black#36,Indian_Defense Indian_Defense_Other_variations
nsaII,1r6/3N1pk1/7p/B1P5/1p5P/1P3p2/5P2/3b2K1 b - - 3 44,b8b5 c5c6 b5a5 c6c7 a5a8 d7b8 d1b3 c7c8q,2015,79,90,499,advancedPawn advantage endgame promotion quietMove sacrifice veryLong,https://lichess.org/tm5DrKf0/black#88,
9aQjs,r7/r5k1/1Qp2q1p/3P2p1/6R1/8/PpP3P1/1K1R4 w - - 1 28,d5c6 a7a2 b6d4 a2a1 b1b2 a1d1 d4f6 g7f6,2021,91,81,25,crushing endgame pin veryLong,https://lichess.org/2XmuE7tf#55,
d5cEi,2r1r1k1/pp2bppp/1qn1pn2/3p2Nb/3P1B2/2PBR2P/PPQN1PP1/4R1K1 b - - 10 16,c6b4 d3h7 g8h8 c2b1,1956,76,89,933,crushing defensiveMove middlegame short,https://lichess.org/3MAIPxIZ/black#32,Caro-Kann_Defense Caro-Kann_Defense_Other_variations
3VRH6,3r2k1/pp2q1b1/1nr3p1/5pP1/4N1BR/8/PPP1QPK1/1R6 w - f6 0 28,e4f6 g7f6 g5f6 e7f6 b1h1 f5g4,1976,75,91,1576,advantage long middlegame,https://lichess.org/3NDhZVgZ#55,
ztAVz,2kr2nr/1pp2ppp/p1bbp3/4N3/4PB2/8/PPP1KPPP/RN5R w - - 2 11,e5f7 d6f4 f7d8 c8d8,2083,85,80,55,advantage middlegame short,https://lichess.org/DobVMbT3#21,French_Defense French_Defense_Knight_Variation
LWP6l,5r2/2q1k1p1/p7/1p5p/3p2n1/N6Q/PP4PP/R4R1K w - - 2 23,a1d1 f8f1 d1f1 g4f2 h1g1 f2h3,2085,78,89,576,crushing long middlegame,https://lichess.org/vA6hWiOD#45,
u8uJz,8/8/3k4/5ppp/8/1PK4P/P7/8 w - - 0 45,a2a4 g5g4 h3g4 h5h4,2050,75,76,115,crushing defensiveMove endgame pawnEndgame short,https://lichess.org/ZGGkZTlt#89,
7rlfl,3k1b1r/1p3ppp/pN6/2p1B3/3rP3/5bP1/PP3P1P/R3R1K1 b - - 5 20,d4e4 e1e4 f3e4 a1d1 d8e8 d1e1,2039,76,86,68,crushing exposedKing long middlegame,https://lichess.org/nbFCvLyS/black#40,
NNAVx,1kr5/1pp3p1/1q3b1p/3R3P/Q7/5P2/1P3P2/1KB5 b - - 0 32,c8f8 d5a5 b6a5 a4a5,1914,76,87,69,crushing endgame quietMove short,https://lichess.org/e8sDWFg7/black#64,
1RpcL,3r4/p1pk1p1p/B1pbbq2/3p4/8/1P4P1/P1PNQ2P/R3K2R w KQ - 0 16,e1c1 d6a3 c1b1 f6b2,1926,79,85,291,mate mateIn2 middlegame queensideAttack short,https://lichess.org/2FGDJCM0#31,Nimzo-Larsen_Attack Nimzo-Larsen_Attack_Modern_Variation
pI9jA,r1b2rk1/p4ppp/1pnqp3/8/3PP3/3B1N2/P4PPP/R2Q1RK1 b - - 0 13,c6d4 e4e5 d6d5 f3d4 c8b7 d4f3,1944,76,84,127,advantage defensiveMove long master middlegame,https://lichess.org/jOyOT6zR/black#26,Indian_Defense Indian_Defense_London_System
eNTuR,2Q5/3P1ppk/3q3p/1p6/P1p5/7P/5nPK/4R3 w - - 3 36,g2g3 d6d2 c8g8 h7g8 d7d8q d2d8,2047,79,77,107,crushing endgame long,https://lichess.org/NfzWgR6T#71,
p7fKv,r7/2kb4/p1p1p3/3pPpQ1/2pP2p1/2P3Pq/PP3PN1/R5K1 w - - 5 28,g5e7 a8h8 g2h4 f5f4,1944,74,87,1569,crushing endgame quietMove short,https://lichess.org/08u3tnat#55,
w4yjv,2r5/p1r3b1/1p2pk1p/3p1p2/5q2/1Q6/P3B1PP/3RR2K b - - 1 39,c7c1 d1c1 f4c1 e1c1 c8c1 e2d1,2025,78,91,379,advantage defensiveMove long middlegame,https://lichess.org/k0ES6DXi/black#78,
roMx1,2R5/8/8/3k1P2/8/pp6/6PP/6K1 w - - 2 45,c8b8 a3a2 g1f2 a2a1q,1906,76,92,1259,advancedPawn crushing endgame master promotion rookEndgame short,https://lichess.org/CXdaAhkR#89,
Sbt2K,1k1r4/pppR1pr1/8/8/2p5/2Pp1qPQ/PP3P1P/4R1K1 b - - 2 25,g7g8 d7d8 g8d8 h3d7 a7a6 d7d8,1976,76,92,5284,attraction clearance crushing endgame long queensideAttack,https://lichess.org/NR47woRY/black#50,
IW7nL,3r3k/pp3pb1/2p4p/5Nq1/4Q3/P6P/5PP1/4R2K b - - 7 30,d8d5 e4e8 h8h7 f5e7,2002,83,92,2111,advantage endgame short,https://lichess.org/6UcJk47X/black#60,
CQ6Lw,r5k1/pp1b1r1p/5pp1/1R1Pnp2/2q5/2P3P1/4RPBP/2BQ2K1 w - - 0 21,b5b7 d7a4 d1e1 f7b7,1976,79,92,745,advantage discoveredAttack master middlegame short,https://lichess.org/GMbqfbKR#41,
QS9Ye,8/8/p3k3/1p2r3/2pR1p2/P1P2P2/1P3K2/8 b - - 1 36,e5d5 d4d5 e6d5 f2g2 d5c5 g2h3,1903,75,90,1125,crushing defensiveMove endgame long rookEndgame,https://lichess.org/DG8B9oBb/black#72,
w18K8,6Q1/pp2r3/2p2q1k/6R1/5Pp1/8/PPP3PP/6K1 w - - 4 36,g5g4 f6d4 g1f1 d4d1 f1f2 d1e1 f2f3 e1e3,2045,86,77,78,endgame mate mateIn4 veryLong,https://lichess.org/tglk3jo0#71,
JVoVM,6k1/p1Nprppp/1p6/2b5/3n4/3B1PP1/PP1BN1qP/R2QKR2 w Q - 3 18,c7d5 d4f3 f1f3 g2g1 f3f1 c5f2,2018,81,45,51,exposedKing long mate mateIn3 middlegame pin sacrifice,https://lichess.org/ej0jLg5j#35,Owen_Defense Owen_Defense_Other_variations
rXUmJ,r2qr1k1/2p2pb1/p2p2P1/1p4Nn/1P1p2QP/2P2N2/P7/2K4R b - - 0 23,d8f6 g6f7 f6f7 g5f7,1942,77,93,5487,advancedPawn crushing fork middlegame short,https://lichess.org/iQULsqNq/black#46,
L3MK2,1rR1kb2/5p2/3p1P1r/1q2p2p/7P/3Q4/pP4P1/K2R4 b - - 1 35,e8d7 d3f5,1955,76,98,245,mate mateIn1 middlegame oneMove,https://lichess.org/cW48mm2J/black#70,
XpCrV,2kr3r/ppp2ppp/4b3/6q1/2PB1n2/5B2/P1P2PPP/R2QR1K1 w - - 1 16,c2c3 f4h3 g1h1 h3f2 d4f2 d8d1,1965,79,93,7374,advantage deflection kingsideAttack long middlegame pin,https://lichess.org/suxIJGnA#31,Kings_Knight_Opening Kings_Knight_Opening_Normal_Variation
X9264,8/5pp1/4pr2/4R1p1/3P2k1/4P1P1/6K1/8 b - - 21 51,f6f5 e5e4 g4h5 g3g4 h5g6 g4f5,1941,77,96,3039,crushing endgame fork long master rookEndgame,https://lichess.org/AYs0ko7O/black#102,
Hy2a6,r3r1k1/ppp2ppp/8/2Q5/1P1B1P2/P7/bqP3PP/2R1R1K1 b - - 3 24,e8e1 c1e1 b7b6 c5e5 b2d4 e5d4,1926,76,87,84,advantage long middlegame,https://lichess.org/UbiyIi6J/black#48,
xjXSp,5k2/7R/8/4PK2/8/7p/8/7r w - - 0 56,e5e6 h3h2 h7h8 f8e7,2097,82,91,595,advancedPawn crushing endgame rookEndgame short,https://lichess.org/NF8EYNR4#111,
LbXGq,r5k1/1p1n2pp/p3p1r1/2Pp4/1P3qNP/8/P1P1QPP1/R4RK1 w - - 1 22,h4h5 f4g4 e2g4 g6g4,1916,74,87,397,advantage middlegame short,https://lichess.org/aztwlvhq#43,
JcYMs,r3k2r/2q2pp1/b2Np2p/p1bnP3/1pp5/5NP1/PP3PBP/2RQR1K1 b kq - 1 17,c5d6 d1d5 e6d5 e5d6 e8d8 d6c7,2094,87,83,44,advancedPawn crushing discoveredAttack discoveredCheck intermezzo long master middlegame sacrifice,https://lichess.org/paBvltfy/black#34,Semi-Slav_Defense Semi-Slav_Defense_Noteboom_Variation
u5Bgo,2kr2r1/Qp1n1p1p/2pb4/4p3/8/2P1BqP1/PP3P1P/3RR1K1 b - - 2 17,c8c7 a7a5 c7c8 d1d6,2040,77,95,1561,advantage deflection middlegame short,https://lichess.org/IHh3i1za/black#34,Caro-Kann_Defense Caro-Kann_Defense_Bronstein-Larsen_Variation
SUtkF,4K3/p5P1/3k4/P7/8/8/1p4r1/1R6 w - - 4 66,b1b2 g2b2 g7g8q b2b8 e8f7 b8g8,1906,76,93,1961,crushing endgame long rookEndgame skewer,https://lichess.org/dVgmySdN#131,
qzP7G,2kr3r/1pp2p2/pb1p1q1p/3Pn3/1PB3b1/PQ3N2/1B1N1PP1/R3R1K1 w - - 1 19,f3e5 f6f2 g1h2 f2h4 b3h3 g4h3,1912,77,88,74,advantage fork long middlegame,https://lichess.org/9Ej3Orr5#37,
t5jrr,r1b2rk1/1pp2ppp/pb4n1/3n4/2N5/5NP1/P3PPBP/R1B2RK1 b - - 1 16,c7c6 e2e4 b6d8 e4d5,1949,73,94,10790,advantage middlegame short,https://lichess.org/lGDT5Mwi/black#32,English_Opening English_Opening_Carls-Bremen_System
5FbIW,1b3r1k/1R4pp/p1p5/2Pp1bq1/3Pp1P1/P3P2P/5Q2/5RK1 w - - 0 31,f2f5 g5e3 f1f2 e3g3 g1f1 f8f5,2052,83,90,2203,crushing endgame exposedKing kingsideAttack long,https://lichess.org/WjVPZo6b#61,
GQQ4F,8/5p2/4b2P/p2p4/5R2/P5K1/1kp5/8 w - - 0 49,f4f1 e6f5 f1f5 c2c1q,2017,74,94,2393,advancedPawn crushing deflection endgame promotion quietMove short,https://lichess.org/YqF5uJgS#97,
qejYV,8/p7/1p6/1P2p2p/P3Pkp1/8/5BK1/8 b - - 5 39,f4e4 f2b6 a7b6 a4a5 e4d5 a5a6,2091,76,84,110,bishopEndgame crushing endgame long sacrifice,https://lichess.org/pRAFcBLN/black#78,
waYxy,8/5p1k/2Q1b1p1/4q3/5N1P/5PK1/8/8 w - - 2 60,c6b7 g6g5 h4g5 e5g5 g3f2 g5f4,1990,77,93,9814,crushing deflection endgame long master,https://lichess.org/cytflFWM#119,
9SgMx,r3qrk1/2pn2pp/1bp5/pp2Pb2/4NB2/2P2N1P/PPQ2PP1/R3R1K1 w - - 9 20,c2e2 f5e4 e2e4 d7c5 e4c2 f8f4,1962,78,93,8922,advantage long middlegame,https://lichess.org/mLN8taFZ#39,
aDp8z,1k1r2r1/1p3R2/1q5p/1P1p4/2nP1Q2/2p4B/6PP/R5K1 b - - 1 30,b6d6 f7b7 b8b7 f4f7 d6c7 a1a7 b7a7 f7c7,2006,75,80,117,advantage attraction deflection middlegame queensideAttack sacrifice veryLong,https://lichess.org/QbM4KwWJ/black#60,
ZCsZP,r7/7R/5p2/P7/5k2/8/1K6/8 w - - 1 43,h7f7 f6f5 a5a6 a8a6,1976,76,93,4236,crushing endgame quietMove rookEndgame short,https://lichess.org/z6r2j6Sq#85,
KnN1J,4r3/6kp/1rN3p1/p3pb2/P3nPP1/1P2R3/2P4P/2KR4 w - - 0 34,g4f5 e5f4 e3e4 e8e4,1909,75,86,122,advantage endgame master short,https://lichess.org/GCjeUiNK#67,
qVGL9,8/pp1r2pK/8/6P1/Pk6/1P5R/8/8 b - - 12 54,d7d5 g5g6 d5d7 h3f3,2007,75,73,75,advantage defensiveMove endgame rookEndgame short,https://lichess.org/WBDoLGbB/black#108,
d7oEe,r2q1rk1/pb3ppp/1p2p3/4N3/4n3/3B4/PP2QPPP/R2R2K1 b - - 1 17,d8h4 g2g3 e4g3 f2g3,1920,76,88,1512,advantage middlegame short,https://lichess.org/iL4tAl4J/black#34,Blumenfeld_Countergambit Blumenfeld_Countergambit_Other_variations
gAoNn,8/1b3Qpk/1p1np2p/8/8/P3qN1P/1P2B1PK/8 w - - 1 30,f7c7 e3e2 c7d6 b7f3,2004,75,95,13348,crushing endgame hangingPiece pin short,https://lichess.org/LBPzhcbM#59,
iOqHY,2r2rk1/1ppbbq2/p3p1p1/2PpB2B/3Pp3/4P3/PP3PPP/R2Q1RK1 w - - 0 18,d1g4 g8h7 h5g6 f7g6,1936,76,92,2921,advantage middlegame short,https://lichess.org/ZktyOw4u#35,Dutch_Defense Dutch_Defense_Normal_Variation
sJdJi,r5qk/ppp2R1p/2np2p1/3Qb3/7R/1P6/P5PP/7K b - - 7 26,a8f8 h4h7 g8h7 f7f8 h8g7 f8f7,1922,74,95,3096,crushing deflection long middlegame,https://lichess.org/PVRgSzKk/black#52,
vDIx2,2kr1b1r/ppp2pp1/4pB2/8/8/3B1Qpq/PPP2P1P/R3R1K1 w - - 0 17,f6d8 g3h2 g1h1 h3f3,1999,80,80,142,advancedPawn discoveredAttack kingsideAttack mate mateIn2 middlegame short,https://lichess.org/jGFMQcBC#33,Scandinavian_Defense Scandinavian_Defense_Main_Line
aiE7L,r1b2rk1/pp2np1p/4p1p1/3pR3/1q5P/2NQ1N2/PPP2PP1/R5K1 b - - 0 15,b4b2 a1b1 b2a3 c3d5 a3d3 d5e7 g8g7 c2d3,2012,73,94,8110,advantage middlegame sacrifice veryLong,https://lichess.org/gf5xXYBh/black#30,Sicilian_Defense Sicilian_Defense_Old_Sicilian
lO483,r1bqkb1r/1p2pppp/p1n2n2/3p4/Q2P4/2N1PN2/PP3PPP/R1B1KB1R b KQkq - 1 7,b7b5 f1b5 a6b5 a4a8,1930,77,92,4048,crushing middlegame pin short,https://lichess.org/GHZYA6RX/black#14,English_Opening English_Opening_Caro-Kann_Defensive_System
Qlq9E,2k3r1/1q6/pp1Rp3/2p4p/4N2P/4Pp2/PPQ2P2/7K w - - 0 30,e4f6 b7g7 d6c6 c8b7,1915,76,93,278,advantage defensiveMove endgame short,https://lichess.org/Tlh6iOw2#59,
8Oldm,r3k2r/1p3ppp/pq2p3/3P2b1/3N4/P2Q4/1P3PPP/R3R1K1 b kq - 0 15,g5f6 d4e6 f7e6 e1e6 b6e6 d5e6,1956,75,95,1020,crushing fork long middlegame,https://lichess.org/eICrETeM/black#30,Caro-Kann_Defense Caro-Kann_Defense_Other_variations
AQm82,r2qk2r/pp3ppp/3b4/2pP1b2/2P1n3/4Q3/PP2BPPP/RNB1K2R w KQkq - 0 14,f2f3 d8h4 e1d1 d6f4 g2g3 f4e3 g3h4 e4f2,1955,76,87,282,advantage middlegame veryLong,https://lichess.org/AbwqpAYL#27,Nimzowitsch_Defense Nimzowitsch_Defense_Kennedy_Variation
3hayj,3k3r/p2n2p1/1ppP1nq1/8/8/P1N2Q2/1P2R1P1/4RK2 w - - 2 30,f3c6 h8h1 f1f2 f6g4,1905,78,86,121,advantage middlegame short,https://lichess.org/4vEB5H5A#59,
tPqWE,2rk4/1p2bQ2/p3P3/3p4/P2P4/4B3/1r5P/7K w - - 2 35,e3g5 b2b1 h1g2 c8c2 g2h3 b1b3 h3g4 c2g2,1948,74,95,304,crushing endgame veryLong,https://lichess.org/pbR2IaBR#69,
843IN,r3r1k1/p1p4p/5pp1/2Nn4/3PN3/1Q3P1q/PP3P1P/3R2K1 b - - 4 29,a8d8 e4f6 g8h8 f6d5,1965,83,70,32,advantage kingsideAttack middlegame pin short,https://lichess.org/8w75o9LJ/black#58,
bf1kS,8/8/8/4pp1p/2kN1P1b/4K3/P7/8 w - - 0 47,f4e5 h4g5 e3e2 c4d4,1935,75,92,346,crushing deflection endgame short,https://lichess.org/6DaawTOS#93,
AKifx,8/p4pkp/1p4p1/7n/4P1N1/P4PPq/2r1Q2P/2rR2RK w - - 12 35,e2f1 h5g3 g1g3 h3f1 d1f1 c1f1,2007,76,93,10224,crushing deflection kingsideAttack long master middlegame pin xRayAttack,https://lichess.org/TaNlr9tg#69,
8yphi,5q1k/6p1/Q6p/P3P3/3p4/2r4P/2P1R1P1/6K1 w - - 1 39,a6b6 d4d3 e2f2 f8f2 b6f2 d3c2,2000,77,88,71,advancedPawn crushing endgame long sacrifice,https://lichess.org/GS0dtZSi#77,
ZfEQH,8/6k1/7p/5K2/8/8/5P2/8 b - - 0 49,g7h7 f5f6 h6h5 f6g5 h5h4 g5h4,1998,75,85,222,crushing endgame long pawnEndgame zugzwang,https://lichess.org/XJAS0EiW/black#98,
XZ7Uy,2k2r2/ppqn2p1/2p3p1/3P4/2B3P1/4Q3/PP3P1r/R3R1K1 b - - 0 25,f8f2 e3f2 h2f2 e1e8 c7d8 e8d8 c8d8 g1f2,1992,74,96,7022,clearance crushing middlegame sacrifice veryLong,https://lichess.org/EsKOiK1V/black#50,
i14SU,6k1/5ppp/R3p3/3qP1N1/3p1QPn/1r3R1P/7K/1r6 b - - 6 31,b3b2 h2g3 d5f3 g5f3,1944,74,86,187,advantage defensiveMove middlegame short,https://lichess.org/dL1iWpc4/black#62,
AxlKj,8/8/4k3/5pPp/3K4/6P1/8/8 b - - 0 63,e6f7 d4e5 f5f4 g3f4 h5h4 e5e4,2090,75,87,361,crushing defensiveMove endgame long pawnEndgame,https://lichess.org/VPt6sgYr/black#126,
BDCa9,5q2/pp6/5r1k/6p1/4Q1p1/2PB2P1/P1P4K/8 b - - 1 37,f6f2 h2g1 f8f7 e4h1 h6g7 h1h7 g7f8 h7h8 f8e7 h8e5,2044,77,82,64,crushing defensiveMove endgame veryLong,https://lichess.org/bD6dSiUo/black#74,
JtyiY,3r3k/p3pQ1p/1pRB1bp1/6q1/P7/7P/5PP1/3R2K1 w - - 1 29,d6e7 d8d1 g1h2 g5f4 g2g3 f4f2,1935,77,92,407,hangingPiece long mate mateIn3 middlegame,https://lichess.org/QywfxSIM#57,
uSDxN,2q2rk1/5pp1/p3p2p/7N/8/2b3QP/Pr3PP1/3R1RK1 b - - 2 31,g7g6 d1c1 c8b8 c1c3,1989,77,85,62,advantage middlegame pin short,https://lichess.org/SubjVAM0/black#62,
rhsFE,1r3rk1/Q1R1n1pp/8/4p3/8/P2q3P/1P3PP1/5RK1 b - - 0 24,e7d5 c7g7 g8h8 g7g3 d3g3 f2g3 f8f1 g1f1,2082,79,84,66,crushing middlegame veryLong,https://lichess.org/7B6WJDw8/black#48,
2b8OX,r3r1k1/p3Bppp/1qp5/2p2P2/3pn3/3P1Q2/PPP3PP/R4R1K b - - 0 18,e4d2 f3g4 h7h5 g4g5 f7f6 e7f6,2040,75,94,7065,crushing long middlegame pin,https://lichess.org/2sAf2CJE/black#36,Sicilian_Defense Sicilian_Defense_Closed
9oyb4,5Q2/5ppk/3p3p/2r2q2/8/1Bb2N1P/P3rPP1/2R3K1 b - - 1 32,g7g6 b3f7 c5c8 f7g6 f5g6 f8c8,2028,80,92,183,advantage deflection long middlegame,https://lichess.org/S3fJ7yC8/black#64,
7Votw,r6r/p1p1k3/8/2P2p1B/3q4/4n1P1/P5QP/4R2K b - - 0 29,e7f6 g2c6 f6e5 c6c7 e5e4 c7f4 e4d3 h5e2 d3c3 e1c1,2013,88,76,44,crushing middlegame veryLong,https://lichess.org/28UzPL4Y/black#58,
XoFs5,r7/4nk1p/5np1/q1N5/1p2P3/5B2/pP1Q1PPP/2R3K1 w - - 0 30,c1a1 a5c5 e4e5 f6d5,1967,75,81,77,advantage defensiveMove hangingPiece master middlegame short,https://lichess.org/NfGdSVli#59,
yLtrI,r3brk1/q3b1p1/2pn1pNp/p6R/Pp1P1B2/8/1P2N1PP/1Q1R2K1 b - - 1 26,e8g6 b1g6 a7d7 f4h6,1983,136,60,31,crushing middlegame pin short,https://lichess.org/hhxSGdap/black#52,
2lXSD,Q7/2q1kp2/4ppr1/1p6/2p5/6P1/1P3P1P/3R2K1 b - - 5 29,g6g5 d1a1 g5d5 a1a7 c7a7 a8a7,1932,186,75,17,crushing endgame long pin quietMove,https://lichess.org/BPXBxL7J/black#58,
Eo5kH,2r1q3/7k/3bp1pP/pp1P1pP1/2n1pP2/2B1P1N1/PP3K2/R2Q4 w - - 1 30,d1d4 e6e5 d4a7 c8c7,1903,74,90,1739,advantage defensiveMove middlegame short,https://lichess.org/rIYKjbNq#59,
4c716,8/2k5/p7/8/2P2p1K/3npB1P/P1R3P1/5r2 w - - 3 50,f3e2 f1f2 e2d3 f2c2,1919,79,95,11222,crushing endgame master masterVsMaster short,https://lichess.org/NVdXvvJE#99,
7590I,4r1k1/p4p2/8/P1P4p/1Q6/5bP1/5P2/6K1 w - - 1 33,c5c6 e8d8 b4b1 d8d1 b1d1 f3d1,2028,106,79,23,crushing endgame fork long quietMove,https://lichess.org/AvFE6cM9#65,
dazon,8/r7/4k1P1/4P1K1/1p3P2/5B2/1n4P1/8 b - - 2 50,b4b3 f4f5 e6e5 f5f6,1947,103,31,20,crushing endgame short,https://lichess.org/nnYrDoj2/black#100,
8aH0O,1Nr1q3/pQP2pk1/1pRP1bp1/5p2/P7/4P1Pp/5P1P/6K1 w - - 1 37,d6d7 e8e4 g1f1 e4d3 f1e1 f6c3 c6c3 d3c3,1992,79,81,51,crushing endgame veryLong,https://lichess.org/lBCYveJw#73,
eJnsG,r2q4/1p3rpk/p3p2p/1bppPp2/4PQ2/2P2P2/PPB5/2K3RR b - - 0 22,d5e4 g1g7 f7g7 f4h6 h7g8 h6e6,2008,98,31,27,crushing long middlegame sacrifice,https://lichess.org/ZuPXf4bR/black#44,
zbPHG,5r2/1p4pk/1p4qp/1P1n1r2/2QB4/3P3P/P4PP1/4RRK1 w - - 3 24,e1e5 d5f4 g2g3 f4h3,1949,104,54,25,advantage kingsideAttack middlegame short,https://lichess.org/LvuD9p7h#47,
Lomm1,6k1/p2q1p2/1p1P2pn/2p1Q3/4P2p/8/PP3P1P/3R3K w - - 3 35,e5e7 d7h3 e7f6 h6g4 f6f4 g4h2 f4h2 h3f3 h2g2 f3d1,2034,190,86,9,advantage endgame fork sacrifice veryLong,https://lichess.org/ADcfDJq5#69,
vxCbm,8/1pk3r1/p2p4/4p3/3pP2Q/PP1Pb2P/2Pq3B/1K3R2 w - - 5 42,h4f6 g7g2 f6e7 c7c6 e7e8 c6b6 e8d8 b6a7,1954,75,93,535,advantage defensiveMove endgame master veryLong,https://lichess.org/V8s8zbLx#83,
QDqr7,r1bqk1nr/pp4b1/2pp1pp1/4n3/2PQP2B/2N2N1P/PP2BPP1/R4RK1 w kq - 1 12,f3e5 f6e5 d4a7 a8a7 h4d8 e8d8,1976,75,95,1215,advantage long middlegame,https://lichess.org/ZT2RUt05#23,Modern_Defense Modern_Defense_Averbakh_System
GLPmu,5r2/p3Qpkp/2p3p1/2p1P3/8/3P1R2/2PK2PP/q7 b - - 2 22,a7a5 e5e6 a1e5 f3f7 f8f7 e7f7,1910,75,88,130,crushing endgame long,https://lichess.org/i348ZRLq/black#44,
CGmTS,2k5/p1r3pp/5p2/R1Prp3/P5P1/7P/5P1K/2R5 b - - 0 33,c8b7 c5c6 c7c6 c1b1,1943,77,92,1874,crushing endgame rookEndgame short,https://lichess.org/xCpEgmkI/black#66,
caXSC,r3r1k1/1b3ppp/p3n3/3qN3/3P4/1B2QP2/6PP/R3R1K1 b - - 2 27,d5d4 e3d4 e6d4 b3f7 g8f8 f7e8,1956,76,88,899,advantage fork long middlegame,https://lichess.org/jlXrTOMo/black#54,
kdGyT,8/8/4k1p1/3pp1Pp/3P3P/4P1K1/8/8 w - - 2 43,g3f3 e5d4 e3d4 e6f5 f3g3 f5e4,2027,76,87,80,crushing endgame long pawnEndgame zugzwang,https://lichess.org/tTeUXlQ7#85,
iDeto,4r1k1/2Q2pp1/3P1n1p/8/5P2/6P1/3rq1BP/R4R1K w - - 7 32,c7b7 f6e4 b7e4 e8e4,1968,77,79,51,crushing master middlegame short,https://lichess.org/57cHv6nZ#63,
ZYT7B,1k1r1b2/ppp2q2/2P5/PP2pp1p/3r2p1/2QP4/4BPPP/1RR3K1 b - - 0 28,b7b6 a5b6 a7b6 c3a1,1984,75,92,1737,crushing middlegame short,https://lichess.org/HThpCaVo/black#56,
zTYRC,3q4/5pk1/3P2p1/4Qp2/6p1/2N5/1PP2Pr1/3K4 b - - 0 26,d8f6 e5f6 g7f6 c3d5 f6e6 d5f4 e6d6 f4g2,1973,76,93,779,advantage attraction endgame fork veryLong,https://lichess.org/G8LWERFP/black#52,
E4Umi,2k2b1r/p4ppp/Q1n2q2/4N3/2Pp4/3P2P1/PP3P1P/R1B1K2b b Q - 2 16,c8d8 c1g5 f6g5 e5f7 d8c7 f7g5,1972,74,89,423,attraction crushing deflection exposedKing fork long middlegame pin sacrifice,https://lichess.org/aM066kRB/black#32,English_Opening English_Opening_Symmetrical_Variation
Nqe0R,r1bqk2r/pp3ppp/4p3/2bp1n2/1nP5/5NP1/PP1NPPBP/R1BQ1RK1 w kq - 1 9,b2b3 c5f2 f1f2 f5e3 c1b2 e3d1,1990,77,92,4912,advantage kingsideAttack long opening sacrifice,https://lichess.org/QPTvh9zr#17,Horwitz_Defense Horwitz_Defense_Other_variations
Z0iyE,1r3rk1/p3ppbp/1qnp2p1/5P2/1pnPP1P1/7P/PPQ1N1B1/R1B2R1K b - - 4 22,c6d4 c2c4 f8c8 c4d3 d4e2 d3e2,1929,75,85,364,advantage hangingPiece long middlegame,https://lichess.org/5rDO0Wk3/black#44,
lD4Eb,2k5/1pp2p2/p1p5/3PP3/1PP1K3/r1N5/1R6/2n5 b - - 2 47,c1b3 c3b1 a3a4 b2b3,1964,76,85,172,crushing endgame master short,https://lichess.org/uxgZfA93/black#94,
jfw82,1r2rk2/3Rbppp/5p2/8/p1B5/q6P/2P1QPP1/3R2K1 b - - 1 23,a3c3 e2h5 c3c4 h5h7 c4h4 h7h4,2073,78,91,3097,crushing long middlegame sacrifice,https://lichess.org/I1hw812d/black#46,
MwsGW,8/pQr3pk/3q3p/4r3/5B2/2P2P1P/PP4PK/2R5 w - - 3 33,f4e5 d6e5 f3f4 e5f4 g2g3 f4d2 b7g2 d2c1,1906,78,85,43,crushing endgame fork veryLong,https://lichess.org/T0z5WORa#65,
dPTBL,6k1/2r2pp1/8/7p/3p1P1q/P2B1r2/4P1K1/2RQ4 w - - 0 30,g2f3 h4h3 f3e4 h3e3,1989,167,88,19,crushing endgame short,https://lichess.org/MwU3rswM#59,
Q2cGv,r1bqr1k1/pppn2bn/3p2N1/4p1P1/3P4/2P1P3/PP1N1PP1/R2QK2R b KQ - 0 13,d8g5 d1b3 d6d5 b3d5 e8e6 d5e6,1902,75,95,1681,exposedKing kingsideAttack long mate mateIn3 opening,https://lichess.org/P0i2FHki/black#26,Queens_Pawn_Game Queens_Pawn_Game_Other_variations
KLR3B,3r4/p3kp1p/4br2/2p2q2/3p3Q/5NP1/PP2PP1P/2RR2K1 w - - 4 22,b2b4 d4d3 c1c5 d3e2,1922,76,97,85,advancedPawn advantage middlegame short,https://lichess.org/XLZ93zYS#43,
ZKBvB,4rrk1/p4qp1/1p2b1np/3p1p2/3R3P/2P2PQ1/PPB5/2B1R1K1 b - - 1 25,f5f4 g3g6 e6f5 g6f7 g8f7 e1e8,1992,75,92,4804,crushing kingsideAttack long middlegame,https://lichess.org/aecfvwvf/black#50,
9Ky9r,r3r1k1/pbQ2p1p/1p3np1/3qN3/8/3B4/PP3PPP/RN2R1K1 w - - 1 17,f2f3 a8c8 c7b7 d5b7,1997,75,89,162,crushing middlegame short,https://lichess.org/ImkgSA0m#33,Italian_Game Italian_Game_Classical_Variation
wjDJX,6r1/3k1R1p/pq1bp3/1p1pB3/1P6/P2Nn3/2r1Q2P/R6K b - - 2 29,d7e8 e2h5 e8d8 h5h7,1924,75,84,66,advantage middlegame short,https://lichess.org/pcYyKRAp/black#58,
41QMQ,R7/5pkp/5np1/2p1Q3/3p1P2/8/1q3P1P/6K1 w - - 4 36,f4f5 b2b1 g1g2 b1b7 f2f3 b7a8,1987,77,93,6344,crushing endgame fork long,https://lichess.org/gXHHEaMW#71,
MX7HW,1k1rR3/p1p4p/1p4p1/1B6/8/P1P3Pb/2Pr3P/2K1R3 b - - 5 24,h3f5 b5d3 d2d3 c2d3,2089,74,94,4322,crushing endgame master masterVsMaster pin short,https://lichess.org/zpIXqqZs/black#48,
V32xO,6k1/p7/2p1n1pK/1P4P1/P1RpbP1R/3r4/8/8 b - - 0 42,e6f4 b5c6 e4f5 c6c7,1959,76,90,198,advancedPawn advantage endgame short,https://lichess.org/iyPFnHyo/black#84,
IuzQI,r2q1rk1/3bnp2/p3p2Q/3pP3/3N4/1P6/P4PPP/R4RK1 b - - 0 19,e7g6 d4f3 d8e7 f3g5 f7f6 h6g6 e7g7 g6g7,2055,76,92,3457,crushing kingsideAttack middlegame quietMove veryLong,https://lichess.org/Xf5ekNW0/black#38,French_Defense French_Defense_Normal_Variation
21vSa,2bR4/ppr2pkp/6p1/8/4N1P1/1B5P/PbP2P2/6K1 w - - 2 25,b3f7 g7f7 d8c8 c7c8 e4d6 f7e6 d6c8 b2d4,2074,82,84,55,crushing endgame hangingPiece veryLong,https://lichess.org/M6C31mGQ#49,
0KdTL,r2qr2k/pp1n2pB/2pBbp1p/2Pn4/8/5N2/PPQ2PPP/R4RK1 w - - 2 19,f3h4 f6f5 h7g6 d8h4 g6e8 a8e8,1957,76,92,4795,advantage discoveredAttack long middlegame quietMove,https://lichess.org/BVV9A2qs#37,Queens_Gambit_Accepted Queens_Gambit_Accepted_Old_Variation
UhSNQ,r3k2r/ppp2ppp/2nbpn2/7q/1P1P2b1/P1N1BN2/2P1BPPP/R2Q1RK1 w kq - 1 11,c3b5 d6h2 f3h2 g4e2,2014,75,84,304,advantage kingsideAttack middlegame short,https://lichess.org/BkKPHQnv#21,Scandinavian_Defense Scandinavian_Defense_Main_Line
ZTEwH,1rb2rk1/p1b3p1/4p1Qp/2qpPp2/5N2/1PP3B1/2B2PPP/R3K2R w KQ - 1 21,f4e6 c5c3 e1e2 c3c2,2006,83,91,5328,crushing fork middlegame short,https://lichess.org/WvXvugor#41,
satRW,r1bq1rk1/b1p2ppp/p7/1p2p3/1P2Pn2/PB5P/1BP2PP1/RN1Q1RK1 w - - 0 14,b2e5 f4h3 g2h3 d8g5,1980,76,82,1502,advantage kingsideAttack opening sacrifice short,https://lichess.org/fXO3qg1v#27,Italian_Game Italian_Game_Two_Knights_Defense
Oso65,8/1N6/2kP4/2p2B2/P1n3p1/5pp1/8/5K2 w - - 6 46,d6d7 c4e3 f1e1 f3f2 e1d2 f2f1q,1972,75,89,2232,advancedPawn crushing deflection endgame exposedKing fork long promotion,https://lichess.org/DeZLfnUS#91,
8UWF1,8/2k2ppp/2p1p3/1p4r1/2R1P1P1/P2K1P1P/1P6/8 w - - 0 33,c4d4 c6c5 f3f4 g5g6,1939,75,92,4719,crushing endgame master rookEndgame short,https://lichess.org/wI2EJOab#65,
lGDVF,2rqr1k1/R4ppp/4p1b1/2Bp4/1P2n3/4P3/4BPPP/3Q1RK1 w - - 3 21,e2b5 e4c3 b5e8 c3d1 e8f7 g6f7,1907,74,87,167,advantage fork long middlegame,https://lichess.org/grETrUy3#41,
yX4kL,r5k1/1pqr1p1p/p1n1p1p1/1P6/4P3/Q7/P2N2PP/2RR3K b - - 0 23,c7a5 b5c6 a5a3 c6d7,2009,171,69,21,advancedPawn advantage middlegame short,https://lichess.org/o3MWld10/black#46,
i7VUS,4rr2/ppp3kp/2n3p1/2Pb3q/3PB3/1P2QP2/PB3P1P/4RR1K w - - 9 23,f1g1 f8f3 e3g5 h5g5,1902,75,93,5437,crushing master middlegame short,https://lichess.org/sd70HKdv#45,
Ew6Gf,1k1r2r1/pp3Rp1/4p2B/1R1n4/8/3B4/PPP3Pb/2K5 b - - 0 24,g7h6 b5b7 b8c8 d3a6 h2f4 c1b1 d5c3 b2c3,2007,75,89,390,crushing master middlegame quietMove veryLong,https://lichess.org/sSwESmpj/black#48,
XHZ6A,6k1/2R2p1p/1pb3p1/2pr4/p7/5P2/PP2N1PP/6K1 b - - 3 30,c6b5 e2c3 d5d2 c3b5 d2b2 b5c3,1945,79,91,1005,advantage endgame fork long,https://lichess.org/GLNse0ze/black#60,
Tv0As,rn2kb1r/pp3ppp/2p2n2/3p1Q2/3P1B2/2q1P3/P4PPP/1R1K1BNR b kq - 1 10,f6e4 f5c8 e8e7 b1b7 e7f6 f4e5 f6g6 c8g4,2051,75,95,2287,crushing opening veryLong,https://lichess.org/ty9cX56C/black#20,Queens_Gambit_Declined Queens_Gambit_Declined_Other_variations
bU1M4,8/5R2/1Bp1P1p1/P7/5b1p/6kP/r7/7K w - - 1 37,f7f4 a2a1 b6g1 g3f4 e6e7 a1e1 a5a6 e1e7 a6a7 e7e8,1920,75,88,210,crushing defensiveMove endgame intermezzo veryLong,https://lichess.org/RnKvpvgM#73,
uRuw3,4q1r1/p5bk/7p/2p5/5NQ1/3P4/P5P1/3R3K b - - 8 35,g7e5 g4f5 h7h8 d1e1 g8g5 e1e5 g5f5 e5e8,1904,135,82,10,advantage endgame veryLong,https://lichess.org/rS6vrGSN/black#70,
1vITU,1R6/6pk/4Q2p/8/5p2/4K3/4N1PP/3rq3 w - - 0 30,e3f4 e1f2 f4g4 f2g2,2085,81,91,1082,crushing endgame short,https://lichess.org/V8RDOiIm#59,
qeRGn,2r2k1r/1Qp2p2/3p2p1/1B1N2bp/4q3/4P2b/PPP5/1K1R3R b - - 1 24,h3f5 b5d3 e4e6 d3f5,1947,78,90,195,advantage middlegame short,https://lichess.org/DMdnpP7k/black#48,
ki8oF,rn1qk2r/ppp2ppp/4bn2/8/1b2pB2/2NP4/PPPQ2PP/2KR1BNR b kq - 0 8,f6d5 d3e4 b4c3 b2c3,1922,75,88,309,advantage opening short,https://lichess.org/yTwrPsV3/black#16,Van_Geet_Opening Van_Geet_Opening_Dunst-Perrenet_Gambit
r1YWz,1r2r1k1/p6p/2p1N1p1/3n1p2/3q2PP/4pP2/P1P5/3KQB1R w - - 0 23,e6d4 b8b1 d1e2 d5f4,1942,79,77,251,mate mateIn2 middlegame short,https://lichess.org/HNKeU4FJ#45,
3CV5L,2r3r1/k2n1NQ1/pp6/2pB3P/4P3/3PK3/P1q2B2/7R w - - 2 31,g7h7 d7f6 h7f5 f6g4 f5g4 g8g4,2061,77,91,1140,advantage long middlegame,https://lichess.org/AHj5jhJE#61,
cbXSa,8/1p4p1/1p2p2p/4Pp2/2k2P1P/P7/1P1K2P1/8 b - - 2 31,c4b3 g2g4 f5g4 f4f5,2056,75,95,1163,crushing endgame pawnEndgame short,https://lichess.org/La8nc8dm/black#62,
wrIl1,5rk1/1p3ppp/3B2n1/1pPr4/4q1P1/PQ2nR2/4N1PP/R6K b - - 3 23,g6h4 b3e3 e4e3 f3e3,2047,78,84,142,advantage middlegame short,https://lichess.org/ZmuXaMWf/black#46,
h9HqR,5r1k/1nr2pp1/p6p/2p1PQ2/q1Pp1P2/7R/2P3PP/2B1R1K1 b - - 0 26,a4c4 h3h6 g7h6 f5f6 h8g8 f4f5,2093,78,91,4684,crushing defensiveMove kingsideAttack long middlegame sacrifice,https://lichess.org/grwqIQFE/black#52,
8eOBZ,3r3r/pp3kp1/3bpp2/7p/P1q5/2B2P1Q/1PP3PP/2K1R2R w - - 0 23,e1e4 c4a2 h3e6 a2e6,2025,77,82,69,crushing middlegame short,https://lichess.org/9CMLyA8I#45,
E72ii,6k1/5pp1/7p/p1P5/3qn3/1P4BP/P4PP1/2Q3K1 w - - 1 35,c1e3 d4e3 f2e3 e4g3,1954,79,93,12934,advantage capturingDefender endgame master short,https://lichess.org/QILtKtnU#69,
elDyP,4rrk1/1q4pp/p7/1p1pNbQ1/2pP4/5P2/PP4PP/3RR1K1 b - - 4 25,b7a7 e5c6 a7f7 c6e7,2024,77,91,316,crushing middlegame short,https://lichess.org/Xm9aVXfG/black#50,
luTDY,1r4rk/p3b2p/2R2p2/3Qp3/8/1P1P1PBq/P3P2P/5RK1 w - - 5 35,f3f4 e5f4 d5g2 h3g2,2082,90,79,42,advantage kingsideAttack master middlegame pin short,https://lichess.org/2pwmWf1s#69,
S7Lgu,r2q1rk1/p2nb1p1/bp2p3/3pP1PQ/2P2B2/1P6/P4PP1/R3K2R b KQ - 0 17,f8f4 h5h8 g8f7 g5g6 f7g6 h8h5,2064,137,60,14,attraction kingsideAttack long mate mateIn3 middlegame,https://lichess.org/Hc5Iz419/black#34,Indian_Defense Indian_Defense_Other_variations
B2Qw9,2k1r3/pppb3p/2nb1p2/1B1P3q/5ppN/2PQ2P1/PP3B1P/2KR4 b - - 0 22,f4g3 d5c6 d7c6 b5c6 g3f2 c6e8,1930,74,90,2170,advantage long middlegame,https://lichess.org/MB6iqzhx/black#44,
Zu33H,2rr2k1/Q3ppbp/1pq3p1/2p5/8/P1P1B1P1/1P2PP1P/3R1RK1 w - - 1 19,a7e7 g7f6 e7a7 c8a8,2060,78,92,207,advantage master middlegame short,https://lichess.org/9YknqnIG#37,
EjhYL,2kr3r/ppp2pbp/8/4B1q1/2P2P2/3B4/PP4PP/2KQR3 b - - 0 19,g5h6 d1g4 c8b8 e5g7,2086,76,87,260,advantage middlegame short,https://lichess.org/IX5SeAHx/black#38,
RYu1Y,rn2k2r/pppbnp1p/5q2/4P3/2B2P2/2P2Q2/PP1N3P/2KR3R b kq - 0 14,d7c6 e5f6 c6f3 d2f3,1989,79,78,89,crushing middlegame short,https://lichess.org/95nQ3TF8/black#28,Kings_Gambit_Accepted Kings_Gambit_Accepted_Ghulam-Kassim_Gambit
OlK3P,r4rk1/p4p1p/2n1p1p1/q1p5/2P1bPN1/6Q1/P3BP1P/3R1KR1 b - - 1 19,f7f5 g4h6 g8h8 d1d7,1910,80,72,58,crushing master middlegame short,https://lichess.org/2TfZVUYY/black#38,Queens_Indian_Defense Queens_Indian_Defense_Kasparov_Variation
Lx3nP,6k1/p1p2pp1/1p5p/8/2q5/2Pr3P/P4QP1/4R2K b - - 3 32,d3c3 e1e8 g8h7 f2f5 g7g6 f5f6 c3h3 g2h3,1951,227,82,3,advantage endgame veryLong,https://lichess.org/9XCYwRLG/black#64,
Y3YtO,r5r1/pp1qbk2/4ppp1/3nPn1p/3PQ2N/P1N1B2P/1P3PP1/2R2RK1 w - - 0 21,e5f6 d5f6 e4d3 f5h4,1967,75,87,123,advantage master middlegame short,https://lichess.org/QOZWI5uY#41,
LkTwA,r4rk1/pp6/4P1p1/3p2Q1/4q1P1/1PP3bP/P2B4/R2K1R2 w - - 3 24,f1f6 f8f6 g5f6 a8f8 f6f8 g8f8,1985,80,88,38,clearance crushing long middlegame,https://lichess.org/s6i8EcJx#47,
nLYFG,8/8/7p/2K2pp1/8/p2k1PP1/N6P/8 w - - 0 46,c5d5 d3e3 f3f4 g5f4 g3f4 e3f4,2094,87,90,1756,crushing endgame knightEndgame long,https://lichess.org/TvicwLUa#91,
xoG6H,5r1k/p1R3R1/2p2r1p/8/3P4/P1P1qP2/2Q3PP/6K1 w - - 1 31,g1f1 f6f3 g2f3 e3f3,2077,75,82,97,crushing endgame sacrifice short,https://lichess.org/lDTMOqgh#61,
iRC6v,r3r1k1/pp3pb1/6pB/5P2/3Pq3/2P4Q/PP2p2K/R5R1 w - - 3 27,h6g7 g8g7 f5f6 g7f6,1945,75,86,278,crushing middlegame short,https://lichess.org/y8iUV047#53,
LJE5s,r2r2k1/1p3pp1/p1q2bn1/2N1p3/5P2/2P1B1Pp/PP3Q1P/3R1RK1 w - - 2 26,f2f3 d8d1 f3c6 d1f1 g1f1 b7c6,1981,77,92,639,advantage intermezzo long middlegame,https://lichess.org/HJz9h7yX#51,
SJQrq,2r2rk1/4bpp1/p6p/np2B3/4b1P1/7P/PP3P2/RN1BR1K1 w - - 0 22,e1e4 c8c1 e4e1 f8d8 b1c3 c1a1,2074,77,89,1000,advantage long middlegame pin,https://lichess.org/nMSX2BRA#43,
JXpMe,8/1R4br/8/1P1kp1p1/6P1/3NK3/8/8 b - - 0 34,e5e4 b7d7 d5e6 d3c5 e6e5 b5b6 h7h3 e3d2,1965,208,88,8,crushing defensiveMove endgame master veryLong,https://lichess.org/Njw2pVb7/black#68,
S1Qjs,2r3k1/4Qpbp/p5p1/1q6/p7/6BP/5PP1/3R2K1 b - - 5 27,c8e8 d1d8 b5b1 g1h2 e8f8 g3d6,1949,76,93,4038,crushing defensiveMove endgame long pin,https://lichess.org/rNA0YzoE/black#54,
jvkRk,3k4/5Rp1/1r3b2/p1pP4/8/1B3P2/P4r2/2K1R3 w - - 3 34,b3a4 f6g5 f3f4 g5f4 f7f4 f2f4,2008,74,94,6231,crushing endgame exposedKing long,https://lichess.org/QCB1AUxJ#67,
6UQCS,2kr3r/1pq2ppp/p3pn2/1b1P4/1B1P4/1P1Q1N2/1P3PPP/R4RK1 w - - 1 17,d3e3 f6d5 f1c1 d5e3 c1c7 c8c7,2025,80,89,1770,advantage fork long middlegame,https://lichess.org/qIQJhXCs#33,Benoni_Defense Benoni_Defense_Old_Benoni
HM6Vd,r2q4/1p2k1pB/p3p2b/3bP3/3P4/2P3PR/PPQ4P/5RK1 w - - 5 24,c2g6 h6e3 f1f2 d8f8 g6g5 e3g5,1968,76,99,526,advantage long middlegame pin,https://lichess.org/IlWh56VY#47,
wXaxS,8/5p2/p2Qp3/1p6/1k2rP1P/8/3n1q2/3R3K b - - 13 41,f2c5 d6d2 c5c3 d1b1 b4c4 b1c1,1929,78,90,1715,advantage endgame hangingPiece long pin,https://lichess.org/QIJNEqTf/black#82,
35C3J,8/4n2p/4P1pk/2p1Q3/2P3qP/6P1/5P1K/8 b - - 0 46,e7c6 e5e3 h6g7 e6e7 c6e7 e3e7,2053,79,92,1877,advancedPawn crushing endgame long,https://lichess.org/Lax1wZhJ/black#92,
YOBco,3r2k1/1R3ppp/p3b3/3B4/8/P5P1/1Pr2P1P/3R2K1 w - - 2 21,g1g2 d8d5 b7b8 c2c8 b8c8 e6c8,1999,79,91,660,advantage endgame long,https://lichess.org/ZYZTdD6H#41,
cJIfj,4r3/pbp3k1/1p1p2pp/3P1q2/2P1N1n1/PP6/2Q1BPP1/4RRK1 w - - 0 23,e2d3 f5h5 c2c3 e8e5 c3e5 d6e5 f2f3 h5h2,1976,76,96,6961,defensiveMove mate mateIn4 middlegame veryLong,https://lichess.org/DNxACdvM#45,
AvzEI,4rr2/1p4k1/5p2/6pK/3Q4/3P4/PPP2NqP/R4R2 w - - 0 31,d4d7 f8f7 d7e8 g2f3 f2g4 f3h3,2014,83,91,64,defensiveMove long mate mateIn3 middlegame sacrifice,https://lichess.org/Q3Y2qTrm#61,
RaqPu,8/3R1pk1/4p3/4r3/1P1p2PK/8/8/8 b - - 1 39,e5d5 d7d5 e6d5 h4g3,2066,73,93,11547,crushing defensiveMove endgame rookEndgame short,https://lichess.org/M5sqmreT/black#78,
dVODl,5rk1/p4pb1/1p1r2pp/1P1P4/2B2qb1/1Q1R1N1P/5PP1/5RK1 b - - 0 23,g4f5 g2g3 f4e4 f1e1 e4e1 f3e1,2097,78,92,6437,advantage long master middlegame trappedPiece,https://lichess.org/pQ8sNI5w/black#46,
jxPgI,r1b1kbnr/2q2ppp/2P1p3/p1pp4/Q7/2N5/P3PPPP/R1B1KB1R b KQkq - 2 11,g8e7 c3b5 c7c6 b5c7 e8d8 a4c6 e7c6 c7a8 c8b7 a8b6,2025,77,93,4083,advantage discoveredAttack opening pin veryLong,https://lichess.org/3OJfIrPt/black#22,Semi-Slav_Defense Semi-Slav_Defense_Accelerated_Move_Order
yfBBG,r3r1k1/p4pb1/6p1/qppP1b2/1nB2B2/2N2P2/PP5Q/2KR3R b - - 1 20,b5c4 h2h7 g8f8 f4d6 e8e7 d6e7 f8e7 h7g7,1903,75,93,454,advantage kingsideAttack middlegame veryLong,https://lichess.org/tgZXfn2T/black#40,
LeKUd,r5k1/p1p3p1/1b4qp/2ppB3/3P4/2P2N2/P3brPP/R3Q1RK b - - 3 21,f2g2 e1e2 g2e2 g1g6,1909,75,95,5848,advantage master middlegame short,https://lichess.org/JcHE7MPc/black#42,
40sdR,2r4r/1b5R/pq1p1kn1/3Pp3/1p2Pp2/P1N2P2/1P1N3Q/5KR1 w - - 2 39,h7h6 h8h6 h2h6 b6g1 f1g1 b4c3 b2c3 c8h8 h6h8 g6h8,1964,207,74,23,crushing exposedKing middlegame sacrifice trappedPiece veryLong,https://lichess.org/Mj9F3VIG#77,
HgDfL,rn1q1r1k/pp6/3bpnQ1/2pp4/5P1P/1P2P2R/PB1P2P1/RN2K3 b Q - 0 19,d8e7 g6h6 e7h7 b2f6 f8f6 h6f6,1956,75,96,2551,advantage deflection exposedKing kingsideAttack long master middlegame,https://lichess.org/989Oj6ow/black#38,
ij3xM,r2kBr2/pR3ppp/3Np2n/3pq3/8/P1R2Q2/5PPP/6K1 w - - 0 27,d6f7 f8f7 e8b5 e5e1 b5f1 f7f3,2068,86,85,105,crushing long middlegame,https://lichess.org/6Jis3E0J#53,
qyYeM,5r1k/p1p1Nppp/1r6/3pP3/4nP2/3Q2Pq/P1P4P/3R1RK1 w - - 4 22,e7d5 b6h6 d1d2 e4d2,2022,75,68,337,advantage middlegame quietMove short,https://lichess.org/oWvKF7eq#43,
UxwJ0,3q2k1/5p2/p1p3p1/2pp2Pp/P4N2/1P1P3b/2P2K2/4Q3 b - - 0 32,d8g5 e1e8 g8g7 f4h3 g5h4 f2g2 h4g4 g2h2,1986,150,100,27,defensiveMove endgame equality veryLong,https://lichess.org/4dcJ3lmg/black#64,
K4etm,1rb1k2r/p3ppb1/2pp1np1/q5Bp/4P2P/1PN2P2/P1PQB1P1/R3K2R b KQk - 2 12,f6e4 c3e4 a5d2 e1d2 g7a1 h1a1,1973,75,92,6336,advantage hangingPiece long middlegame,https://lichess.org/8RP0EE70/black#24,Sicilian_Defense Sicilian_Defense_Dragon_Variation
Gbshr,7k/p1p4p/7q/4r3/2PQ4/1P3pPK/P4P1P/4R3 w - - 2 31,h3g4 h6h5 g4f4 h5f5,1971,81,91,796,endgame mate mateIn2 short,https://lichess.org/vX9wQeJW#61,
0VDUa,r3k1n1/pp3pp1/2nbb3/3Np3/3p1P1q/3P4/PP2P1BP/R1BQ1RK1 w q - 1 13,f4e5 d6e5 d5f4 g7g5,1915,74,83,330,advantage master middlegame short,https://lichess.org/x7rBjGX8#25,English_Opening English_Opening_Anglo-Scandinavian_Defense
Md57B,r3k2r/ppp2pp1/6bp/2bnN3/2Bn2Pq/2PP3P/PP1N1P2/R1BQK2R w KQkq - 1 13,e5g6 d4c2 d1c2 h4f2 e1d1 d5e3,2006,77,82,100,attackingF2F7 cornerMate long mate mateIn3 middlegame sacrifice,https://lichess.org/lGV1yByZ#25,Italian_Game Italian_Game_Two_Knights_Defense
uvJ57,1r6/3R4/4R3/2p3pk/2B1N3/pP1PK3/P7/2q5 w - - 5 35,e3f2 b8f8 e4f6 f8f6 e6f6 c1b2,2074,75,87,93,advantage endgame exposedKing long sacrifice,https://lichess.org/4hGdOqGU#69,
5r7F4,r2q1rk1/1ppbbppp/2np2n1/pB6/3NP3/2P2N2/PP3PPP/R1BQR1K1 w - - 5 11,c1e3 c6d4 f3d4 c7c5 d1a4 c5d4,1917,74,95,6494,advantage long opening,https://lichess.org/6V0TKavT#21,Ruy_Lopez Ruy_Lopez_Steinitz_Defense
hKyaw,k2r4/pR3Nn1/2P1p2p/q5p1/3r4/3Q2P1/3R2PP/6K1 w - - 0 33,c6c7 d4d3 c7d8r d3d8 d2d8 a8b7,1968,77,89,558,crushing long middlegame,https://lichess.org/6H5JI4kY#65,
m7wn5,3R4/pb2Q1nk/1p2p1pp/2p5/2P3P1/1P2P2P/P4Pq1/4K3 b - - 3 30,g2g1 e1e2 g1a1 e7b7,1905,75,79,457,advantage endgame short,https://lichess.org/dYuRUX06/black#60,
2lNVN,8/2k5/1p5p/1K3p1P/P4P2/8/8/8 w - - 4 48,b5a6 c7c6 a6a7 b6b5 a4b5 c6b5,1987,78,86,140,crushing endgame long pawnEndgame zugzwang,https://lichess.org/g7At1fbz#95,
9rMTu,8/2p5/8/P2k2p1/2p2pKp/7P/2PB1bP1/8 w - - 0 36,g4g5 f2e3 a5a6 d5c6 g5h4 e3d2 a6a7 c6b7 a7a8b b7a8,1958,78,93,3639,bishopEndgame crushing endgame veryLong,https://lichess.org/HXiM9Rxl#71,
rhJKt,2r5/1p3nk1/p2p2p1/1b1PpN2/4P3/5q2/PP1QN3/1K4R1 b - - 1 29,g7f6 g1g6 f6g6 f5h4 g6f6 h4f3,1909,78,95,12059,attraction crushing fork long middlegame sacrifice,https://lichess.org/o09Gnyzl/black#58,
NLdYo,8/p7/Pp6/4pp2/3q1k1p/5r1P/8/2Q2R1K b - - 3 47,f4g3 c1g5 d4g4 f1f3 g3f3 h3g4,2096,159,88,21,crushing endgame long pin,https://lichess.org/xBOh9W2p/black#94,
o1FrS,r3k2r/pp1n1ppp/2p5/2q3B1/1b2n3/1K1B1Q2/PP3PPP/R3R3 b kq - 3 15,d7f6 e1e4 f6e4 f3e4,2030,75,86,100,advantage middlegame short,https://lichess.org/0vRNdTE4/black#30,English_Opening English_Opening_Agincourt_Defense
vEqU5,7r/p1q5/7k/1P3Np1/4Q1P1/5p2/P7/5K2 b - - 1 53,h6g6 e4e6 g6h7 e6h6,2046,75,88,383,crushing endgame master short,https://lichess.org/erPTQJZh/black#106,
USXjU,r4rk1/1p2bpp1/3p3p/p1p1p3/2P4N/1PPbBP1P/P5P1/R2R2K1 b - - 2 20,d3c4 h4f5 c4e6 f5e7,1919,191,58,5,advantage kingsideAttack middlegame short,https://lichess.org/njnbVgU8/black#40,
TNfu3,r4r2/pp1q1pb1/n2p2kp/2pPP1pn/2P2B2/2N3PP/PP2Q1B1/R4R1K b - - 0 20,g5f4 g2e4 f7f5 e5f6 g6f6 e2h5,1987,79,92,7833,advantage deflection discoveredAttack discoveredCheck enPassant long middlegame pin,https://lichess.org/ExCufSgO/black#40,
QAvzM,8/3b2pp/pp1k1p2/3p4/PP1P4/3N4/4KPPP/8 w - - 1 26,a4a5 b6a5 b4a5 d7b5 e2d2 b5d3,1981,76,90,644,crushing endgame long,https://lichess.org/lGaQVjBv#51,
Fk6yj,r4rk1/ppq2ppp/2p1pB2/8/3PQ3/P1P5/2P1bPPP/R4RK1 b - - 0 18,e2f1 e4g4 g7g6 g4g5,2063,76,92,1029,advantage middlegame pin short,https://lichess.org/wkzCfsUk/black#36,Scandinavian_Defense Scandinavian_Defense_Mieses-Kotroc_Variation
O8jZl,2kr1b1r/ppp2Npp/2np4/1N3q2/3P2n1/8/PPP2PPP/R1BQR1K1 w - - 1 19,f7d8 f5f2 g1h1 f2h4 d1g4 h4g4,1920,76,91,2009,advantage kingsideAttack long middlegame,https://lichess.org/sbWCU6sT#37,Russian_Game Russian_Game_Other_variations
uX91P,8/p4rk1/1pQ4b/2p5/3p1pb1/3P2P1/PPP3P1/2K5 w - - 0 27,g3f4 f7f4 c6h6 g7h6,1928,77,86,57,crushing endgame short,https://lichess.org/5gGAH6Ys#53,
wNwRi,8/p1p5/8/5k2/1PPP3p/5K2/P7/8 w - - 1 42,d4d5 f5e5 f3e3 h4h3,2016,75,91,199,crushing endgame pawnEndgame short,https://lichess.org/7yf6abPR#83,
ZkSZD,r5k1/pp5p/3p1p1p/2pP1b2/2P1r1qP/2Q3P1/PP3PNK/2R2R2 w - - 0 28,g2f4 e4f4 g3f4 g4h4,1905,75,85,343,advantage deflection middlegame short,https://lichess.org/nHShkrr4#55,
JUUv4,8/8/8/3n1P1p/4N3/kp5P/3K4/8 w - - 2 45,d2c1 a3a2 e4d2 b3b2 c1c2 d5e3,2021,76,92,391,advancedPawn crushing endgame exposedKing knightEndgame long,https://lichess.org/1ysV6HPD#89,
Jbm6Q,2r1k3/1P3pp1/3P1n1p/4K3/1B6/5PP1/2p5/2R5 b - - 0 42,f6d7 e5d4 c8b8 c1c2,2020,74,94,1390,crushing defensiveMove endgame short,https://lichess.org/CC19Ohw5/black#84,
PtcVf,8/4R1kp/p1r2rp1/Pp6/2p5/5PP1/5PK1/4R3 b - - 5 34,g7h6 e1h1 h6g5 f3f4 f6f4 g3f4,1939,85,87,32,crushing endgame long rookEndgame,https://lichess.org/PHQrshVg/black#68,
4u3gv,1r6/5pk1/4q2p/1p1pr1p1/4n1P1/2PQ1B1P/1P3PK1/3RR3 b - - 6 28,e4f2 g2f2 e5e1 d1e1,2027,78,69,156,advantage hangingPiece middlegame short,https://lichess.org/zstGff6Y/black#56,
e6elr,r4rk1/p1R1bppp/1p2p3/3n4/3PQB2/3B4/qP3PPP/5RK1 b - - 2 18,g7g6 d3c4 a2c4 c7c4,1908,80,90,367,advantage middlegame short,https://lichess.org/UxknVVdX/black#36,French_Defense French_Defense_Rubinstein_Variation
xWyVl,8/pb6/1p6/1P6/P1PK2kp/8/5B2/8 w - - 0 37,c4c5 h4h3 f2g1 g4g3,2008,77,84,130,bishopEndgame crushing defensiveMove endgame master short,https://lichess.org/Igxplw7F#73,
QarY2,4r1k1/p4p1p/q5p1/2BPb3/1P2B3/5QPP/5PK1/8 b - - 2 31,e5d6 e4d3 a6b7 c5d6,2006,90,78,24,crushing endgame short,https://lichess.org/vTSRvAWs/black#62,
wAJNI,2k2rR1/pp3P2/1qp5/2n1P3/6b1/2N5/PPP5/2KR1B2 b - - 1 38,g4d1 g8f8 c8d7 f8e8,2099,79,87,45,advantage defensiveMove hangingPiece middlegame short,https://lichess.org/77Z0rPGg/black#76,
lpwrf,r2qk2r/pp1bbppp/3p1n2/1QpN2B1/4P3/8/PPP2PPP/R3KB1R w KQkq - 8 11,d5f6 g7f6 g5f4 d7b5 f1b5 e8f8,1993,81,92,545,advantage long opening,https://lichess.org/ROeLrnBR#21,Scotch_Game Scotch_Game_Lolli_Variation
99PBN,r3b1k1/2r1q2p/4p1pR/3pP1P1/1pp1pPBR/4P2Q/PpP4P/1K6 b - - 1 27,a8a6 h6h7 e7h7 g4e6,2061,75,96,87,advantage deflection kingsideAttack middlegame sacrifice short,https://lichess.org/auvot9uI/black#54,
Zo6LC,4r3/pQ5p/1p4pk/5p2/5Rq1/P1P3P1/1P4KP/8 b - - 0 34,e8e2 g2f1 g4h5 f4h4 h5h4 g3h4,1914,75,88,410,advantage defensiveMove endgame long pin,https://lichess.org/R4XeOZla/black#68,
JdWlv,r1b2qk1/6n1/p3p2Q/1ppnPrP1/3p4/P2P4/1PP4P/R1BB2RK b - - 0 25,f5f1 g5g6 f8f2 h6h7 g8f8 h7h8 f8e7 h8g7 e7e8 g7f7 f2f7 g6f7,1990,125,90,23,advancedPawn advantage attackingF2F7 deflection exposedKing kingsideAttack master middlegame veryLong,https://lichess.org/bUZikoku/black#50,
B6vLP,1r2kb1r/pp1n1ppp/4pn2/1N6/B2P4/1Q2B3/PP2KP1q/R5R1 b k - 5 15,a7a6 g1h1 a6b5 h1h2,1953,75,89,1671,advantage middlegame short,https://lichess.org/erSFAkQe/black#30,Caro-Kann_Defense Caro-Kann_Defense_Panov_Attack
NLiwo,8/5pk1/5p2/1pp1pP2/p2pP1KP/1P1P4/1PP5/8 w - - 0 38,g4h5 a4b3 c2b3 c5c4 b3c4 b5c4 d3c4 d4d3,2053,76,90,261,crushing endgame pawnEndgame veryLong,https://lichess.org/d0qiCSoA#75,
pc7gA,2k1r1r1/1p6/1BP4p/1PRb1pp1/p7/N3n1P1/P7/4R1K1 b - - 1 39,e3c4 e1e8 g8e8 a3c4 d5c4 c5c4,1906,76,92,3252,advantage long middlegame,https://lichess.org/oeWNN07z/black#78,
7xvDY,8/5p2/6p1/2R4p/5kP1/6NP/3r2K1/8 w - - 4 46,g3e2 d2e2 g2f1 e2e5,2077,97,87,19,crushing endgame hangingPiece short,https://lichess.org/RKw6TfEV#91,
UZBfs,3r4/3Pq1kp/1Q1Rp1p1/p4p2/1p3P2/6P1/6KP/8 b - - 1 36,d8d7 b6d4 e6e5 d6d7 e5d4 d7e7,1971,75,95,1604,crushing endgame intermezzo long master pin,https://lichess.org/J9CbGzFI/black#72,
FgH43,1R6/5pkp/4p3/p4pPP/1p3P2/1P4K1/r7/8 b - - 1 44,a2a3 h5h6 g7g6 g3h4,1987,80,84,47,crushing defensiveMove endgame master masterVsMaster rookEndgame short,https://lichess.org/JcPOXGd1/black#88,
AZxyk,8/7R/p5p1/1p3pP1/2bK2kP/2P5/8/8 w - - 2 41,d4e5 f5f4 h4h5 f4f3,2047,94,76,22,crushing endgame quietMove short,https://lichess.org/GjxXecAT#81,
lavwN,r3r3/2pk2Np/Pp3p2/3Q4/2P5/3P2PK/2PBq2P/b7 b - - 1 29,d7e7 g7f5 e7f8 d2h6,1905,77,88,193,mate mateIn2 middlegame short,https://lichess.org/77bjwZnh/black#58,
hjuio,r2qkb1r/pp2pppp/1nn5/4P3/6b1/3B1N2/PP3PPP/RNBQ1RK1 b kq - 0 10,c6e5 f3e5 g4d1 d3b5,2047,76,85,102,crushing opening sacrifice short,https://lichess.org/psiT4joM/black#20,Sicilian_Defense Sicilian_Defense_Alapin_Variation
Sw1wm,1r3rk1/pp2Rp1p/2pp4/5bpN/8/8/PPPK2PP/4R3 b - - 1 22,f5e6 h5f6 g8h8 e1e6,1933,75,82,107,crushing endgame kingsideAttack short,https://lichess.org/qqPvXULg/black#44,
whTsy,6R1/kp1q1p1p/pb1r1p2/8/2P5/1P2QP2/P1K2P2/1N6 w - - 8 33,c4c5 d7f5 e3e4 f5c5,2051,85,88,312,crushing deflection endgame short,https://lichess.org/CGQjCMGN#65,
FkL4i,r3r1k1/5pp1/p1pQ3p/1pB1pqn1/8/1P5P/1PP2PP1/R3R1K1 b - - 3 23,g5e4 d6d3 a8d8 d3e4 f5e4 e1e4,2072,74,94,2225,advantage long middlegame,https://lichess.org/uIk3flHi/black#46,
KGU1Y,6rk/pp3R2/2n1q2p/3p2r1/2pP4/2P1PQ2/PP4PP/5RK1 b - - 4 22,c6e7 f7f6 g5g2 g1h1 g2g6 f6e6,2056,76,93,4255,advantage long middlegame,https://lichess.org/tyqEEzRK/black#44,
qYjij,6rk/1R2Q1pp/8/5p2/8/P5q1/1P4P1/6K1 w - - 8 43,a3a4 g8c8 e7e2 c8c1,2002,79,92,1970,crushing endgame quietMove short,https://lichess.org/pwfqVj6A#85,
IUW1F,r5k1/pp1N1rp1/2p4p/5p2/2QP2q1/P7/1PB4K/R7 b - - 5 33,a8e8 d7f6 g7f6 a1g1,2011,74,94,9248,advantage middlegame pin sacrifice short,https://lichess.org/C4wjAPll/black#66,
Fjiu8,r7/qbpp1rk1/pb3pp1/1p6/3nP2Q/7R/PP3PPP/RN4K1 b - - 3 19,d4c2 h4h6 g7g8 h6h8,1987,79,75,412,mate mateIn2 middlegame short,https://lichess.org/Y37Ht3TI/black#38,
skD1y,r4r2/pp3pk1/1qp2bP1/4p3/2P1Q3/P4p2/1P3P2/3R1K1R b - - 0 21,f7g6 d1d7 f8f7 h1h7 g7h7 d7f7,1990,74,88,357,attraction crushing deflection long middlegame,https://lichess.org/1dFGL7KJ/black#42,
pdVAo,r3k2r/pp3ppp/1q2p3/2bpP3/3N1P2/2N1Q3/PP4PP/R4RK1 w kq - 1 15,c3b5 b6b5 d4b5 c5e3,2046,75,87,700,advantage middlegame short,https://lichess.org/S392gjMS#29,Sicilian_Defense Sicilian_Defense_Alapin_Variation
27yo6,8/5p2/5kp1/7p/5K1P/5PP1/8/8 b - - 4 64,f6g7 f4e5 f7f5 e5e6,2078,76,80,80,crushing endgame master pawnEndgame short,https://lichess.org/FHSyrRIu/black#128,
0Ua2I,r4rk1/pppq1ppp/8/3p3n/1bP3bQ/2NBP3/PP1B1PPP/R4RK1 w - - 0 13,c4d5 b4e7 d3f5 e7h4,2081,75,92,871,advantage middlegame short trappedPiece,https://lichess.org/yqtPf3Jh#25,Mexican_Defense Mexican_Defense_Other_variations
tX72D,8/R7/1p3p1p/P1kPp1p1/4P1P1/1r1p1P1P/4K3/8 w - - 0 52,e2d2 c5d4 d5d6 b3b2 d2c1 d3d2,2013,78,92,2906,advancedPawn crushing endgame exposedKing long rookEndgame,https://lichess.org/JaSkzbck#103,
0xO8T,1k1r1r2/ppq1b2p/2p1Q3/3p4/4nPP1/1P2PN1P/PBP5/2KR3R w - - 3 20,h1f1 d8d6 e6e5 e7f6,1909,74,93,2578,crushing middlegame short,https://lichess.org/VHADPtdA#39,
NYVDn,r4rk1/p3bppp/4b1P1/q2nB2P/1pp1p3/nP3P2/PKP1N3/2QR1BNR b - - 0 20,e7g5 g6h7 g8h7 c1g5 f7f6 g5g6,1944,75,90,202,advancedPawn advantage kingsideAttack long middlegame,https://lichess.org/09COxZSd/black#40,
8KSVf,rk3r2/p1p2q1p/1p1b4/6p1/5p2/2B2Q1P/PPP3P1/2KRR3 b - - 6 26,f7a2 d1d6 a2a1 c1d2 a1e1 d2e1,1901,81,88,50,advantage long middlegame,https://lichess.org/XeGYxqwb/black#52,
MpONi,r3k2r/1p1n1pp1/2p1p1p1/8/p1qP4/P1n1BNN1/2PQ1PPP/K2R3R w kq - 1 18,a1b2 c4a2 b2c3 a2a3 c3c4 b7b5,2046,76,90,333,deflection long master mate mateIn3 middlegame sacrifice,https://lichess.org/rHLhJRb4#35,Caro-Kann_Defense Caro-Kann_Defense_Classical_Variation
o63Xf,8/8/8/P7/1P4p1/3kpp2/8/3NK3 w - - 2 49,a5a6 g4g3 d1e3 d3e3 e1f1 g3g2,2022,81,91,834,advancedPawn crushing endgame knightEndgame long,https://lichess.org/UwtWv8Pg#97,
QQWff,7r/Q3Rpk1/5p2/1b4q1/5N2/1P4P1/P4PK1/5r2 b - - 1 29,g7f8 e7f7 f8g8 f7f8 g8f8 f4e6 f8e8 e6g5,1964,88,89,36,advantage attraction fork middlegame sacrifice veryLong,https://lichess.org/G6nrFaZ8/black#58,
9uZcx,6k1/4Bp2/3P2p1/1Q5p/p3p3/b3P1P1/5PKP/3q4 b - - 2 38,a3d6 b5e8 g8g7 e8f8 g7h7 f8f7 h7h6 f7f8,1912,197,71,9,crushing deflection endgame master veryLong,https://lichess.org/BxswAPdN/black#76,
rzjtx,2R5/6k1/1p2p2p/3bNp1q/1P1P1Pp1/r6P/5QPK/5R2 w - - 2 32,f1c1 a3h3 g2h3 h5h3 h2g1 h3h1,1975,82,90,299,long mate mateIn3 middlegame sacrifice,https://lichess.org/E1llCcO0#63,
aaXE5,r5k1/1b1q1r1p/1p3np1/p1pP1p2/2PQ2P1/1PBB4/P6P/R4RK1 w - c6 0 25,d5c6 d7c6 d3e4 c6e4,2095,78,92,391,advantage middlegame short,https://lichess.org/L7yV0Fye#49,
tqjWF,8/7p/1k2pp2/8/4KPP1/8/7P/8 b - - 0 39,h7h6 h2h4 b6c5 g4g5,1989,77,89,735,crushing endgame pawnEndgame quietMove short,https://lichess.org/EOcDAj3p/black#78,
WJVag,4rrk1/pb3p2/1q5p/4Q1p1/1bB5/3P1PB1/PP2N1PP/2KR3R w - - 3 21,c4f7 g8f7 e5d4 e8e2 d4b6 a7b6,1913,110,80,19,crushing hangingPiece long middlegame skewer,https://lichess.org/xymivly0#41,
iGlKB,1r4k1/5pp1/3R4/2pPp2b/2P1P3/6Kp/1r3P1P/2Q5 w - - 2 36,d6c6 b2b1 c1g5 b1g1 g3h4 g1g5,1983,79,73,66,advantage endgame exposedKing long skewer,https://lichess.org/V8UoYqnk#71,
Ff2m2,8/8/pp3pp1/2kP3p/P1P1K3/5PP1/8/8 b - - 1 43,b6b5 c4b5 a6b5 a4a5 b5b4 a5a6 b4b3 e4d3 b3b2 d3c2 b2b1q c2b1 c5b6 d5d6,2032,106,100,25,crushing endgame pawnEndgame quietMove veryLong,https://lichess.org/SWFZlLPg/black#86,
TqmkX,r1bq1rk1/p3ppbp/1pN2np1/2pn4/8/2N1B3/PPP1BPPP/R2Q1RK1 b - - 1 12,d8d6 c3d5 f6d5 d1d5,1924,74,94,6021,advantage opening short,https://lichess.org/jWqi58zw/black#24,Pirc_Defense Pirc_Defense_Other_variations
gSMec,2r4k/pp4b1/3p2pp/3Np1qn/1P1nP3/5PP1/P3BB1K/3Q2R1 b - - 1 26,h5f6 f3f4 f6d5 f4g5,1921,75,88,198,crushing master middlegame short trappedPiece,https://lichess.org/nGnCTeH4/black#52,
fpxA1,1r4r1/p2b1k2/2nq1n2/1p2pPBB/2ppP2Q/P2P3P/1PP5/R4RK1 b - - 8 28,f6h5 h4h5 f7f8 f5f6,1919,78,90,3001,crushing middlegame short,https://lichess.org/1GgFyLK2/black#56,
sqnRq,5rk1/1p3q2/p5pp/3Nn3/2P1b3/1P2B2P/P2Q1PP1/3R2K1 w - - 3 29,d2d4 e5f3 g2f3 f7f3 g1f1 f3h1 f1e2 e4f3 e2d2 h1d1,1907,75,81,95,advantage kingsideAttack middlegame sacrifice veryLong,https://lichess.org/ndMeUZsW#57,
wxjhC,r5k1/pp6/2p1P3/3pn1qp/4QNp1/4Pr2/PPP5/2K3RR w - - 0 24,h1h5 g5h5 e4f3 e5f3 f4h5 f3g1,1932,78,91,2392,crushing long middlegame,https://lichess.org/MdPVszt2#47,
CGfMm,6k1/pp4p1/4R1r1/5q1p/2Q2P1P/2P3P1/PP1r2K1/4R3 w - - 1 31,g2f3 g6g3 f3g3 f5g4,2057,75,94,5049,attraction endgame mate mateIn2 sacrifice short,https://lichess.org/APnwd7DZ#61,
dG5NT,8/6k1/6p1/7P/6PK/7Q/8/4q3 w - - 4 65,h4g5 e1e5 g5h4 g6g5,1989,80,94,17181,endgame mate mateIn2 queenEndgame short,https://lichess.org/T1k5QqRe#129,
qraYz,5r2/3r1pkp/1pN1b1p1/3n4/1np5/N5P1/PP2PPBP/2R2RK1 w - - 0 20,a3c4 b4c6 c4b6 d5b6,1908,76,96,973,advantage hangingPiece master masterVsMaster middlegame short,https://lichess.org/mGqnl0AC#39,
d44Nu,k6r/p4p2/2r4q/2R2p2/1Q2p3/6P1/PP3P2/2R2K2 w - - 0 32,c5c6 h6h1 f1e2 h1f3 e2d2 f3d3 d2e1 h8h1,1939,74,84,375,endgame mate mateIn4 veryLong,https://lichess.org/8BR3sjhq#63,
p2Mf7,r1bq2k1/pppn1rB1/4p2p/3p3Q/8/3BP3/PPP2PPP/R3K2R w KQ - 1 15,d3h7 g8g7 h5g6 g7f8,1919,77,93,367,advantage hangingPiece middlegame short,https://lichess.org/f8gt85yj#29,Queens_Pawn_Game Queens_Pawn_Game_Accelerated_London_System
lKpmw,r1bq1r2/1pp2ppk/4pb2/p5N1/3P3P/8/PPP1QPP1/R3K2R b KQ - 1 13,f6g5 h4g5 h7g6 e2h5,1936,76,88,161,advantage discoveredAttack discoveredCheck middlegame short,https://lichess.org/gFIyj1GL/black#26,French_Defense French_Defense_Two_Knights_Variation
M2rzs,r1bqk2r/pppp1ppp/5n2/2bN3Q/2B1P3/8/PP1P1PPP/R1B1K2R w KQkq - 5 9,d5c7 d8c7 h5f7 e8d8 f7g7 h8f8,1979,76,98,106,advantage defensiveMove long opening,https://lichess.org/wF49sIyL#17,Italian_Game Italian_Game_Blackburne-Kostic_Gambit
WH2qK,r2qk2r/ppp2ppp/3b4/3Q4/6n1/4P3/PPP2PPP/RNB2RK1 w kq - 1 11,d5b7 d6h2 g1h1 d8h4,1967,77,80,137,crushing kingsideAttack middlegame short,https://lichess.org/VON7S4fn#21,Zukertort_Opening Zukertort_Opening_Old_Indian_Attack
tuw65,R6r/2p3Qp/2k5/1pbp4/8/1B3PPb/1PP1q2P/2B2R1K w - - 3 22,g7h6 h3e6 h6e6 e2e6 a8a6 c5b6,2066,75,86,111,advantage defensiveMove long middlegame,https://lichess.org/DP1IKeoA#43,
K1OU9,1Br1kb1r/2R2ppp/4p3/PR1p4/2nP4/2p1P3/2N2PPP/6K1 b - - 4 26,e8d8 c7c8 d8c8 a5a6,1971,76,86,592,crushing middlegame short,https://lichess.org/cNuHAog5/black#52,
TidnX,3rrnk1/pb2q1p1/1ppbR2p/8/2PN4/3Q4/PPBB1PPP/R5K1 b - - 0 18,f8e6 d3h7 g8f8 c2g6,2065,77,94,7731,advantage clearance middlegame short,https://lichess.org/c7Kmox36/black#36,Semi-Slav_Defense Semi-Slav_Defense_Chigorin_Defense
WZjTc,5r2/8/4p2p/pp2k3/2p1P2R/2P1P3/1P2KP2/8 b - - 0 36,f8f6 h4h5 e5e4 f2f3 f6f3 h5h4 e4f5 e2f3,2016,82,70,48,crushing deflection endgame rookEndgame sacrifice veryLong,https://lichess.org/Lgiks0g5/black#72,
JMqpi,r2qb3/pp3kpN/2p5/2P5/5Q2/6P1/P4PBP/b5K1 b - - 4 23,a1f6 h7g5 f7g8 f4c4 g8h8 c4h4,2035,79,89,905,crushing long middlegame,https://lichess.org/dPvizMHF/black#46,
ZE6jJ,3r1rk1/1pq5/p5pp/3Ppp2/2P1Nn2/PP3P2/1Q3P1P/R2R3K w - - 0 26,d5d6 c7c6 b2e5 f5e4,1978,77,86,65,advantage middlegame short,https://lichess.org/1V1Emuex#51,
OSnKV,4r2k/p6p/1p1K1Pp1/8/1B6/4n2n/PPR4P/8 b - - 4 37,e3c2 f6f7 e8d8 d6e7 c2b4 e7d8 h8g7 d8e8,2026,80,100,49,advancedPawn crushing defensiveMove endgame veryLong,https://lichess.org/AI27DjhJ/black#74,
IrJuf,8/3R4/1Pk1r2p/K3P3/6p1/8/8/8 w - - 3 57,d7d6 e6d6 e5d6 g4g3 d6d7 c6d7,2003,76,88,135,crushing endgame long rookEndgame,https://lichess.org/0asp3amx#113,
VkJS6,3r1rk1/pbp5/1bq4B/4pp1n/4N3/3P1P2/PPP3PP/R1Q2R1K b - - 0 20,f5e4 c1g5 g8h7 h6f8 d8f8 g5h5 c6h6 h5h6,2051,76,88,982,advantage exposedKing fork middlegame veryLong,https://lichess.org/dsW2vqZR/black#40,
U9igT,r3k2r/p1p1qpbp/b1pp2p1/3nP3/2P2P2/BP3Q2/P5PP/RN2KB1R b KQkq - 3 12,g7e5 f4e5 e7e5 f3e2,2004,77,83,494,advantage master middlegame pin short,https://lichess.org/unqGMVls/black#24,Scotch_Game Scotch_Game_Mieses_Variation
yIq4p,6k1/p1p2ppp/3p2q1/1P6/2P2Pn1/4R3/6P1/4Q1K1 b - - 0 30,h7h6 e3e8 g8h7 e1e4 g6e4 e8e4,1971,77,64,46,advantage clearance endgame long,https://lichess.org/tEGv5gtx/black#60,
swPNT,r5k1/p4pp1/1p5R/3p1PQ1/4r3/3q4/P4PPP/5RK1 b - - 2 20,e4e5 h6h3 d3f5 g5h4,2000,432,0,1,crushing defensiveMove endgame short,https://lichess.org/1JCXzZQl/black#40,
nxCuQ,Q4R2/6p1/2p1r1kp/1pPq4/1P2p3/6P1/5P1P/6K1 w - - 3 35,h2h4 e4e3 f2e3 e6e3,2006,141,33,7,crushing endgame master short,https://lichess.org/TDXmm8vD#69,
Mzdgs,r4rk1/1b3p1p/p3p1pQ/1p2n3/3q4/7R/BPP3PP/5R1K b - - 1 22,f8d8 h6h7 g8f8 h7h8 f8e7 h8f6 e7d6 h3d3 d4d3 c2d3,1922,78,87,163,advantage kingsideAttack middlegame pin veryLong,https://lichess.org/M8sF8bNI/black#44,
5tC3V,2bqkb1r/5ppp/2P1pn2/1p1p4/1P2PB2/1Q3N2/5PPP/rN2KB1R b Kk - 0 12,f6e4 c6c7 f8b4 b3b4,1909,79,90,518,advancedPawn advantage opening short,https://lichess.org/pYxupd4n/black#24,Queens_Pawn_Game Queens_Pawn_Game_London_System
ybhs3,1k3n2/pp5p/2pqbQ2/4N2P/4PB2/2K5/PP2r3/1B6 b - - 1 32,d6c5 c3d3 c5d6 d3e2,1968,76,86,144,advantage middlegame short,https://lichess.org/wYmfVCSv/black#64,
QYadV,3nB2k/pp4pp/8/2P2b1Q/4qP2/N1P5/PP3P2/R1K5 w - - 0 23,e8b5 e4f4 c1d1 f5g4 h5g4 f4g4,2014,75,94,1723,advantage fork long middlegame,https://lichess.org/0nxGWX2z#45,
HeLmQ,r5k1/5pp1/8/q1pp4/7P/1pKN2P1/1P1Q1P2/3R3R w - - 2 32,c3b3 a5a4 b3c3 a4c4,2008,79,93,4274,endgame mate mateIn2 short,https://lichess.org/SyxqvqbO#63,
7AABq,r4rk1/pp5p/3qp3/3p2p1/3Qnp2/7P/P4PP1/R1B1R1K1 b - - 1 24,a8c8 e1e4 c8c4 d4e5 d6e5 e4e5,2026,75,95,10205,advantage long middlegame,https://lichess.org/NEUtzVQV/black#48,
uzIr9,r5k1/1p4pp/2p5/p2p4/P4Nnq/2B1P3/1PP2rP1/R2QR1K1 w - - 2 19,f4h3 h4g3 h3f2 g3f2,1936,76,92,1096,crushing kingsideAttack middlegame sacrifice short,https://lichess.org/2Yf7CtCw#37,
HJJgG,1r6/p2b3p/2pR2k1/2n2p2/P6R/2N3P1/2r3BP/6K1 b - - 3 37,g6g7 h4c4 d7e6 c4c5,2069,75,93,793,advantage middlegame short,https://lichess.org/Gvx2CV1y/black#74,
UfiQx,8/8/6Np/5P2/pk4P1/1p6/1K6/8 w - - 2 49,f5f6 a4a3 b2b1 b4c3 g6e5 a3a2 b1a1 b3b2 a1a2 c3c2,2039,75,92,1923,advancedPawn crushing defensiveMove endgame exposedKing knightEndgame veryLong,https://lichess.org/ncA37FSr#97,
rhU2Y,rn3rk1/ppp1npb1/6p1/4pb1P/3qN3/1B6/PPP2PQ1/R1B1K1NR w KQ - 2 13,h5g6 d4e4 g2e4 f5e4 g6f7 f8f7 b3f7 g8f7,1957,82,92,1292,advantage master opening veryLong,https://lichess.org/9akgzBhz#25,Modern_Defense Modern_Defense_Other_variations
jolGK,3r1rk1/5p1p/1pqnp1p1/pN6/P1P2Q2/8/5PPP/R2R2K1 b - - 4 24,c6c4 d1d4 c4c5 d4d6,2012,91,71,31,advantage middlegame short,https://lichess.org/qEQC0v1G/black#48,
2Vn6X,4rk2/pp4pp/8/4n3/Q7/1PP2PBP/P3p1P1/3qR1K1 w - - 3 30,a4d4 d1d4 c3d4 e5d3,2072,76,64,95,advantage endgame short,https://lichess.org/RpebWdwm#59,
pfMX4,2k5/2r2p2/1R4p1/4P1Pp/1pp2P2/8/P1K4P/8 b - - 3 42,c7b7 b6b7 c8b7 f4f5 b7c6 e5e6 c6d6 e6f7,1978,87,91,3238,advancedPawn crushing endgame master masterVsMaster rookEndgame superGM veryLong,https://lichess.org/c4SNM1Ov/black#84,
nlrit,3r1rk1/2q2ppp/p1p1b1n1/2Q1p3/4P3/2B3R1/PPP2PPP/5RK1 b - - 3 17,g6f4 g3g7 g8g7 c3e5 c7e5 c5e5,1958,75,95,2208,advantage attraction fork long middlegame sacrifice,https://lichess.org/Ah635w30/black#34,Sicilian_Defense Sicilian_Defense_Lowenthal_Variation
p4F1m,8/8/3pp1pk/1Q2b3/1P1pq3/PR4pP/6K1/5R2 w - - 0 36,g2g1 e4c2 b3g3 e5g3,2030,78,90,875,crushing endgame master short,https://lichess.org/jVxW54a7#71,
zlgtC,4r3/p4pkp/2R3p1/8/Q7/2P3P1/P2rqP1P/5RK1 w - - 3 26,a4a7 d2d1 a7d4 d1d4,1911,76,53,892,crushing endgame short,https://lichess.org/5N2ONDMR#51,
48oU5,3k4/pp4p1/4r3/b2p1qPp/P1p2P1P/Q3PR2/1PPK4/4R1N1 w - - 9 29,b2b4 c4b3 d2e2 f5c2,2081,76,86,160,crushing deflection discoveredAttack discoveredCheck enPassant middlegame short,https://lichess.org/yxpIBnlW#57,
67prh,5bk1/2Q2p1p/6pP/1pr3P1/3K1P2/8/8/8 w - - 7 43,c7c5 f8c5 d4c5 f7f6,2009,78,92,153,crushing endgame short,https://lichess.org/pULou3AQ#85,
qTvXC,r3r1qk/1p1Q1R2/p2p2PP/2p1n3/3b4/3P4/PPP1B2R/1K6 b - - 0 38,e5f7 g6g7 d4g7 h6g7 h8g7 h2g2 g7f8 g2g8,1913,76,89,1429,advancedPawn advantage attraction discoveredCheck doubleCheck exposedKing kingsideAttack middlegame skewer veryLong,https://lichess.org/P1j1tlnC/black#76,
zEN9S,1k6/1qr5/Qp6/1P2p3/3p1p1P/8/2P3P1/R6K w - - 1 48,a6a4 c7g7 a4a7 b7a7,2010,76,88,151,crushing endgame short,https://lichess.org/0MlZsG5Y#95,
GsNXA,2rq1rk1/2n1bppp/pBnp4/1p1NpPP1/8/5P2/PPPQ3P/2KR1B1R w - - 5 16,d5c7 e7g5 b6e3 g5e3,1918,78,86,373,advantage master middlegame pin short,https://lichess.org/9yxAeG5Y#31,Sicilian_Defense Sicilian_Defense_Classical_Variation
H5uyi,1rb2rk1/p3Bp2/4p1pp/q1ppb3/6P1/2N5/PPPQ3P/K2R1B1R w - - 0 19,e7f8 b8b2 a1b2 a5b4,2005,79,92,885,advantage attraction middlegame sacrifice short,https://lichess.org/z47knBvZ#37,
Fr7v0,1Q3K2/P5pk/5p2/8/4q3/8/8/3r4 b - - 5 58,e4e3 b8h2 e3h6 h2h6 h7h6 a7a8q,1933,76,90,2168,advancedPawn advantage endgame long promotion,https://lichess.org/fhRTzSVK/black#116,
UKXLo,8/r6p/7K/6R1/P3k3/8/8/8 w - - 6 51,g5g7 a7g7 h6g7 h7h5 a4a5 e4d5 a5a6 d5c6 g7f6 h5h4 a6a7 c6b7 a7a8q b7a8 f6f5 h4h3 f5f4 h3h2,1933,75,82,78,advancedPawn crushing endgame quietMove rookEndgame veryLong,https://lichess.org/EQffNFbt#101,
UzInu,1R3bk1/6p1/3p1nNp/4pP2/p1PpP3/3P3P/6PK/r7 b - - 1 38,f6d7 b8d8 a1b1 d8d7 b1b8 d7a7,2072,76,87,217,advantage endgame long,https://lichess.org/kwF3a10Y/black#76,
yFgyX,3r3k/7p/1Q1q1p2/8/p3B1P1/2pp1P1P/8/1R5K w - - 0 43,e4d3 d6b6 b1b6 d8d3 b6b8 h8g7,1940,75,100,246,crushing discoveredAttack endgame long,https://lichess.org/irQiqvl9#85,
f4bvB,1r4k1/3Qnpp1/3p4/2pBp3/4PbPq/2PP4/P3R1P1/5NK1 w - - 1 31,d7d6 b8b1 d6b8 b1b8,2076,77,88,1052,crushing middlegame short,https://lichess.org/tUl0t33o#61,
Dpio9,r1b2rk1/pp3ppp/2p5/2n1q1BQ/4P3/1BP5/P1P2PPP/3R1RK1 b - - 0 14,c5e4 h5f7 f8f7 d1d8 e5e8 d8e8,1907,77,91,2773,kingsideAttack long mate mateIn3 middlegame pin sacrifice,https://lichess.org/Sydxi3PI/black#28,Philidor_Defense Philidor_Defense_Lion_Variation
WTG6B,5rk1/6pp/2p5/2QpR3/1P6/2P2PK1/4R1P1/r5q1 b - - 3 30,a1f1 c5f8 g8f8 e5f5 f8g8 e2e8,1979,79,92,634,attraction endgame long mate mateIn3 sacrifice,https://lichess.org/m4DVrNld/black#60,
IBo4U,r2qk2r/1pbbnppp/p1n1p3/2N5/P1B2P2/3P1N2/1PP3PP/R1BQK2R w KQkq - 1 12,c5b7 d8b8 b7c5 b8b4 c2c3 b4c5,1968,76,83,104,advantage exposedKing fork long middlegame,https://lichess.org/nDoPyVb2#23,Sicilian_Defense Sicilian_Defense_Closed
pLOiA,8/7p/b4pk1/3N1np1/6K1/r4P2/3R2PP/1R6 w - - 6 38,b1b6 h7h5 g4h3 g5g4,2046,80,92,3794,endgame mate mateIn2 short,https://lichess.org/nLTb65ep#75,
LdYw3,1k1r4/1pq2p1p/p1n1bn2/3p4/Q7/3B1N2/PPP2PPP/2KRR3 w - - 4 18,f3d4 c7f4 c1b1 f4d4 a4d4 c6d4,2034,143,100,17,equality long middlegame queensideAttack,https://lichess.org/F0XbIZ8j#35,
ABTWI,r5kr/ppp5/7p/2b2Q2/3qn3/8/PPP4P/RNB2R1K w - - 1 20,c2c3 e4f2 f5f2 d4f2 f1f2 c5f2,1938,77,74,46,advantage kingsideAttack long middlegame,https://lichess.org/bZSos1JO#39,
RcFdU,r3r2k/5Qpp/p7/1p2P2R/1Pn1N3/P7/2P1K1PP/q7 b - - 3 25,c4e5 h5h7 h8h7 e4f6 h7h8 f7h5,2013,76,96,1903,attraction long mate mateIn3 middlegame pin sacrifice,https://lichess.org/33feCYPt/black#50,
bOHqK,4qr1r/pkp5/1pn1p2p/1P1n4/2QP4/P4N2/3B1PP1/2R2RK1 b - - 0 24,f8f3 c4c6 e8c6 b5c6 b7a6 g2f3,1926,76,91,1393,crushing long middlegame,https://lichess.org/MPes4cj2/black#48,
pcMrC,R7/p2q1p2/6pk/1p1p3p/2PB1p1P/5P2/PP4P1/6K1 b - - 0 31,g6g5 a8h8 h6g6 h8g8 g6f5 g8g5 f5e6 g5e5 e6d6 e5d5,1944,75,97,1080,crushing endgame veryLong,https://lichess.org/p79yw662/black#62,
X1h2K,2r1rbk1/1b3ppp/p4q2/1p1p1NB1/4n1QP/2R1P1P1/PP3PB1/R5K1 b - - 2 22,f6e5 f5h6 g7h6 g5f6,1931,74,98,603,crushing discoveredAttack kingsideAttack middlegame sacrifice short,https://lichess.org/z8tbANGs/black#44,
qfJ4Y,8/8/8/p4k1p/2P5/1P6/P1K5/8 w - - 0 63,c4c5 h5h4 c2d2 h4h3 c5c6 f5e6,1908,74,97,1824,crushing defensiveMove endgame long pawnEndgame quietMove,https://lichess.org/QfX2k0b7#125,
EbuK0,2r3k1/1pr2pb1/pQn1b1pp/2Np4/3q4/3N1PP1/PPP3BP/3R1RK1 w - - 4 22,d3f2 d4b2 b6b2 g7b2 c5e6 f7e6,2056,77,84,904,advantage long middlegame,https://lichess.org/GCjRG8Bp#43,
hwE4B,8/2R2pk1/4p1p1/4n1Np/7P/6P1/4rPK1/8 b - - 10 43,g7f6 g2f1 e2a2 f2f4 f6f5 f4e5,1923,74,88,359,advantage endgame long,https://lichess.org/gMMK1ZyQ/black#86,
7metr,1r4k1/5ppp/2b1pn2/r7/2PP4/pN1BP3/1R3PPP/R5K1 w - - 0 26,b3a5 a3b2 a1b1 c6e4 d3e4 f6e4,1998,77,93,484,advancedPawn advantage hangingPiece long middlegame,https://lichess.org/mnyI8HlU#51,
x1X8N,4n1k1/5pp1/8/3PpN2/1p2r1q1/3Q2P1/PP6/1K4R1 w - - 0 38,d5d6 g4f5 d6d7 e4e1 b1c2 e1e2 c2c1 f5d3 d7e8q g8h7 g1h1 h7g6,2025,79,92,358,advantage deflection endgame hangingPiece master pin veryLong,https://lichess.org/rk7qayre#75,
6uBwg,8/8/2k1p1pp/2p1P3/PpK2PP1/6b1/1P4N1/8 w - - 0 36,b2b3 h6h5 g4h5 g6h5 f4f5 e6f5,2072,77,94,3965,crushing endgame long,https://lichess.org/aYRdrkww#71,
Mq1Da,5bk1/5pp1/5q1p/2PpN3/P2Pn3/7P/1r1B1PP1/3QR1K1 w - - 1 27,e5f3 e4d2 f3d2 f6d4,2013,80,88,39,advantage middlegame short,https://lichess.org/pCe4ICFr#53,
w2xLN,2kr4/pp1NQ3/4p3/3p4/8/P2B2Br/2PK1P1P/7q b - - 0 23,h3g3 e7c5 c8d7 d3b5,1962,83,91,2691,endgame master mate mateIn2 sacrifice short,https://lichess.org/NjxWMUML/black#46,
xf4aC,2r5/1R1nkr2/4ppQ1/4q3/8/5P2/5P1P/1R3K2 b - - 3 35,e5h2 b7d7 e7d7 g6f7 d7d6 b1d1 d6e5 d1e1 e5f5 f7e6,1945,88,66,40,attraction crushing deflection middlegame veryLong,https://lichess.org/AO2YvWU5/black#70,
CrvWf,2r3k1/1b3pp1/7p/2P5/PQ3n2/1P1r1N2/4qPPP/2R2RK1 b - - 4 25,d3f3 b4b7 e2e6 b7f3 f4e2 g1h1,1916,77,93,4437,advantage hangingPiece long middlegame,https://lichess.org/2BHyvP7j/black#50,
eMbCo,r6k/pp3Q1p/2p1r3/3p4/8/7R/PP4PP/4qN1K b - - 2 29,e1e4 h3e3 e4g6 f7e6 g6e6 e3e6,1964,80,92,1081,advantage endgame long,https://lichess.org/57zjbkl3/black#58,
dXcuQ,r2qk2r/ppp2ppp/2n5/2bpP3/2P1n1b1/2NB1N2/PP3PPP/R1BQ1RK1 b kq - 2 8,c6e5 d3e4 d5e4 d1d8 a8d8 f3e5,1947,77,94,14168,advantage discoveredAttack long master opening,https://lichess.org/8NvCG9im/black#16,Russian_Game Russian_Game_Modern_Attack
RbvcX,8/8/4N3/8/2P4p/3K1kn1/8/8 w - - 0 52,e6g5 f3g4 c4c5 g4g5 c5c6 g3f5,1926,84,74,29,crushing defensiveMove endgame knightEndgame long master,https://lichess.org/R7nUiTdC#103,
FEsGT,7r/pp5k/1nn1p2B/2qpPp1Q/6r1/1P6/P5PP/1R3R1K b - - 4 27,c5c2 h6g5 h7g7 g5f6 g7f8 h5h8,1915,74,83,398,crushing deflection discoveredAttack discoveredCheck exposedKing long middlegame,https://lichess.org/8KhX8MLM/black#54,
wPex4,r1b1k2r/ppqnbp2/2p3pp/4n3/2B1PB1N/2N5/PPP3PP/R2Q1RK1 w kq - 2 13,h4f3 c7b6 g1h1 e5c4,1957,79,30,55,advantage opening short,https://lichess.org/UxLA9PWs#25,Pirc_Defense Pirc_Defense_Other_variations
axJaF,1r4r1/1p1qn1pk/p2p1p1p/2p1pP2/2P1P1QP/1PNP4/P4KRP/6R1 b - - 6 25,b7b5 g4g7 g8g7 g2g7 h7h8 c3d5 e7d5 g7d7,1961,75,88,89,advantage middlegame sacrifice veryLong,https://lichess.org/wxYuQIDU/black#50,
695Em,1bb2rk1/pp4p1/5p1p/3q4/5P2/1P1N1P2/P3Q2P/3R1R1K w - - 3 28,d3e5 d5e6 e2c4 f6e5 c4e6 c8e6,1961,73,94,10041,advantage long middlegame,https://lichess.org/KVEXCZYh#55,
WoVPA,r4rk1/p4ppp/bp1p1q2/2pP2b1/2Pn1N2/PP1P2P1/6BP/R1BQ1RK1 b - - 0 16,d4b3 d1b3 f6d4 g1h1 d4a1 c1b2,1927,77,89,949,advantage hangingPiece long middlegame sacrifice,https://lichess.org/GlFxkmcF/black#32,Sicilian_Defense Sicilian_Defense_Staunton-Cochrane_Variation
bsTCx,2r1r1k1/1pq2pb1/p2p3p/2pPp3/P1B1n1b1/5NB1/2PQNPP1/R3K2R w KQ - 0 20,d2d3 e4g3 e2g3 e5e4,1952,74,83,311,advantage middlegame short,https://lichess.org/WbZGANWx#39,
jEp82,8/3b3k/6pp/3pQ2P/2p3r1/8/PP5K/1B3r2 b - - 2 46,f1b1 e5e7 h7g8 e7d8 d7e8 d8e8,1919,75,87,190,crushing endgame fork long,https://lichess.org/YO58tRjr/black#92,
iaLCt,1n5k/5rp1/2p1pr2/p1R4p/Pp1Pp1q1/4P1P1/1PQB1P1P/5RK1 w - - 0 25,h2h4 g4g3 f2g3 f6f1 g1h2 f7f2 h2h3 f1h1,1968,75,95,4488,kingsideAttack mate mateIn4 middlegame sacrifice veryLong,https://lichess.org/RFYy6bvo#49,
DOCF8,2kr3r/Qp3Rp1/7p/2p5/3qP1b1/1P6/P5P1/4R2K b - - 0 26,g4d7 e1c1 h8e8 c1c5 d4c5 a7c5,1987,80,92,98,crushing long middlegame,https://lichess.org/Jq7BCIQb/black#52,
yIdkD,1r4k1/6pp/1q1p1P2/2pP1n1N/Q7/4P1RP/P7/2KR4 w - - 1 34,g3g7 f5g7 f6f7 g8f8,1912,75,88,123,crushing middlegame short,https://lichess.org/6llG1kK1#67,
XpAph,7k/pr4bp/1p2R1p1/2p2pB1/8/2P5/PP4PP/7K b - - 0 27,b7d7 e6e8 g7f8 e8f8 h8g7 f8d8,1995,76,92,2893,advantage endgame long,https://lichess.org/6Ulfw0Hq/black#54,
AgSKN,3r1rk1/1R4pp/p3bn2/4B3/7K/3B4/P4RPP/8 w - - 13 35,d3e4 g7g5 h4g5 f6e4,1960,77,84,66,attraction crushing middlegame short,https://lichess.org/5f6ha3mU#69,
qmtqc,1r6/QP3kpp/2pbr3/5p2/4qP2/P1B1P3/3P3P/1R3RK1 w - - 5 22,a7d4 e6g6 g1f2 g6g2 f2e1 e4b1,1906,78,89,1483,interference long mate mateIn3 middlegame,https://lichess.org/c2Jpw5eL#43,
9TZ22,8/5p2/5K2/2k2Ppp/8/8/7P/8 b - - 1 42,g5g4 f6g5 c5d6 g5h5,2068,80,92,218,crushing endgame master pawnEndgame short,https://lichess.org/sKZKVyBz/black#84,
8fc4m,8/p1r5/8/R1p3k1/1P5p/P4K2/8/8 w - - 0 46,a5c5 c7c5 b4c5 g5f5 c5c6 f5e6 c6c7 e6d7,1923,85,83,29,crushing endgame rookEndgame veryLong,https://lichess.org/LKofNmD8#91,
mchza,2q4k/6p1/2r2p2/P7/3B3p/4P1P1/2r2PK1/R6Q b - - 1 34,c2f2 g2f2 c6c2 f2g1 c2c1 a1c1,2085,80,90,179,advantage endgame hangingPiece long pin,https://lichess.org/PWjJeQep/black#68,
6QfZD,5R2/4p3/3pP3/1prP2p1/p2K2P1/P1P3k1/2b1B3/8 w - - 6 36,f8g8 g3f2 e2b5 c5b5,2019,81,82,65,crushing endgame master short,https://lichess.org/5jmjXbKV#71,
GW9dR,5k2/5r2/5R1P/5K2/4Bp2/5P2/6P1/7r w - - 7 60,e4d5 h1h5 f5g6 f7f6 g6h5 f6f5 h5g6 f5d5 h6h7 d5d6,1959,76,92,559,crushing endgame fork veryLong,https://lichess.org/GESKKUPE#119,
cfr3i,r2qr2Q/2pnkpp1/p6p/1p2P3/2n5/P1P2P1P/5P2/RBBR2K1 w - - 7 22,h8g7 e8g8 c1g5 h6g5,1935,76,80,56,advantage middlegame pin short,https://lichess.org/S4oodlnL#43,
pSUCH,3r2k1/pp1r2p1/2p1P1p1/3n1p2/1q1P3Q/1P3R2/P3N1PP/5RK1 b - - 1 25,d7d6 f3h3 d6e6 h4d8,1972,78,92,1546,advantage master middlegame quietMove short,https://lichess.org/88hgQobU/black#50,
rgtCS,5rk1/5pp1/2p1n3/1pp1qQ2/4PNKp/P2r1R1P/1P4B1/R7 b - - 1 26,d3f3 f5e5 f3f4 e5f4 e6f4 g4f4,1934,78,92,1463,crushing hangingPiece long master middlegame,https://lichess.org/UWHCfvWB/black#52,
OZzlr,rn2r1k1/5p1p/1pb1P1pB/p1p5/3p2B1/8/PP4PP/3R1RK1 b - - 0 26,f7e6 g4e6 g8h8 f1f7,2000,75,90,243,crushing kingsideAttack middlegame short,https://lichess.org/Z9Z9OhPA/black#52,
TGqsz,r2q1rk1/pp1bbpp1/2np3p/2p1p3/2B1P3/1QP2N1P/PP1P1PP1/R1B2RK1 w - - 5 13,b3b7 c6a5 b7a6 d7c8,1981,76,93,809,crushing fork opening short,https://lichess.org/lnMi7gTY#25,Sicilian_Defense Sicilian_Defense_Old_Sicilian
qM4ch,3R4/5pbk/4p1pp/2q1P1P1/2B5/1p6/rP2QPP1/6K1 b - - 0 30,h6h5 e2h5 g6h5 c4d3 f7f5 e5f6 c5f5 d3f5,2072,77,94,403,crushing discoveredAttack discoveredCheck enPassant endgame master sacrifice veryLong,https://lichess.org/r8b3kFoA/black#60,
ODrGv,r1bqkb1r/pp1p1ppp/2n1p3/4P3/2BN2n1/8/PB3PPP/RN1Q1RK1 b kq - 2 9,f8c5 d1g4 c5d4 b2d4,2087,80,90,1145,advantage hangingPiece opening short,https://lichess.org/Vf2Mgs2h/black#18,Sicilian_Defense Sicilian_Defense_Smith-Morra_Gambit
x3wuE,r1b1kb1r/1p3ppp/pqn1p3/3pP3/3p4/P1N2N2/1PP2PPP/R1BQ1RK1 w kq - 0 10,f3d4 b6d4 d1d4 c6d4,1953,75,86,136,advantage opening short,https://lichess.org/WxsNr1v3#19,French_Defense French_Defense_Advance_Variation
iz8Lf,8/8/8/p3N2p/4P2P/k3K3/6b1/8 w - - 0 51,e5c4 a3b4 c4d2 b4c3,2067,98,86,30,crushing defensiveMove endgame master short,https://lichess.org/dxUqvVhA#101,
FDcOt,8/1p4p1/1Bp2p2/p2k1Pp1/P2Pn1P1/1P2K2P/8/8 b - - 0 44,e4c3 b6a5 c3a2 a5d2,2007,85,78,38,advantage defensiveMove endgame master short,https://lichess.org/S5i0w2VU/black#88,
9BcrY,r4b1r/pQ2kppp/4pn2/2Np4/3Pb3/5N2/2nBKPPP/q4B1R b - - 2 18,e7d6 d2f4 e6e5 f4e5,1995,78,76,256,mate mateIn2 middlegame short,https://lichess.org/AiQoi8Nq/black#36,Queens_Pawn_Game Queens_Pawn_Game_Accelerated_London_System
S2XLW,8/p3N3/1p6/1P3rpk/P1pp4/4bPK1/8/4R3 b - - 3 55,e3f4 g3g2 g5g4 e7f5,2053,128,80,22,crushing defensiveMove endgame short,https://lichess.org/1KwRq1TE/black#110,
oAmNk,3rr1k1/1pqb1pbp/p1nppnp1/3P4/2P4N/PPN3P1/1BQ2PBP/2R2RK1 b - - 0 18,e6d5 c3d5 f6d5 c4d5 g7b2 c2b2,1967,75,95,8954,advantage long middlegame,https://lichess.org/vrSS48va/black#36,English_Opening English_Opening_Symmetrical_Variation
EpGHN,8/8/8/5K1p/1p3P1P/1k4P1/8/8 w - - 0 48,f5g6 b3c4 f4f5 b4b3 f5f6 b3b2 g6g7 b2b1q,1901,81,90,1519,advancedPawn crushing endgame pawnEndgame promotion veryLong,https://lichess.org/AiE7RPEw#95,
Pqoth,r1bq1r2/ppp3pQ/4k1P1/4pp2/2P2n2/2P5/P1PB1PP1/R3K2R w KQ - 1 17,d2f4 e5f4 h7g7 d8f6,2017,77,79,101,advantage middlegame short,https://lichess.org/Y5Q1MwS3#33,Italian_Game Italian_Game_Rousseau_Gambit
TQG8j,6k1/2p3pp/p1p2p2/Pr6/R3P3/1P1r1P2/5P1P/2R4K w - - 0 28,c1c6 d3d1 h1g2 b5g5 g2h3 d1d3,1971,133,76,24,crushing endgame long master pin rookEndgame,https://lichess.org/fRLjzI34#55,
ZOMEU,8/7p/p2k2p1/Pb1p1pP1/1K1NpP1P/4P3/8/8 w - - 15 55,d4b5 a6b5 b4b5 d5d4 a5a6 d6c7 e3d4 e4e3 d4d5 e3e2 d5d6 c7d6 a6a7 e2e1q,2077,79,78,50,endgame,https://lichess.org/WRfRis7m#109,
1puO9,3r1rk1/pp3ppp/3b1n2/3b4/1P2q3/P2NP3/4BPPP/RQB2RK1 w - - 1 19,e2f3 d6h2 g1h2 e4h4,1981,78,79,204,attraction crushing kingsideAttack middlegame sacrifice short,https://lichess.org/NMGOWunc#37,Queens_Gambit_Declined Queens_Gambit_Declined_Tarrasch_Defense
psm1b,2r5/1p2bpk1/n2p2np/1B1Pp1p1/1P2P3/2N1BqPK/3Q4/1RR5 w - - 0 32,d2f2 g6f4 h3h2 f3h5 h2g1 f4h3,2040,74,94,2454,advantage long middlegame pin,https://lichess.org/DpAqdEBn#63,
2xVf2,r3k1n1/1p3pp1/p3p1b1/3Nb3/1P5q/P3B3/2PQBP2/2KR4 b q - 0 19,a8d8 e3g5 d8d5 g5h4,1992,78,97,51,advantage fork master middlegame short,https://lichess.org/shZhmxg5/black#38,
Le45E,8/2p5/2k5/p1p2pp1/P1K5/1PP3PP/8/8 w - - 0 40,h3h4 f5f4 g3g4 g5h4,1973,74,86,694,crushing endgame master masterVsMaster pawnEndgame short,https://lichess.org/KTPNq6PJ#79,
ZRLFS,r2r4/pp4p1/2p2k2/2q1nb2/2B2R2/2Q4P/PP3PP1/1R4K1 b - - 9 28,g7g5 f4f5 f6f5 c4e6 f5e6 c3c5,1932,76,94,4246,advantage attraction discoveredAttack long master middlegame sacrifice,https://lichess.org/nZU9G1D6/black#56,
nFfIV,r7/2R3P1/4p2p/3p4/4PP1P/5K2/1p6/1k6 b - - 0 56,d5e4 f3e4 b1a2 c7b7 a8g8 e4e5,1910,98,89,25,advantage endgame long rookEndgame,https://lichess.org/Y5YF0Muc/black#112,
KEtR3,8/6p1/7k/5P2/6K1/8/8/8 b - - 3 62,g7g6 f5f6 g6g5 g4f5 g5g4 f5e6,2018,75,96,1399,crushing defensiveMove endgame long pawnEndgame,https://lichess.org/m7ia9KYo/black#124,
4ZduV,8/p1p5/1p1k2b1/3Pp2p/1PB2P2/P3K1P1/8/8 b - - 3 38,g6f7 f4e5 d6e5 d5d6 f7c4 d6d7,2076,78,92,684,advancedPawn bishopEndgame crushing endgame long master sacrifice,https://lichess.org/HvfoiAjr/black#76,
BdB9F,r5k1/ppp2ppp/2npr3/5b2/2P5/4P3/P2NBPPP/R3R1K1 b - - 0 17,c6e5 e3e4 f5g4 f2f3,1990,75,80,134,advantage middlegame short,https://lichess.org/r2NgCFR2/black#34,English_Opening English_Opening_Kings_English_Variation
p3seA,2r3k1/5p2/p4pn1/5N2/2q5/1p2P2Q/2PR1PP1/2K5 w - - 0 30,h3h6 b3b2 c1b1 c4f1,1959,77,86,90,advancedPawn crushing endgame master short,https://lichess.org/4itN8Rmf#59,
s5K0O,5rk1/1rpn1ppp/6q1/2p1P3/1b2R3/1PN1BQ2/P1P3PP/R5K1 w - - 2 23,e4g4 d7e5 f3b7 e5g4,1978,257,82,6,crushing fork middlegame short,https://lichess.org/rhQ75kIa#45,
q9Yyo,r1b2r1k/ppp2pp1/4qNnp/3R3Q/4N3/6R1/1PP2PPP/2K5 b - - 7 21,c7c6 g3g6 f7g6 h5g6,2045,90,86,28,crushing master masterVsMaster middlegame short,https://lichess.org/6gERi8Jn/black#42,
rhR6t,r4rk1/ppb4p/5p2/3pp1q1/2pP2b1/2P1P1PP/PP1QB3/2R2RK1 w - - 0 28,e2g4 f6f5 g4f5 f8f5 f1f5 g5f5,2054,77,91,1512,crushing long middlegame,https://lichess.org/93JzdKoL#55,
O8ngO,1r6/RP4pp/3r4/P2kp3/1Pp2p2/2K4P/3B1PP1/8 b - - 0 43,d5c6 a7a6 c6b7 a6d6,1961,75,90,111,crushing deflection endgame master short skewer,https://lichess.org/WJayQoov/black#86,
t0gPV,2kr2r1/ppp2p1p/4P3/6N1/5B2/3p1PP1/bP3K1P/2R5 b - - 0 22,a2e6 c1c7 c8b8 c7f7 b8a8 g5e6 d3d2 e6c7,1901,76,93,174,advantage discoveredAttack discoveredCheck endgame queensideAttack veryLong,https://lichess.org/A7kP7N0p/black#44,
bNneP,2Q5/p5kp/4p1p1/4P2q/P1P2b2/4R2P/1P1r4/5R1K w - - 2 34,c8c7 g7h6 c7e7 d2h2 h1g1 f4e3 g1h2 h5e2 h2g3 e2f1,1984,111,86,30,crushing defensiveMove endgame exposedKing fork veryLong,https://lichess.org/QKD0bpIb#67,
MM6EZ,r1b1qrk1/pppp1pp1/7p/4Pn2/2BQ4/2N1BN2/PPP2KPP/R7 w - - 4 14,d4g4 f5e3 f2e3 d7d5 g4d4 d5c4,1938,81,81,45,crushing long middlegame,https://lichess.org/8MnfQr7m#27,Scotch_Game Scotch_Game_Other_variations
8UXyR,3r4/1p3ppk/2q2p1p/R7/8/1Q2P3/PPP2PPP/2K5 w - - 1 23,b3f7 c6d6 a5d5 d6d5 f7d5 d8d5,2010,75,90,457,advantage endgame long,https://lichess.org/R0QpsgdP#45,
sJTkk,4r1k1/6pp/p1R5/P2p4/2nP1q2/2N1rP2/2Q3PP/3R2K1 w - - 3 28,c3d5 e3e1 d1e1 e8e1 g1f2 f4h4 g2g3 h4h2 f2e1 h2c2,2063,76,95,3043,advantage middlegame skewer veryLong,https://lichess.org/tbbtOklQ#55,
Q7ned,5R2/6pk/4N1pp/p2p4/8/1p1q3P/6P1/5R1K w - - 0 38,f1f3 b3b2 f3d3 b2b1q h1h2 b1d3,1967,79,89,59,advancedPawn advantage endgame fork long promotion,https://lichess.org/BLepxXLi#75,
meVwI,4r1k1/3br1p1/pp1q3p/2pnRp2/4Q3/1B1P2PP/PPPB4/2K1R3 w - - 0 25,e5e7 f5e4 e7e8 d7e8,1968,74,85,965,advantage middlegame short,https://lichess.org/SRcZpRcg#49,
aknUx,r3r1k1/1b3p1p/p1q2Bp1/1ppp4/7Q/PP1PP3/5PPP/R2R2K1 w - - 2 23,g2g4 d5d4 e3e4 e8e4 d3e4 c6e4 f2f3 e4f3 h4g3 f3f6,1969,82,58,42,crushing middlegame sacrifice veryLong,https://lichess.org/NquZUqFo#45,
jL3uS,rnb2rk1/ppp2ppp/3p4/2q5/1PBN4/2K2Q2/P1P2PPP/1R2R3 b - - 0 13,c5g5 f3f7 f8f7 e1e8,2016,106,18,18,kingsideAttack mate mateIn2 middlegame pin sacrifice short,https://lichess.org/VbxjWv9R/black#26,Philidor_Defense Philidor_Defense_Other_variations
AQNMs,r4rk1/p4ppp/1ppq4/4p3/4P1n1/2PP1R2/PP2Q1PP/RN5K w - - 0 16,f3g3 d6h6 e2g4 h6c1 g4d1 c1d1,1948,79,88,1184,backRankMate long mate mateIn3 middlegame sacrifice,https://lichess.org/db8NJREx#31,Bird_Opening Bird_Opening_Froms_Gambit
ZGHfL,6rk/1p2qp1p/p2pp3/4n3/2PNP2r/1PN4Q/P4RPP/5R1K w - - 4 24,h3e3 h4h2 h1h2 e5g4 h2g1 g4e3,1929,78,65,43,advantage attraction fork long middlegame sacrifice,https://lichess.org/rS6D76Lf#47,
MIChm,3q1rk1/4pp2/3p2B1/p2Pn3/1r1Q3R/1P4RP/6PK/8 b - - 0 34,b4d4 g6h7 g8h8 h7e4,2055,75,92,4273,discoveredAttack discoveredCheck doubleCheck master mate mateIn2 middlegame short,https://lichess.org/Zph3sZd2/black#68,
Eiyqm,5k2/5p1p/K4P2/4n3/8/4N2P/8/8 w - - 0 45,e3g4 e5g4 h3g4 f8e8 a6b5 e8d7 b5c4 d7e6 c4d3 e6f6,1945,75,86,177,crushing endgame knightEndgame veryLong,https://lichess.org/ZpsqTKSy#89,
ihO2P,8/4r3/5pk1/6Pq/2Q5/6B1/5PPK/8 w - - 1 39,c4h4 h5h4 g3h4 e7h7 g5f6 h7h4,1963,76,91,305,crushing endgame long pin,https://lichess.org/Nq2kXxE6#77,
NCTVY,N1bk3r/pp1p1p1p/2nB2p1/2pp1q2/7P/6P1/6P1/1R1QK2R w K - 0 21,h1f1 f5e6 e1f2 e6d6,2051,83,91,2743,crushing fork middlegame short,https://lichess.org/j60jt5KN#41,
IHncx,8/1pp3Qp/1k6/pN6/Pb6/7P/6PK/4q3 b - - 1 29,c7c6 g7d4 b4c5 d4d8 b6a6 d8a8 c5a7 a8a7,1972,76,94,13784,endgame mate mateIn4 veryLong,https://lichess.org/UUGHbGsz/black#58,
B3BRz,5rk1/ppq2ppp/2p4b/8/2B5/P2Q1R1P/1P4P1/7K b - - 2 32,c7e5 f3f7 e5e8 f7e7 g8h8 e7e8,1986,76,91,262,crushing discoveredAttack discoveredCheck endgame long,https://lichess.org/JoyrV4a0/black#64,
Iy4Og,2k5/ppp2p2/1qp2p2/5N2/2rPPP2/b6P/PP3QP1/1K5R w - - 3 28,h1c1 a3b2 f2b2 c4b4 b2b4 b6b4,1998,74,95,5034,advantage endgame long pin queensideAttack sacrifice,https://lichess.org/Bll8fwDQ#55,
0IPHL,2r1k3/pp1n2pp/3Q4/3P1p2/P2Nq3/2P1p1P1/7P/4R1K1 w - - 4 30,d4f5 e4f5 e1e3 e8d8,1947,75,87,499,advantage defensiveMove endgame master short,https://lichess.org/RCLiVZY5#59,
4vE0I,r1bqr1k1/ppp2pp1/2pb1n1p/6B1/4P3/2NB4/PPP2PPP/R2QK2R w KQ - 0 10,g5h4 f6e4 h4d8 e4c3 e1d2 c3d1,2011,75,87,1018,crushing discoveredAttack discoveredCheck long opening sacrifice,https://lichess.org/5G0GqKYT#19,Scotch_Game Scotch_Game_Other_variations
sTVFR,r1q2rk1/p3b1p1/1n5p/4Qb2/3N4/P7/1B1P1PPP/R4RK1 b - - 2 24,b6c4 d4f5 c4e5 f5e7 g8h7 e7c8,2038,80,90,1357,advantage fork long middlegame sacrifice,https://lichess.org/XAtnBBH0/black#48,
du0xD,2r3k1/p3nppp/8/8/1Pb1P1P1/P3PPqP/3Q4/2R2KNR w - - 5 31,g1e2 c4e2 f1e2 g3g2,2071,86,89,412,attraction crushing middlegame short,https://lichess.org/cbNWGaQN#61,
hHyUJ,r7/P7/3k4/RP2p3/8/8/1K3p2/8 w - - 0 40,a5a1 a8a7 a1f1 a7f7,1913,74,93,2497,crushing defensiveMove endgame rookEndgame short,https://lichess.org/5NLpfuOx#79,
hznPo,r5k1/p4ppp/1p3q2/2p2b2/2Q5/BB6/P4nPP/5RK1 b - - 1 23,f2e4 c4d5 a8d8 d5f5 f6f5 f1f5,2054,76,90,765,middlegame,https://lichess.org/yZ8irnxk/black#46,
aqoob,5nk1/ppq3b1/2p3p1/4p1N1/3r4/2Nn4/PPQ3P1/R4K1R b - - 2 25,c7e7 c2b3 f8e6 b3e6 e7e6 g5e6,2003,92,92,295,advantage exposedKing kingsideAttack long master middlegame,https://lichess.org/J9jU2i8K/black#50,
qUvWs,rn1qk2r/4bBpp/p2p1n2/1pp2b2/4P3/5P2/PPP3PP/RNBQ1RK1 b kq - 0 10,e8f8 f7d5 a8a7 e4f5 f6d5 d1d5,1970,76,92,1973,advantage long opening,https://lichess.org/6Y7N5kAQ/black#20,Philidor_Defense Philidor_Defense_Exchange_Variation
tGEew,r1b1k2r/1p1p1ppp/pq6/2b1p3/3pnP2/1QP5/PP1PB1PP/RNB2R1K w kq - 0 11,f4e5 e4g3 h2g3 b6h6 h1g1 d4d3,2096,80,93,13201,crushing discoveredAttack discoveredCheck kingsideAttack long opening sacrifice,https://lichess.org/VKFfbcE7#21,Sicilian_Defense Sicilian_Defense_Nyezhmetdinov-Rossolimo_Attack
BDsN4,r1b2rk1/1p1p2b1/p4R2/4qB1Q/8/8/PP3P1P/R5K1 b - - 2 24,e5f6 f5h7 g8h8 h7g6 g7h6 h5h6 h8g8 h6h7,1917,75,95,5672,discoveredAttack discoveredCheck exposedKing mate mateIn4 middlegame veryLong,https://lichess.org/fASeERKp/black#48,
eA1VS,8/5p2/2k3pp/1pP5/1K3PP1/8/6P1/8 b - - 0 41,h6h5 g4h5 g6h5 f4f5 h5h4 f5f6,2047,74,97,672,crushing endgame long pawnEndgame quietMove zugzwang,https://lichess.org/jrDIRNzb/black#82,
IThyw,8/5k2/1B4p1/pK6/P1P2p1P/1P2b3/8/8 w - - 0 53,c4c5 f4f3 c5c6 f3f2 b6e3 f2f1q,1955,81,91,2109,advancedPawn bishopEndgame crushing endgame long promotion,https://lichess.org/TRqdFgAp#105,
Xy78J,kr6/1p3p2/pRp1p1r1/Q1P4p/P7/2R5/KP6/5q2 b - - 6 50,g6g1 c3c1 a8a7 c1f1,2055,78,85,40,advantage endgame short,https://lichess.org/KDAIvV83/black#100,
svrhs,8/1p6/1kp5/8/8/1P6/P1P2Kp1/8 b - - 1 50,g2g1q f2g1 b6c5 c2c3,1942,97,35,23,advantage defensiveMove endgame hangingPiece short,https://lichess.org/nu084xEU/black#100,
AX05o,rn2r2k/1p3ppB/2pq3p/pP1p1Q2/3P2R1/8/KP2N3/8 b - - 4 24,e8e2 f5f7 e2b2 a2b2 d6b4 b2c2,2016,87,89,612,crushing defensiveMove long middlegame,https://lichess.org/JMJCdeqJ/black#48,
FAgcD,3r4/3qb1kp/5p2/5PpQ/3pR3/6P1/6PK/8 b - - 0 51,d7d5 e4e7 g7f8 e7h7,1934,111,85,19,crushing deflection endgame hangingPiece short skewer,https://lichess.org/o3CllBQH/black#102,
bwbyd,2kr3r/p1p2pp1/4q2p/2b5/4p1n1/2NP4/PPP2PPP/R1BQR1K1 w - - 2 15,e1e4 g4f2 e4e6 f2d1,1911,79,93,3498,advantage discoveredAttack discoveredCheck fork middlegame short,https://lichess.org/a2jGTRdW#29,Italian_Game Italian_Game_Two_Knights_Defense
BmIB4,8/5p2/5Pp1/3p2P1/2k1p2P/4K3/8/8 b - - 0 48,c4c3 h4h5 d5d4 e3e4 d4d3 h5g6 d3d2 g6f7 d2d1q f7f8q,2021,74,82,196,advancedPawn crushing endgame pawnEndgame promotion veryLong,https://lichess.org/ODqzKvpM/black#96,
BO89i,5rk1/ppp2p2/3r3p/5Bp1/1n6/P1q1P1P1/2P2PP1/RQ3K1R b - - 0 20,f8d8 a3b4 d6d1 b1d1 d8d1 a1d1,1917,76,89,2486,advantage long middlegame,https://lichess.org/aipASxHP/black#40,
1NBoB,3r3k/p5p1/1bB2n1p/1P1p4/3P1P2/q3BQ2/5P1P/6RK b - - 1 28,b6d4 f3g2 a3f8 e3d4,2041,76,93,4381,crushing intermezzo middlegame short,https://lichess.org/SwbMHC20/black#56,
jBmFq,8/pQp3pk/5pq1/7p/5n2/2P5/PP3PPP/4NK2 w - - 3 31,b7c7 g6e4 c7f4 e4f4,1995,78,90,573,crushing endgame short,https://lichess.org/GrqvpXOn#61,
ixllO,r2q1rk1/1b1nbppp/p3pn2/1ppP2B1/8/P1NP1N2/BPP1RPPP/R2Q2K1 b - - 0 12,f6d5 a2d5 b7d5 g5e7 d5f3 e7d8,2096,74,92,6661,advantage long middlegame,https://lichess.org/CMBx1lPv/black#24,Sicilian_Defense Sicilian_Defense_Modern_Variations
fbHDo,8/p6p/2Pk4/1B1b1p2/4pP2/P3K3/6PP/8 b - - 4 37,d5c6 b5c6 d6c6 g2g4 f5g4 e3e4,1962,74,87,987,bishopEndgame crushing deflection endgame long master masterVsMaster,https://lichess.org/bAKNcscq/black#74,
BxXH2,5Q2/2p4p/6p1/5Rk1/p1q3P1/P6P/5P2/6K1 b - - 0 35,g6f5 f8f5 g5h6 f5f6,1950,76,75,109,endgame mate mateIn2 queenEndgame short,https://lichess.org/4tTje5gX/black#70,
9NXNZ,2r5/4rpk1/5Rp1/4p3/4q3/PQ5p/1PP5/1K3R2 b - - 5 37,h3h2 f6f7 e7f7 f1f7 g7h6 b3h3,2052,75,70,80,crushing endgame long,https://lichess.org/Thr9D7Z4/black#74,
739YS,4r3/3bqpk1/4p1p1/1p1p2R1/3P4/2P3Q1/rPB2PP1/1R4K1 b - - 2 28,e8a8 c2g6 f7g6 g5g6,2089,75,90,291,crushing master middlegame short,https://lichess.org/EsDJGGPP/black#56,
2HL1W,8/6Kp/p5p1/6PP/1k6/8/8/8 b - - 0 45,a6a5 g7h7 a5a4 h5g6 a4a3 g6g7 a3a2 g7g8q,2069,80,92,5857,advancedPawn capturingDefender crushing endgame pawnEndgame promotion veryLong,https://lichess.org/NvrURQDY/black#90,
VK9YN,r4rk1/pp1qnpbp/2npb1p1/3N2B1/2B1P3/5N2/PP3PPP/1R1Q1RK1 w - - 3 13,d5f6 g7f6 g5f6 e6c4 d1c1 d7e6,2049,75,92,2462,advantage long middlegame,https://lichess.org/Ipf9UKh6#25,Sicilian_Defense Sicilian_Defense_Modern_Variations
3EF3r,1r6/pr1k1p2/4p3/B1P1q2p/P2p3R/2bQP1P1/4KP2/1R6 b - - 0 29,e5c5 b1b7 b8b7 a5c3 c5c3 h4d4,2071,77,82,135,crushing long middlegame pin,https://lichess.org/BPMZfxyw/black#58,
xJrBM,1k3r2/1p1r1p2/pq3R2/3PpQ1p/P1PbP1pP/2N3B1/1KP3P1/5R2 w - - 1 35,b2c1 d4e3 c1d1 b6d4 d1e2 d4d2,1936,78,92,1157,fork long mate mateIn3 middlegame,https://lichess.org/j5CRuMEh#69,
NyBP2,2r2k1b/p4p1p/7P/6R1/2p2B2/3p4/Pn4K1/4R3 b - - 1 38,c8d8 f4d6 d8d6 g5g8 f8g8 e1e8,2066,76,92,2620,attraction endgame long mate mateIn3 sacrifice,https://lichess.org/4cEccM65/black#76,
WW0hb,3r4/5p2/2P2p1p/1Pk5/3p4/3B1PKP/5P2/8 b - - 4 35,c5b4 c6c7 d8g8 g3f4 b4c5 d3f5,1977,80,72,72,advancedPawn crushing defensiveMove endgame long,https://lichess.org/XQVZsBuM/black#70,
P6lqg,1rb2rk1/pp3pb1/6pp/2Q1p3/4P3/6P1/PqP1NPBP/R4RK1 b - - 0 16,c8e6 f1b1 b7b6 c5f8 g7f8 b1b2,1904,74,82,311,advantage long middlegame,https://lichess.org/nN3vmV5l/black#32,Pirc_Defense Pirc_Defense_Sveshnikov_System
Qaqyc,3k4/1R6/p3r3/5pP1/2P2K2/1P1p1P2/1P6/8 w - - 0 36,g5g6 d3d2 g6g7 e6g6,2059,78,91,5623,advancedPawn advantage endgame rookEndgame short,https://lichess.org/U791EoSu#71,
CZFYA,r2kr3/pp1nbQpp/2p2n2/2q5/2B2B2/2NP3P/PPP2PP1/4R1K1 b - - 0 17,e7d6 e1e8 f6e8 c3e4 d6f4 e4c5,2080,74,87,358,advantage long middlegame,https://lichess.org/BH97SrMm/black#34,Scandinavian_Defense Scandinavian_Defense_Main_Line
VLpSC,r1b2rk1/1pp2p1p/p1p2pq1/8/1b6/P1N2N1P/1PP2PP1/R2QR1K1 b - - 0 15,c8h3 f3h4 g6g5 a3b4 g5h4 g2h3,2053,76,92,1288,advantage long middlegame,https://lichess.org/4W0hrF6Y/black#30,Ruy_Lopez Ruy_Lopez_Exchange_Variation
tjiXF,7k/p1p2r1p/1p1p4/2Pbpr2/1P6/2R3P1/P7/4Q1K1 w - - 0 32,c5d6 f5h5 c3f3 d5f3,1967,76,75,71,crushing endgame master quietMove short,https://lichess.org/xwjIs5NV#63,
6Vebw,1k3r2/2pb1P1p/p5p1/1pP1R3/8/1P6/P1K3BP/8 b - - 0 40,c7c6 e5e7 b8c8 g2h3 d7h3 e7e8 c8d7 e8f8,1995,75,94,1187,crushing endgame exposedKing sacrifice veryLong,https://lichess.org/1wU5Ii9i/black#80,
IkKBF,8/2p5/5b1p/2P2pp1/1Pk1pP2/2P1K1PP/3B4/8 w - - 1 37,g3g4 g5f4 e3f4 f6g5 f4f5 g5d2,1975,79,95,13622,attraction bishopEndgame crushing endgame long skewer,https://lichess.org/Npb8Do3y#73,
WUJYk,8/3r2kp/1Q1P1pp1/p7/1p6/2q2PP1/P3R1KP/8 b - - 5 37,g7f7 b6b8 c3e5 e2e5,2036,76,78,62,crushing endgame master short,https://lichess.org/MelPWZeJ/black#74,
WgUsB,2r1r1k1/5p2/p5p1/1p3bBp/7Q/1P6/Pq3PPP/R3R1K1 w - - 0 23,g5f6 e8e1 a1e1 c8c1 h4b4 c1e1 b4e1 b2f6,1995,78,92,759,advantage attraction kingsideAttack master middlegame veryLong,https://lichess.org/egZ98EUr#45,
g5CNb,3r4/1pp3pp/1p2kp2/7P/4Pp2/2P2P2/PP2K1P1/7R w - - 3 26,h1d1 d8d1 e2d1 f6f5 e4f5 e6f5,1966,75,92,3913,crushing endgame long rookEndgame,https://lichess.org/PweFUIHC#51,
1w2IR,2q2rk1/1b2bppp/p7/4p3/P3N3/2PrBP1P/1P3QP1/R4RK1 w - - 0 24,a1d1 b7e4 f3e4 d3e3 f2e3 e7c5,2008,76,94,2335,advantage long middlegame pin sacrifice,https://lichess.org/PNkTEa0F#47,
Gtxg7,4r1k1/R1R2p1p/1q2r1pn/8/6P1/5N1P/2Q2P1K/8 w - - 4 31,g4g5 e6e2 c2c5 e2f2 h2g1 b6c5 c7c5 f2f3,2037,77,85,68,advantage fork middlegame veryLong,https://lichess.org/oqc6Smw1#61,
DloM5,4rrk1/ppp1q1p1/2n1pn1p/3p4/8/1B4QP/PB3PP1/3RR1K1 b - - 5 18,f6e4 e1e4 d5e4 b3e6 g8h7 d1d7 e7d7 e6d7,1933,76,93,1046,advantage kingsideAttack middlegame veryLong,https://lichess.org/t7TI20sA/black#36,Scotch_Game Scotch_Game_Goring_Gambit
WYgSw,8/1p4R1/p7/3p3p/3Pp1b1/P3K3/7k/8 w - - 0 47,g7b7 h2g3 b7a7 h5h4,2075,76,85,111,crushing defensiveMove endgame short,https://lichess.org/8dkGAK4O#93,
AobC0,Q1b2rk1/p3q1bp/3pp1p1/2n5/2P1p3/6P1/PP2PPBP/R1B2RK1 w - - 1 16,c1e3 c8a6 a8c6 f8c8 c6c8 a6c8,2081,75,95,3536,advantage clearance long middlegame trappedPiece,https://lichess.org/Shml7WwL#31,Dutch_Defense Dutch_Defense_Fianchetto_Attack
lRuuA,3q3k/p2r2bp/1p4p1/1P3p2/2Q2B2/R2nrN1P/6P1/3R2K1 b - - 1 31,d3e5 d1d7 d8d7 f3e5,2071,75,93,3137,advantage master middlegame short,https://lichess.org/UvwBaREm/black#62,
uGsYK,8/pp2k3/3p1P2/2p1p1r1/8/2PP1Q1K/Pq6/7R b - - 0 32,e7f7 f3d5 f7g6 d5g8 g6h6 g8h8,1957,84,87,50,crushing endgame exposedKing long,https://lichess.org/rXfHPvI4/black#64,
FYuiD,rq4r1/4kp2/2Rbp2Q/1B2p3/P3n3/5N2/1P3PPP/6K1 b - - 0 25,b8b5 a4b5 a8a1 c6c1 g8h8 h6e3,2029,76,91,106,advantage hangingPiece long middlegame,https://lichess.org/E3C04m79/black#50,
kWl7V,r4rk1/p4pp1/2R3p1/3n4/3P2P1/5P1q/P2B2R1/4Q1K1 b - - 6 31,h3f3 g2g3 f3g3 e1g3,1970,90,72,23,advantage middlegame short trappedPiece,https://lichess.org/xMkDELyg/black#62,
6FcD8,r4r1k/4R1p1/p1P3qp/4b3/3Npp2/7P/P1Q2PP1/3R2K1 b - - 1 29,f4f3 d4f3 f8f3 e7e5,1909,75,93,2618,advantage master middlegame short,https://lichess.org/aRlgOrow/black#58,
mnoKV,8/4pk1p/3p2p1/1KpP1p2/4P3/1P5P/5PP1/8 w - - 0 39,f2f3 f5e4 f3e4 f7f6 b5c6 f6e5,2075,76,92,393,crushing endgame long pawnEndgame,https://lichess.org/4p8LwsRG#77,
TPPfG,4q1k1/3n1ppp/rp1b4/p1p5/3P4/PQ3N2/1B3PPP/4RK2 b - - 1 21,e8a8 f3g5 c5c4 b3c4,1974,77,92,1030,crushing master middlegame short,https://lichess.org/no0M1EBc/black#42,
47TMO,4r1k1/pp3p2/7p/1b1r1N1Q/8/4p1PP/P2q2PK/1R2R3 b - - 1 32,b5c6 h5g4 g8h8 g4g7,1975,76,96,968,mate mateIn2 middlegame short,https://lichess.org/DsQV8WRq/black#64,
aL5gW,r1bq1rk1/ppp2pp1/7p/4R3/5n2/1BPP3P/PP1N1bP1/R1BQ3K b - - 1 14,f4d3 e5d5 c8e6 d5d8,1923,88,63,32,advantage opening short,https://lichess.org/XPdmzfv7/black#28,Italian_Game Italian_Game_Classical_Variation
iI2C4,1r6/4k1p1/4P2p/3Q1R2/pq3P2/1P6/K7/8 b - - 0 41,a4b3 a2b2 b4b5 d5b5 b8b5 f5b5,1987,130,61,18,crushing defensiveMove endgame long,https://lichess.org/AdgRrdr2/black#82,
VlrrY,r3r1k1/pp2p3/1q4p1/3pb2p/2p2P1R/2P1P1P1/PPQ1KP2/7R b - - 0 19,e5f6 c2g6 f6g7 g6h5,2095,74,84,229,advantage kingsideAttack middlegame short,https://lichess.org/KQItDQVx/black#38,Queens_Pawn_Game Queens_Pawn_Game_Mason_Variation
Xnas1,3r2k1/1b3pbp/2q3p1/4p3/1B2n3/1BP1QP1P/PP1r2P1/R3R1K1 w - - 1 27,f3e4 d8d3 e1d1 d3e3,1976,75,89,54,advantage middlegame short,https://lichess.org/IcdgmFDA#53,
nSNCC,2r5/1k3p2/4p2p/p2pP1pP/6Pn/bP2B3/P2R1P2/2rR2KB b - - 2 36,a3b4 d2d5 c1d1 d5d1,1940,76,90,1714,crushing discoveredAttack discoveredCheck master middlegame short,https://lichess.org/WgwYErZD/black#72,
NZKwP,8/4n3/p2kP2p/5Bp1/P3K3/7P/8/8 b - - 4 42,e7f5 e4f5 d6e7 a4a5 h6h5 f5g5,2089,87,91,4362,crushing endgame long quietMove zugzwang,https://lichess.org/HBoCdQuj/black#84,
JRYyu,3rqrk1/pBB1bppp/1p2bn2/2p5/8/1QN5/PPP2PPP/2KR3R w - - 6 16,d1d8 e7d8 c7d8 e6b3,1953,74,85,106,advantage middlegame short,https://lichess.org/FGDG2QTu#31,Four_Knights_Game Four_Knights_Game_Scotch_Variation_Accepted
a05zF,8/4B2p/7P/8/8/1ppk4/8/2K5 w - - 1 52,e7f8 b3b2 c1b1 c3c2 b1b2 d3d2 f8b4 d2d1 b2b3 c2c1q,2098,79,88,362,advancedPawn bishopEndgame crushing endgame exposedKing master promotion veryLong,https://lichess.org/2olEa8bG#103,
wUhzc,1q3r1k/2p3pp/3p4/8/3P4/Pr2QN2/6PP/2KRR3 w - - 0 26,e3e7 b3c3 c1d2 b8b2,2003,78,99,1132,mate mateIn2 middlegame short,https://lichess.org/NKaY3KPV#51,
H5cdB,4r3/p1q3kp/1p1Rr1p1/2p1Pp2/8/2P3PP/PP3Q1K/4R3 w - - 0 34,f2d2 c7d6 d2d6 e6d6,1914,76,91,1027,crushing endgame master short,https://lichess.org/smZO1pi3#67,
Oa11y,r4rk1/p3p1bp/4Q1p1/1pq5/2p5/2P2P2/PP1R1P2/K6R b - - 1 24,g8h8 e6g6 h8g8 g6h7,1921,111,82,30,crushing kingsideAttack master middlegame pin short,https://lichess.org/lqxQVhqi/black#48,
hUrpl,1r2k2r/pbqpbppp/4p3/2p1P3/2P1NP2/1P1Q4/P5PP/R1B2RK1 w k - 1 15,c1e3 c7c6 d3d6 e7d6,1935,75,88,831,crushing master middlegame short,https://lichess.org/CNHiBSo8#29,Sicilian_Defense Sicilian_Defense_Four_Knights_Variation
dDrBw,2r2rk1/pp1n2pp/4Nn2/q1bp1p2/5B2/4PN2/PPP2PPP/R2QK2R w KQ - 1 12,d1d2 c5b4 c2c3 c8c3 e1g1 c3c6 d2d3 c6e6,2036,77,91,3183,advantage middlegame pin veryLong,https://lichess.org/yBiYQe09#23,Queens_Pawn_Game Queens_Pawn_Game_Zukertort_Variation
aunsc,3r4/pk2n1pp/2p1p3/1pn1P3/5B2/2P1P3/2K1BPPP/R7 w - - 2 20,f4g5 c5e4 g5e7 d8d2 c2b3 d2e2,1970,75,87,117,crushing endgame fork long sacrifice,https://lichess.org/ZrpR06GV#39,
oE4bd,8/8/2pk2p1/p1p4p/1pP1PP2/P1PK2P1/8/8 w - - 0 35,e4e5 d6e6 c3b4 c5b4 a3b4 a5b4,1917,79,95,2387,crushing defensiveMove endgame long pawnEndgame,https://lichess.org/ufOrOtgq#69,
BLcsu,8/4P3/2k2K2/1p4p1/1R5p/PP2r3/8/8 w - - 1 44,f6f7 h4h3 b4d4 h3h2 d4d3 e3e7,2018,82,68,35,advancedPawn crushing endgame long rookEndgame,https://lichess.org/xZXMVF0Q#87,
eBDCC,5rk1/1R2Q1p1/2p4p/3p1q2/p6P/4P1P1/P4nB1/6K1 b - - 1 40,f8f7 e7f7 f5f7 b7f7 g8f7 g1f2,1995,75,92,2389,crushing endgame long,https://lichess.org/UicouvhR/black#80,
lC1Eq,2rr2k1/1p3p1p/p5p1/2N2b2/8/1P2P1P1/Pb3PBP/2R2RK1 w - - 2 21,c1c4 b7b5 c5b7 b5c4,1985,85,83,29,advantage middlegame short,https://lichess.org/57Y30vey#41,
h6fg3,6k1/1p4b1/p6p/4qpp1/P1Pp4/1P1Q1PP1/4N2P/5K2 w - - 0 29,f3f4 e5e4 d3e4 f5e4,2013,74,92,3663,advantage endgame master short,https://lichess.org/4Ck0NuIp#57,
RFfm1,8/p7/1p1k2p1/5p1p/PPPK4/7P/6P1/8 b - - 0 40,g6g5 c4c5 b6c5 b4c5 d6e6 c5c6 e6d6 c6c7 d6c7 d4e5,2089,78,94,8505,advancedPawn crushing endgame exposedKing master pawnEndgame veryLong,https://lichess.org/lTTJr1RO/black#80,
hlf6w,2b1r1k1/1pQ2p2/p1p2bp1/8/2P5/6P1/P4PBK/8 w - - 6 32,g2c6 f6e5 c7b6 b7c6,2083,78,73,45,advantage endgame master short,https://lichess.org/PRGbeJJ3#63,
ntjzc,4rk2/2QR2pp/p3qp2/4p3/8/1P5P/5PP1/7K b - - 4 30,e6b3 d7g7 b3b1 h1h2,1964,75,86,221,crushing endgame short,https://lichess.org/Ze97ObR7/black#60,
Ff994,5b1r/p1r1kppp/5n2/2Np1Q2/3P4/4PP1P/1q3P2/1R4K1 b - - 0 24,b2c3 f5e5 e7d8 b1b8 c7c8 c5b7 d8d7 e5f5,1986,76,91,433,crushing fork middlegame veryLong,https://lichess.org/wN6QcXyy/black#48,
haSJi,6R1/5r2/2p2p2/pqP2kp1/3p4/1P5Q/P5PK/2r5 b - - 5 42,f5e5 g8e8 f7e7 e8e7 e5d5 h3f5,2062,78,93,1376,endgame long mate mateIn3,https://lichess.org/0q95Ypp2/black#84,
TEIB7,2kr2nr/ppp3bp/8/4p2b/2PpN3/3KP1BP/PP3PP1/R4B1R w - - 1 17,f1e2 d4e3 d3e3 g7h6 f2f4 e5f4 g3f4 h6f4 e3f4 h5e2,1942,76,87,112,attraction crushing discoveredAttack discoveredCheck fork middlegame veryLong,https://lichess.org/07Lwl8a4#33,Queens_Gambit_Declined Queens_Gambit_Declined_Albin_Countergambit
261xU,6k1/ppr4p/3p2p1/q7/6P1/2R1Q3/2PK4/7R b - - 0 29,c7c3 e3e8 g8g7 e8e7,1950,75,89,663,crushing endgame short,https://lichess.org/kQmt1fFo/black#58,
4FDhq,2b1r3/2q1r1kn/pp1p2n1/2pP3R/P3P1Pp/2N5/1P1QB1P1/R5K1 b - - 4 30,e7f7 d2h6 g7h8 h6g6 e8g8 g6h6,1909,161,50,27,advantage deflection long master masterVsMaster middlegame,https://lichess.org/YOqhymUd/black#60,
7Wwbx,3B2k1/5ppp/Nn2p3/3nN3/1p1P4/4P2P/5PP1/2b3K1 w - - 0 27,d8b6 b4b3 e5d3 d5b6 a6c5 b3b2 d3b2 c1b2,2000,76,95,7490,advancedPawn advantage endgame intermezzo veryLong,https://lichess.org/QKglBvLU#53,
dBfRX,r5k1/pp2r2p/4q3/5p2/2P1bB2/1PQ4P/2P2Rp1/4R1K1 b - - 4 31,a8e8 f2g2 e4g2 e1e6 e7e6 g1g2,1916,76,91,665,advantage long middlegame,https://lichess.org/NH5BYz9r/black#62,
s8uO5,6k1/2p2pp1/6p1/8/3B1P1K/r7/r5PP/2R1R3 w - - 0 27,g2g3 a2h2 h4g4 f7f5 g4g5 a3g3,2051,78,92,3588,deflection endgame long mate mateIn3,https://lichess.org/Ex8cA5ZG#53,
bAPNn,5r1k/pp4p1/1b2Q3/3p3q/1P3P2/2P3p1/P6P/3RR2K w - - 2 35,h2h3 h5f3,1968,86,74,314,endgame mate mateIn1 oneMove,https://lichess.org/r6AeMpFX#69,
kkBbQ,5r2/p5k1/1p5p/2p2Qp1/P2b4/1P3NP1/4qP1P/5RK1 w - - 3 36,f5d7 f8f7 f3d4 e2f1 g1f1 f7d7,1996,76,97,1615,advantage defensiveMove endgame fork long,https://lichess.org/AH46ODql#71,
07MNL,r2r2k1/1RR2p1p/4p1p1/8/3B4/2P3P1/4KP2/6b1 b - - 8 28,d8d4 c3d4 a8a2 e2f1,2022,75,86,431,crushing endgame hangingPiece short,https://lichess.org/TVBVBRdF/black#56,
g1mrE,2rqr1k1/pbpnppbp/1p3np1/8/2BP4/1P2PN1P/PB1N1PP1/2RQ1RK1 b - - 0 12,c7c5 c4f7 g8f7 f3g5 f7g8 g5e6,2008,74,72,217,attraction crushing kingsideAttack long opening sacrifice,https://lichess.org/zX73Akky/black#24,Queens_Pawn_Game Queens_Pawn_Game_Colle_System
RCZQh,2r2r1k/pp5p/4Q1p1/8/5B2/8/Pq3PPP/4R1K1 b - - 3 27,c8e8 e6e8 f8e8 e1e8 h8g7 f4e5,1949,76,92,881,advantage endgame long pin,https://lichess.org/IfINKVOU/black#54,
3JYji,1r4k1/3R2pp/bp2Rp2/3B4/8/2r3P1/P4P1P/6K1 b - - 1 26,c3c1 e6e1 g8h8 e1c1,1968,76,84,94,crushing discoveredAttack discoveredCheck endgame master masterVsMaster short,https://lichess.org/bFB4a2Mi/black#52,
uNNSS,kr6/1pQ2Rp1/p1p5/3r1P1p/3p2q1/P7/1PP5/1K2R3 b - - 3 46,d5f5 e1e8 f5f1 b1a2 g4e6 e8e6,2038,75,91,432,crushing defensiveMove endgame long,https://lichess.org/PfLWzH0x/black#92,
YdDCG,r1bq1r2/6p1/p1nbp1k1/3p1pNP/1p1P2Q1/2N1P3/PP3PP1/2KR3R b - - 0 17,g6h6 g5f7 h6h7 g4g6 h7g8 f7d8,1956,80,92,3755,crushing exposedKing long middlegame,https://lichess.org/yA6bWCfc/black#34,Slav_Defense Slav_Defense_Exchange_Variation
uRIf2,8/8/6K1/r7/6pk/8/6RP/8 w - - 0 57,g2g3 a5a2 g6f5 a2f2,1994,74,99,751,crushing endgame rookEndgame short,https://lichess.org/rt0rD1ij#113,
oI5CL,1r2k2r/pQ1nnppp/5q2/2b1p3/2B1P3/2N5/PP3PPP/R1B2RK1 w k - 1 13,b7c7 c5b6 c4f7 f6f7,1908,79,87,51,advantage middlegame short,https://lichess.org/LVt3wLR2#25,Sicilian_Defense Sicilian_Defense_Alapin_Variation
RHwWw,8/8/p1p5/1pPk3p/1P4p1/3PK3/2P4P/8 w - - 0 36,e3f4 d5d4 f4g5 d4c3 g5h5 c3b4 h5g4 a6a5 h2h4 a5a4,1962,76,89,208,crushing defensiveMove endgame pawnEndgame quietMove veryLong,https://lichess.org/CbVr8pQL#71,
nmpeP,4qbk1/r6p/p2pP1p1/1p4Pn/2p5/2B1Q3/PPP2P1P/4R1K1 b - - 1 25,e8e7 c3f6 h5f6 g5f6 e7f6 e3a7,1969,75,92,739,advantage long middlegame,https://lichess.org/PnLWA2Sm/black#50,
rzOxO,8/8/1pp5/6p1/P1k3P1/4P2P/1K6/8 w - - 0 49,h3h4 g5h4 g4g5 c4d5 g5g6 d5e6,1953,75,87,223,crushing defensiveMove endgame long pawnEndgame,https://lichess.org/rfqQbeRt#97,
SqmZy,2r2rk1/pp3pp1/2nbp2p/q4nN1/3PQ3/P3B3/1P2BPPP/2R2RK1 w - - 0 21,g5e6 f7e6 e4e6 g8h8,2003,83,85,37,advantage defensiveMove master middlegame short,https://lichess.org/D6tdFDqo#41,
yJalE,2k4r/1b1q4/2n1p1p1/3p2r1/Q1pP1Pp1/R1P5/P3N2P/1R4K1 w - - 0 29,f4g5 d7h7 a4a8 b7a8 a3a8 c8c7 a8h8 h7h8,2061,76,85,516,crushing middlegame veryLong,https://lichess.org/FTAyzGjV#57,
W31p8,8/1p6/p2p1Qpk/P1p4p/4p1b1/1PPpq3/5RP1/5R1K w - - 6 34,f6f4 e3f4 f2f4 e4e3,2062,75,88,390,crushing endgame master short,https://lichess.org/FsGZxDd3#67,
TNn3k,8/4p3/1k4p1/3Pp2p/2K1P2P/6P1/8/8 w - - 3 39,c4d3 b6b5 d5d6 e7d6,2073,75,81,461,crushing endgame pawnEndgame short,https://lichess.org/RSnrrCne#77,
OIZYj,8/8/8/8/r4pP1/5P1k/6R1/4K3 w - - 5 45,g2g1 a4a1 e1f2 a1a2,1912,112,87,37,crushing endgame rookEndgame short,https://lichess.org/3o527qQ5#89,
mzB6V,8/5pkp/4b1pP/8/5Q2/2q2BP1/1p3PK1/8 b - - 0 40,g7f8 f4d6 f8e8 f3c6 c3c6 d6c6,1931,75,86,169,crushing endgame long,https://lichess.org/89emR3Cy/black#80,
jzleN,r2qr1k1/1p1b1ppp/p1pp1bn1/3P4/3N4/P4PB1/BPPQ2PP/R4RK1 w - - 0 16,g3d6 d8b6 a1d1 c6c5 d6c5 b6c5,2089,75,94,8390,advantage long middlegame,https://lichess.org/oASm4DEB#31,Scotch_Game Scotch_Game_Benima_Defense
fBzsU,1k1r4/2p2p1p/1p4p1/2n1p1P1/1R5P/2Q3N1/KPP5/3q4 b - - 3 29,b8b7 c3c5 d1e1 c5c3 e1c3 b2c3,1978,75,87,556,advantage endgame long pin,https://lichess.org/EmHzYYb6/black#58,
b0dvd,1r1k3r/5p2/p2p1p1b/2qNpb1p/2p1PP1P/P5P1/1PP1KQ2/1R1R4 w - - 0 26,f2c5 f5g4 e2e3 d6c5,1903,82,73,36,advantage intermezzo middlegame short,https://lichess.org/G9R34HV4#51,
VQgHx,r5k1/1pp1qpp1/2p4p/4p2b/2B1P1P1/2PPQN1P/7K/rN3R2 b - - 0 19,h5g4 h3g4 b7b5 c4b3,1909,74,83,235,advantage hangingPiece middlegame short,https://lichess.org/1dzXgsuD/black#38,Italian_Game Italian_Game_Giuoco_Pianissimo
Hna5w,r4rk1/ppq1ppbp/2bp1np1/8/3NP3/2N1BP2/PPPQ2PP/R4RK1 w - - 3 12,e3h6 g7h6 d2h6 c7b6,1904,76,79,104,crushing middlegame pin short,https://lichess.org/p6s7nZZz#23,Sicilian_Defense Sicilian_Defense_Modern_Variations
mchqB,rnb2rk1/pp3p1p/8/7N/7q/2P1Pp2/PP1Q3P/2K3R1 b - - 3 21,g8h8 d2d6 b8d7 d6h6 h4e1 g1e1,2085,74,93,3353,advantage long middlegame,https://lichess.org/gDMjqoDo/black#42,
bggb7,8/3N4/p4R1p/Np1b2pk/1b1Pp3/1P2P2P/P1r3PK/8 w - - 6 34,d7e5 b4a5 f6a6 a5c7,1908,77,91,1664,advantage endgame short,https://lichess.org/ZGAl56Km#67,
ejdBE,r2q1rk1/pp1bbpp1/2n1p2p/3pN1Nn/3P1B1P/3BP3/PP3PP1/R2QK2R b KQ - 2 12,h5f4 d3h7 g8h8 e5f7 f8f7 g5f7,2065,79,93,2514,advantage deflection fork long opening,https://lichess.org/qb7Ei838/black#24,Queens_Pawn_Game Queens_Pawn_Game_Accelerated_London_System
oGdFw,6rk/ppp2p1p/3p1p2/2b1pP2/2P1Pq2/P1P5/1P2QP1P/R3K2R w KQ - 3 18,a1d1 c5f2 e2f2 f4e4 e1d2 g8g2 f2g2 e4g2,1991,76,91,1424,advantage attackingF2F7 deflection endgame fork pin veryLong,https://lichess.org/nJrNEpUl#35,Italian_Game Italian_Game_Giuoco_Pianissimo
t9lmi,r3r1k1/2q1bp1p/p3pBp1/1p2P3/3N3Q/4nR2/P1P3PP/R6K b - - 2 24,e3d5 h4h7 g8h7 f3h3 h7g8 h3h8,1933,76,95,7235,attraction kingsideAttack long mate mateIn3 middlegame operaMate sacrifice,https://lichess.org/RetZ1Y71/black#48,
uAyUn,2rR2k1/p5pp/1p3p2/b7/5PQ1/P3r2P/2q3P1/3R3K b - - 1 31,e3e8 g4e6 g8f8 e6e8,1979,75,94,12711,mate mateIn2 middlegame pin short,https://lichess.org/EuBWmW4O/black#62,
ICyNv,8/7p/p1p1k1p1/1p1p2P1/1P1P1K2/P1P5/8/8 b - - 9 48,h7h5 g5h6 e6f6 f4g4,1901,78,82,55,crushing defensiveMove enPassant endgame pawnEndgame short,https://lichess.org/RFm7cb48/black#96,
m8psa,r3k2r/1ppb1p1p/p1n2p2/4q3/Q1B1p3/8/P2RNPPP/5RK1 b kq - 1 16,c6d4 c4f7 e8e7 a4d4 e5d4 d2d4,2014,83,92,1486,advantage attackingF2F7 discoveredAttack long middlegame,https://lichess.org/DUGGCxKY/black#32,Danish_Gambit_Declined Danish_Gambit_Declined_Sorensen_Defense
l74qW,7r/p4ppk/1qr1p2p/4n3/4N2P/Q1P5/PP3P2/1K1R2R1 b - - 3 23,e5c4 g1g7 h7g7 d1g1 g7h7 e4f6,1940,76,91,554,attraction cornerMate long mate mateIn3 middlegame sacrifice,https://lichess.org/rtJbf7Oe/black#46,
Uw2kb,2rq1rk1/1p1nBppp/p1n1p3/3pN3/5P2/2N2Q1P/PPP3P1/3RR2K b - - 0 18,d8e7 c3d5 e6d5 e5c6 e7e1 d1e1,1921,76,89,120,advantage long middlegame,https://lichess.org/GgzPnHZv/black#36,Caro-Kann_Defense Caro-Kann_Defense_Exchange_Variation
zZ5fs,8/1B3pkp/P2N4/4pP2/8/np4P1/2pK3P/8 w - - 0 44,a6a7 b3b2 f5f6 g7f6 a7a8q c2c1q,1958,78,92,2764,advancedPawn crushing endgame long promotion,https://lichess.org/b4qnc9bK#87,
KXZoI,5B1k/4Kp2/4p1p1/3pP1P1/2pP2N1/2P2n1p/8/4n3 b - - 7 56,h3h2 e7f7 f3g5 f7g6 h2h1q f8g7 h8g8 g4f6,1932,81,80,44,endgame exposedKing mate mateIn4 veryLong,https://lichess.org/jJntdwhQ/black#112,
EPkuw,1k1r3r/1Pp2p2/4p3/n1q5/2P2p1p/5Q1P/2B5/RR5K b - - 0 35,d8d2 b1b5 c5b5 c4b5,1945,76,94,1921,crushing master middlegame short,https://lichess.org/s1HB6gYi/black#70,
uWsK8,r3k2r/pp3ppp/2n1pn2/1Nqp1b2/1P3b2/P3PN2/2P1BPPP/2RQK2R b Kkq - 0 13,c6b4 a3b4 c5b4 c2c3,1902,76,91,337,advantage middlegame short,https://lichess.org/X1PBJ0Cx/black#26,Rapport-Jobava_System Rapport-Jobava_System_Other_variations
f2sh6,8/8/1R6/r6p/Pp6/2k1P1PP/5P2/5K2 w - - 3 40,b6b5 a5b5 a4b5 b4b3,1922,79,93,621,crushing endgame master rookEndgame short,https://lichess.org/V094u7iS#79,
sayBp,3r2k1/4qpRp/pn6/1p1rPp2/3N4/PP5P/4Q1P1/3R2K1 b - - 0 27,g8g7 d4f5 g7f8 d1d5 d8d5 f5e7,2080,126,81,15,crushing discoveredAttack fork long master middlegame,https://lichess.org/8ml4Ksjs/black#54,
xBke3,8/5p1k/8/p4q2/P5pP/1PP3Q1/1K6/8 w - - 0 40,b3b4 f5f3 g3e5 g4g3,2059,75,82,357,crushing endgame queenEndgame short,https://lichess.org/hhj2gziY#79,
GQ4RZ,2bq1rk1/2p3pp/5b2/2Ppn3/8/8/3N1PPP/BB1Q1RK1 b - - 1 19,g8h8 a1e5 f6e5 d1h5,2095,75,95,4307,crushing master middlegame short,https://lichess.org/CdqoLaXL/black#38,Bogo-Indian_Defense Bogo-Indian_Defense_Grunfeld_Variation
Kjeyu,r1q1k2r/1b2pp1p/p2P2p1/1pp1N3/5P2/P2P4/2P1BRPP/1n2Q2K b kq - 1 18,e7d6 e2g4 f7f5 e5g6 b7e4 g6h8,2057,81,92,4838,advantage discoveredAttack discoveredCheck long middlegame,https://lichess.org/b06HkYDR/black#36,Sicilian_Defense Sicilian_Defense_McDonnell_Attack
Fq9Kz,rnbq1rk1/p1p1ppbp/1p3np1/6P1/2pP4/P1N1P3/1P2BP1P/R1BQK1NR b KQ - 0 8,f6d5 c3d5 c8b7 e3e4,1998,76,85,112,advantage defensiveMove opening short,https://lichess.org/KwWdVEiB/black#16,English_Opening English_Opening_Anglo-Indian_Defense
H1m72,6k1/p5pp/2p5/4p1RP/P6r/1P6/6P1/6K1 b - - 1 32,e5e4 g2g3 h7h6 g3h4 h6g5 h4g5,1996,75,90,178,crushing endgame long rookEndgame,https://lichess.org/D8N2pDHv/black#64,
I7sTq,2k2b2/2p5/4n3/2pb4/pp2NP2/2P1B2P/1P1N2P1/6K1 w - - 0 36,f4f5 a4a3 b2a3 b4a3,2095,75,93,3054,crushing endgame master short,https://lichess.org/D5uEQxBv#71,
NiDT5,8/pp2Qr1k/n1p3Rp/3q2p1/7N/6PK/PPP5/3N4 w - - 4 32,e7e8 d5h1 h3g4 h1d1,1954,79,93,5969,crushing fork middlegame short,https://lichess.org/LWpi7wR6#63,
zC59P,8/5p1k/P5p1/3Pnpq1/4n3/4P1P1/r3B3/R3QNK1 b - - 2 37,a2a1 e1a1 e4g3 a1e5 g3e2 g1f2,1973,76,76,96,advantage long middlegame,https://lichess.org/IwMQygvT/black#74,
UQURC,8/1P6/2P5/2R5/4P2k/rn4r1/1N6/1K6 w - - 7 54,b7b8q a3a1 b1c2 a1c1,2020,80,90,1869,endgame mate mateIn2 short,https://lichess.org/7CU6g6Ee#107,
6cS2i,5bk1/p3rpn1/2p3pQ/8/qPP3P1/5N1P/P4P2/1R4K1 b - - 0 25,a4a2 f3g5 a2b1 g1h2 b1h1 h2h1,1991,74,95,1568,crushing long middlegame sacrifice,https://lichess.org/Wop8gOvh/black#50,
bWc6y,2Q3k1/p3b1pp/2nqpn2/8/3P4/5N2/Pr3PPP/R4RK1 b - - 1 18,g8f7 c8c6 d6c6 f3e5 f7e8 e5c6,2006,72,94,13167,advantage attraction fork long middlegame sacrifice,https://lichess.org/7PI3E0ZS/black#36,Caro-Kann_Defense Caro-Kann_Defense_Panov_Attack
eK4iM,8/8/1p1k2p1/2p5/2K2P2/1P6/P7/8 b - - 1 41,d6c6 a2a4 c6b7 c4b5 b7c7 a4a5 b6a5 b5c5,2062,81,90,73,crushing deflection endgame pawnEndgame quietMove veryLong zugzwang,https://lichess.org/6JZU5Ilc/black#82,
ydA6T,r3rbk1/pp4pp/2n2p2/2p1pP1Q/2q4N/4B2R/6PP/5RK1 b - - 3 25,c4f7 h5h7 g8h7 h4g6 h7g8 h3h8,2076,77,66,280,discoveredAttack discoveredCheck kingsideAttack long mate mateIn3 middlegame sacrifice,https://lichess.org/uirp9c4n/black#50,
mq7Nv,5rk1/8/p1p1pp1p/4b1pQ/5r1q/1P4N1/P1P2P1P/3R2RK b - - 1 27,f4f2 h5h4 g5h4 g3e4 g8h8 e4f2,2092,77,95,4852,crushing discoveredAttack discoveredCheck exposedKing long middlegame,https://lichess.org/qKgpMUDm/black#54,
zUQ73,2r2rk1/Qp3ppp/8/8/1PR3n1/P3PqP1/5P1P/R4BK1 w - - 1 30,e3e4 c8c4 f1c4 f3c3 a1d1 c3c4,1990,74,87,226,advantage fork long middlegame,https://lichess.org/vb4oMOQj#59,
vuiKk,2br2k1/2B1bppp/pr2p3/1pNn4/1P1n4/P1N3P1/2P1PPBP/2R2RK1 b - - 5 18,d5c3 c7b6 d4e2 g1h1 d8d6 b6c7,1908,78,93,1092,advantage long middlegame,https://lichess.org/T6EdMZ7n/black#36,Benoni_Defense Benoni_Defense_Benoni_Gambit_Accepted
gJWLR,8/1Q1k1p2/3p2p1/p7/1p3qn1/4N3/1PP2P2/5K2 b - - 1 37,d7e8 b7c8 e8e7 e3d5,1925,97,87,42,endgame master mate mateIn2 short,https://lichess.org/DwUlPMpc/black#74,
boDUr,5Kn1/8/8/2kN4/1N1p4/8/4p3/8 w - - 0 64,f8g8 c5c4 g8f7 e2e1q,1923,75,96,1065,advancedPawn crushing endgame knightEndgame promotion short,https://lichess.org/9OH1FxQK#127,
Dw3kq,5R2/1b6/2p1k3/1pP5/1P2p1Pp/2Q3p1/q1K3P1/8 w - - 1 44,c3b2 a2b2 c2b2 h4h3,1992,206,82,15,crushing endgame short,https://lichess.org/tfhc1zAN#87,
3ODTn,2krr3/ppp3pp/3q4/5b2/5Pn1/2P5/PP1N1QPP/2KR1B1R w - - 6 17,f2a7 d6d2 d1d2 e8e1 d2d1 e1d1,1912,76,92,2500,long mate mateIn3 middlegame pillsburysMate queensideAttack sacrifice,https://lichess.org/tO0fqOQm#33,French_Defense French_Defense_Steinitz_Attack
pTNG4,8/7p/2k2p2/2p5/3p4/1P6/2K2PPP/8 w - - 1 32,g2g4 c6d5 c2d3 d5e5,1912,77,92,424,crushing defensiveMove endgame master pawnEndgame short,https://lichess.org/fkX7UlLe#63,
zNosE,8/7p/3k1p2/p7/P1P3P1/4K3/8/8 b - - 0 41,d6c5 e3d3 c5b4 d3d4 h7h5 g4h5,1958,75,66,100,crushing endgame long pawnEndgame,https://lichess.org/FhEXSaFx/black#82,
boHop,r3kb1r/pp3ppp/4p3/4q3/8/P1N1P3/1P2Q1PP/R4RK1 b kq - 1 15,f8c5 e2b5 e8f8 b5b7 c5e3 g1h1,1919,77,93,8021,crushing long master middlegame,https://lichess.org/HqsmqAbe/black#30,Sicilian_Defense Sicilian_Defense_Alapin_Variation
E87rg,1r2k2r/pBp2ppp/4bn2/4Nq2/7b/8/PPP2PPP/R1BQR1K1 w k - 1 16,e5c6 h4f2 g1h1 f2e1,2030,76,84,68,advantage fork middlegame short,https://lichess.org/xjfQ6zqg#31,Elephant_Gambit Elephant_Gambit_Other_variations
Mk2VZ,3r2k1/1q3p2/1b2pN1p/4P1p1/8/3Q3P/5PP1/3R2K1 b - - 5 36,g8f8 d3d8 b6d8 d1d8 f8e7 d8e8,1944,84,88,113,endgame hookMate long mate mateIn3,https://lichess.org/UeN8RXCC/black#72,
mr27s,8/6kP/3p1NP1/2pPp3/8/4n3/8/6K1 b - - 0 45,c5c4 f6e8 g7h8 e8d6,2089,81,92,8345,crushing endgame knightEndgame short,https://lichess.org/KO8O12E1/black#90,
VeHQV,8/7p/1P4p1/K5P1/5P1P/3k4/8/7b b - - 1 72,d3e3 f4f5 g6f5 h4h5 f5f4 g5g6 h7g6 h5h6 h1b7 h6h7 f4f3 h7h8q,2099,79,88,534,advancedPawn bishopEndgame crushing endgame promotion quietMove sacrifice veryLong,https://lichess.org/29AUq5mz/black#144,
S1BBI,r5k1/p2b2b1/1p6/2pPp2p/2P1nr1q/P2B1Rp1/1P2Q1P1/R3BNK1 w - - 0 29,f3f4 e5f4 e2e4 g7d4 e4d4 c5d4,1998,77,92,1743,crushing kingsideAttack long master middlegame,https://lichess.org/ZcNsKwVF#57,
2CKs3,4r1k1/pp2rp2/2p1qR1p/3p3P/8/1P2PQ2/P1bP2P1/5RK1 b - - 1 23,e6e4 f3g3 g8f8 f6g6 e4g6 h5g6,2055,157,88,7,advantage long middlegame pin,https://lichess.org/sc6UR130/black#46,
DPsa3,2k2b1r/1ppr1ppp/1B2b3/4P3/8/8/qP2QPPP/2RR2K1 b - - 3 18,c7c6 c1a1 d7d1 e2d1 a2d5 a1a8 c8d7 a8d8 d7e7 d8d5,1932,76,89,71,advantage middlegame pin skewer veryLong,https://lichess.org/QmGiHIxr/black#36,Ponziani_Opening Ponziani_Opening_Jaenisch_Counterattack
GHouk,r2q1rk1/pp1n2pp/4N3/2b2p1Q/4p3/2P5/PP3PPP/R1B1R1K1 b - - 1 15,c5f2 g1f2 d8b6 e6d4,1946,101,60,23,advantage hangingPiece middlegame short,https://lichess.org/XxQhrvVp/black#30,Sicilian_Defense Sicilian_Defense_Bowdler_Attack
uDD0h,r5k1/pp3R2/2p1P2p/5P1b/3p2r1/3Q2Pq/PP1B3P/R5K1 w - - 1 32,f7b7 g4h4 g3h4 h3d3,1992,75,89,317,advantage middlegame quietMove short,https://lichess.org/j0fsyfK1#63,
0oJjP,8/7r/P1R4p/4pP2/6k1/1r6/3K3R/8 w - - 0 60,c6h6 b3b2 d2e3 b2h2 a6a7 h2h3 e3e4 h7a7,2060,77,86,84,collinearMove crushing endgame exposedKing rookEndgame veryLong,https://lichess.org/KqtKMyPY#119,
V4cyJ,r1bqk2r/ppp1n1pp/3p4/4b3/2B2p2/2N5/PPP1Q1PP/R1B2RK1 b kq - 1 11,c7c6 c1f4 e5f4 f1f4,1933,75,75,225,advantage opening short,https://lichess.org/JeAWDZ6U/black#22,Kings_Gambit_Accepted Kings_Gambit_Accepted_MacLeod_Defense
uzTGw,5k1n/p3Rr2/3p2p1/3P1p1p/2q2P1Q/2P1R2P/1rP3PK/8 b - - 0 36,c4d5 e7e8 f8g7 h4d8,2092,87,57,39,clearance crushing middlegame short,https://lichess.org/DTstLWgc/black#72,
ZoYn8,6R1/8/8/2p4p/P1Pb2p1/4p1Pk/4K2P/8 w - - 0 50,g8h8 d4h8 a4a5 h8e5 a5a6 e5b8,2031,78,92,803,crushing endgame hangingPiece long,https://lichess.org/MVxw0vth#99,
AKXkB,r1b1k2r/pp3ppp/1qn1p3/3pP3/1b1P4/5N2/PP1BBPPP/R2QK2R b KQkq - 2 11,c6d4 f3d4 b6d4 d1a4 c8d7 a4b4,2010,80,92,3727,advantage long opening,https://lichess.org/kpHtzNyR/black#22,French_Defense French_Defense_Advance_Variation
hAwey,n3rb1r/Pk3p1p/1p2b1pP/4NpP1/2PP1q2/2N5/4Q3/R3K2R b KQ - 1 25,a8c7 e2g2 e6d5 c3d5 e8e5 d4e5,2098,76,92,660,advantage long middlegame,https://lichess.org/CZc8P1ak/black#50,
r9KvR,r1bq2k1/pp3ppp/6n1/2p1r3/2P5/1P1B4/P2Q2PP/RN3RK1 b - - 1 16,e5h5 d3g6 d8d2 g6f7 g8h8 b1d2,1959,77,92,1037,crushing fork long middlegame sacrifice,https://lichess.org/Ghpu8l9j/black#32,Scotch_Game Scotch_Game_Lolli_Variation
T6ZlT,2qb2k1/2p2rp1/p2p2Np/1p4nQ/2P1P3/1P3nPP/PB4BK/3R4 w - - 2 29,h2h1 g5e4 g2f3 e4g3 h1g1 g3h5,2071,76,86,459,crushing exposedKing fork long middlegame,https://lichess.org/KtvMydc8#57,
OvW5E,4r3/5k1p/p1pqP1p1/1p6/3P4/1P2Q3/1P4PP/4R1K1 b - - 0 32,d6e6 e3f4 f7g7 e1e6,2021,77,82,69,crushing discoveredAttack endgame short,https://lichess.org/v6E0hyKu/black#64,
XJHgk,5r2/1RR2p2/2P1k1p1/7p/7P/1p4P1/5r2/3K4 w - - 0 33,b7b3 f8a8 d1e1 f2h2,1940,78,91,416,crushing endgame master quietMove rookEndgame short,https://lichess.org/doFPMsNf#65,
XtLxQ,2r1k2b/2q1pp2/p2p4/1p1P4/2n5/2P2PP1/PP1QBB2/1K1R4 w - - 5 26,d2h6 c4a3 b2a3 c7c3 h6h8 c3h8,2005,78,92,3092,crushing deflection discoveredAttack long middlegame sacrifice,https://lichess.org/FhvxvnS9#51,
R6lIm,r1b1k3/pp3p2/2pQ2p1/3pP3/5p2/2P1q3/PPN5/1KR5 b q - 1 23,c8f5 c1h1 e3h3 h1h3,1938,74,93,3166,advantage endgame quietMove short,https://lichess.org/YeCxjoUP/black#46,
MXj96,r1b2r2/p2k1Bbp/4p1p1/3pP1B1/8/8/PPP3PP/R4RK1 w - - 4 17,f7g6 h7g6 f1f8 g7f8,1948,83,89,887,advantage hangingPiece middlegame short,https://lichess.org/E8VvCMhq#33,Sicilian_Defense Sicilian_Defense_Other_variations
IcTus,r4r1k/2p2ppp/5n2/p1PbN3/Nb1P1qP1/8/1B3P1P/R2Q1RK1 b - - 0 21,a8e8 b2c1 f4e4 f2f3 d5b3 f3e4 b3d1 f1d1,2027,80,91,1392,crushing middlegame trappedPiece veryLong,https://lichess.org/ljzZczwN/black#42,
byoUb,rnbqkb1r/ppp2ppp/8/3pN3/2B1n3/8/PPPPQPPP/RNB1K2R b KQkq - 1 5,f8d6 e5f7 e8f7 c4d5,2016,81,89,1201,advantage attackingF2F7 attraction opening short,https://lichess.org/JVGsb9L0/black#10,Russian_Game Russian_Game_Italian_Variation
NiZ3M,r1r4k/5Qbp/4p1p1/2q1P1B1/2P5/1p5P/P5P1/R4R1K w - - 1 24,a2b3 a8a1 f1a1 c5e5 a1f1 e5g5,2027,79,86,139,advantage fork long middlegame,https://lichess.org/EXZqOIMK#47,
fGpgy,r4rk1/pbqp1nb1/1p2p1Pp/8/1P2n3/1QP5/3PB1PP/RNB2RK1 w - - 0 16,g6f7 f8f7 f1f7 g8f7 b3c4 c7f4,2053,78,88,54,crushing long middlegame,https://lichess.org/oq884tNw#31,Sicilian_Defense Sicilian_Defense_Old_Sicilian
jWHY4,5rk1/ppp3qp/3p2p1/2PP4/5p1R/4Q3/Pr5N/6RK w - - 0 33,h4f4 b2h2 h1h2 g7h6 h2g3 h6g5 g3f3 f8f4 e3f4 g5g1,1921,78,92,285,advantage attraction exposedKing middlegame sacrifice veryLong,https://lichess.org/Etd2q91J#65,
c77g2,8/8/1P6/8/3k1bp1/5p2/P4K2/3N4 w - - 2 52,b6b7 d4d3 a2a3 d3d2,2033,131,39,12,crushing endgame master short,https://lichess.org/pfv4iwpk#103,
jDWvK,2rq1rk1/4bppp/p1p2n2/1p1bN1B1/3P4/1P2Q3/1PP1N1PP/3R1R1K b - - 7 23,f6e4 g5e7 d8e7 c2c4,1979,170,81,5,crushing master middlegame short,https://lichess.org/pZ4oJqbo/black#46,
dDg07,r1b1r1k1/ppq2p1p/2n1pbpB/2Pp4/3P4/P2B1N2/1PQ2PPP/R3R1K1 b - - 5 16,c6d4 f3d4 f6d4 c2a4 d4f2 g1f2,2072,79,91,1577,advantage fork long middlegame,https://lichess.org/IkdvAeNa/black#32,Zukertort_Opening Zukertort_Opening_Sicilian_Invitation
kc5eX,2r3k1/p5pp/4P3/3R4/2n1p3/P7/5rPP/3R3K b - - 0 31,c4e3 d5d8 f2f8 e6e7 f8e8 d8c8,2091,77,95,4711,advancedPawn crushing endgame long master pin,https://lichess.org/vqjKgUwU/black#62,
10AU2,8/3b4/8/2pP3p/1pP2kp1/pP1K4/P4P1P/5N2 w - - 0 35,f1g3 h5h4 g3f1 f4f3,1922,76,95,3808,crushing endgame short,https://lichess.org/Be9Sa937#69,
bqnyg,4r1k1/1qpb3p/1p1p4/2nPp2Q/p1P1PbN1/2N2P2/PPK1B1r1/7R b - - 1 26,g2g4 h5h7 g8f8 f3g4,2059,76,87,565,crushing intermezzo kingsideAttack middlegame short,https://lichess.org/tgOLE0Pd/black#52,
dxuhI,2kr1bn1/p1p2p2/1p2p2r/6q1/2B3Pp/1PN1PQ2/PBnP3P/R2K3N b - - 4 20,c2a1 c4a6 c8d7 a6b5,1921,141,82,22,advantage middlegame queensideAttack short,https://lichess.org/A747b5Lj/black#40,
WZlHF,k2r2r1/ppQ2R1p/8/3q4/8/2P1b1B1/PP4PP/R6K b - - 14 26,g8g3 c7g3 d5f7 g3e3,2083,79,88,410,advantage master middlegame short,https://lichess.org/1ByQLLpO/black#52,
rDt5A,8/8/p1k2p2/3N4/5p2/1P3K2/P7/2b5 w - - 6 41,d5f4 c1f4 f3f4 c6c5 f4e3 c5b4,2029,116,82,77,crushing endgame long,https://lichess.org/mv2shIH5#81,
AMLkS,r5k1/5pp1/2p3p1/6q1/3Pp3/r3PR1P/1Q4P1/5RK1 w - - 0 32,f3f7 a3a2 f7f8 g8h7,1981,100,67,27,crushing endgame master short,https://lichess.org/t95Ogmcf#63,
Bh7oA,7k/7p/p1rNqpp1/1p1nP3/8/6P1/PP1Q1P1P/4R1K1 w - - 0 25,d2d4 c6d6 e5d6 e6e1 g1g2 e1e6,1927,75,87,327,advantage endgame long,https://lichess.org/leMMVnG9#49,
ho99y,5r2/p5k1/3p2pp/3N3q/2P1P3/P2Q2PP/7K/3b1B2 b - - 4 35,h5f3 d3d4 g7h7 f1g2,1946,75,87,355,advantage endgame master short,https://lichess.org/THOnPHbN/black#70,
tdxof,1r6/2q1ppk1/5bp1/3P3r/1P2N1Q1/3R2P1/4R1K1/8 b - - 1 37,b8b4 e4f6 b4g4 f6e8 g7f8 e8c7,1939,77,93,514,advantage fork long middlegame sacrifice,https://lichess.org/FsDMico7/black#74,
xAQeT,2krr3/1ppbn1p1/p1pb3p/5p2/1PPNPP2/P1N1B3/6PP/R4RK1 b - - 0 15,f5e4 c4c5 e7f5 d4f5,1986,80,91,1156,advantage master middlegame short,https://lichess.org/MIZSxKos/black#30,Ruy_Lopez Ruy_Lopez_Exchange_Variation
xUnGE,r5k1/p1pqb1pp/Qrn2n2/3pN3/8/2PP4/PP3PPP/RNB1R1K1 w - - 1 14,a6a4 c6e5 a4d7 f6d7,1986,81,91,653,advantage middlegame short,https://lichess.org/Pc9mkYTT#27,Italian_Game Italian_Game_Two_Knights_Defense
7DWtR,8/3n4/1p3k1p/p5p1/2P1pp2/2K3PP/8/1R6 w - - 0 42,g3f4 g5f4 c3d4 f6f5 b1b5 d7c5,1902,78,91,1594,crushing defensiveMove endgame long master,https://lichess.org/bsG3UIAw#83,
ExMbK,r5k1/pb1R1rq1/1p2Q3/6p1/8/2P5/P4PPP/1R4K1 b - - 6 24,b7c8 d7d8 g8h7 d8c8,2070,76,86,575,advantage master masterVsMaster middlegame short,https://lichess.org/SBkdeR5y/black#48,
GSxiA,7k/2p2rpp/1pP4r/8/1Q1PN3/P3P3/1P1R1PBq/4K3 w - - 10 34,f2f4 h2g1 e1e2 g1g2 e2d3 g2f1 d3c2 h6c6,2073,80,91,1324,advantage exposedKing fork interference middlegame veryLong,https://lichess.org/Obn5QTdB#67,
aAbMd,8/6K1/8/4P2p/6k1/1b6/3B4/8 w - - 2 69,g7f6 h5h4 e5e6 h4h3,2076,161,85,11,bishopEndgame crushing endgame quietMove short,https://lichess.org/uDYrEMUH#137,
oB2pK,4rk2/pp1R1ppp/2p2b2/4q3/P7/1B3R2/2P1r1PP/5Q1K b - - 9 26,e2e1 d7f7 f8g8 f7f6 g8h8 f6f8 e8f8 f3f8,1992,78,92,1046,backRankMate discoveredAttack discoveredCheck mate mateIn4 middlegame veryLong,https://lichess.org/u1lZeEQT/black#52,
IBsdf,8/2k5/3p1p1p/2pPp1p1/2P1P1P1/1K2P2P/8/8 b - - 5 56,c7d7 b3a4 d7c8 a4a5 c8b7 a5b5,2040,77,92,386,crushing endgame long pawnEndgame zugzwang,https://lichess.org/clcQ4ll9/black#112,
i0r9I,8/8/1p1p2p1/1P1Pp1K1/2P5/5k2/8/8 b - - 1 45,f3e4 c4c5 b6c5 b5b6 c5c4 b6b7,1911,76,94,3850,advancedPawn crushing endgame long pawnEndgame,https://lichess.org/ffQTWdVD/black#90,
Am6ik,4r2k/3R2pp/pp5q/2p5/2Q4b/P7/1PP2PP1/3R2K1 w - - 12 37,f2f3 h4g3 c4e4 h6h2 g1f1 h2h1 f1e2 e8e4,2089,76,61,132,clearance crushing endgame quietMove veryLong,https://lichess.org/Q93yATJH#73,
wljN4,8/7p/3kp1p1/2p3P1/p1P4P/P1K5/1P6/8 b - - 1 42,e6e5 b2b3 e5e4 b3a4,2001,87,92,33,crushing endgame pawnEndgame short,https://lichess.org/SEB9K7vQ/black#84,
sF4wb,5r2/8/3p4/p2pk1r1/6PR/pP2Pp1K/P2P4/5R2 w - - 3 30,d2d3 d5d4 h3g3 d4e3 f1f3 f8f3 g3f3 e5d4,2081,79,92,2771,crushing endgame rookEndgame veryLong,https://lichess.org/BpEQXBcs#59,
1BZvV,4b2k/p4q1p/6p1/3p1p2/1P6/2bB3N/P3Q1PP/7K b - - 5 30,c3b4 e2b2 h8g8 b2b4,1997,78,92,2057,advantage endgame fork short,https://lichess.org/o2R1N3Rl/black#60,
9toy9,8/8/8/5K2/1k1p4/3P4/8/8 b - - 2 76,b4b3 f5e5 b3c3 e5e4,1965,76,99,553,crushing endgame pawnEndgame short zugzwang,https://lichess.org/bu5Z5StQ/black#152,
xKnV4,3r1k2/5p1p/3Pq1pP/p1R5/1p1Q4/8/PP3P2/2K5 b - - 2 30,e6d6 d4g7 f8e8 c5e5 e8d7 g7f7 d7c8 f7c4,1917,75,80,256,crushing deflection endgame veryLong,https://lichess.org/QZdESfvZ/black#60,
u18y4,7r/5k1p/2Bp1b1q/3Pn1p1/4QpP1/7P/PPP2P2/R1B1R1K1 w - - 2 24,e4f5 e5f3 g1f1 h6h3 f1e2 f3d4 e2d2 d4f5,2052,76,86,64,crushing fork middlegame veryLong,https://lichess.org/m2kzdGgp#47,
0vq0X,r7/7k/p7/R4p1P/3p4/5PK1/5P2/8 w - - 0 49,a5f5 a8d8 f5c5 d4d3,2037,76,92,6939,crushing endgame quietMove rookEndgame short,https://lichess.org/vnN5ak9p#97,
979mF,8/4b1k1/p7/2p2Np1/1p4P1/3P4/qPP3B1/4RK2 b - - 1 33,g7g8 g2d5 a2d5 f5e7 g8g7 e7d5,1963,74,97,3155,attraction crushing endgame exposedKing fork long,https://lichess.org/hflBIKrz/black#66,
US6uV,5k2/2Qnqpb1/bp1N2p1/p2n1r2/P4N1p/1P2B2P/5PP1/2R1K2R w K - 1 26,d6f5 e7b4 e3d2 b4e4 f5e3 d5c7,2037,79,92,954,advantage fork long middlegame,https://lichess.org/OekAeCAJ#51,
8AJtV,6k1/6pp/1q1r1p2/8/3p2Q1/pPr5/P5PP/3RR2K b - - 3 32,d6d8 e1e7 g7g6 g4h4 h7h5 h4e4,2045,94,81,30,crushing endgame long,https://lichess.org/QKJfeRkT/black#64,
nHXUp,6k1/R4p2/3KpBpP/6n1/6r1/8/8/8 w - - 0 64,f6g5 g4g5 h6h7 g8h7 a7f7 h7h6,2039,80,88,164,crushing defensiveMove endgame long,https://lichess.org/jVpWo6jv#127,
Q2BMs,r1bnrbk1/ppp2pp1/3p3p/8/2B1qP2/1Q3N1P/PPPB2P1/2KR3R b - - 1 15,e4c6 c4b5 c6c5 b5e8,1943,78,91,1991,crushing middlegame short skewer,https://lichess.org/p3cOKK2d/black#30,Center_Game Center_Game_Paulsen_Attack_Variation
WZyKR,8/5ppk/6r1/1P1pP3/2pP1q2/2Qb3P/R5PK/4B3 w - - 4 41,h2h1 d3e2 a2e2 f4f1 h1h2 f1e2,2008,162,0,8,attraction crushing endgame fork long quietMove sacrifice,https://lichess.org/D59xdJau#81,
VUu9b,5rk1/1p4p1/p6p/Q4r2/4p1q1/1PP5/P2RRPPP/6K1 w - - 3 33,a5c7 e4e3 e2e3 f5f2 c7c4 g4c4,2027,76,86,213,advantage deflection endgame long,https://lichess.org/ogttVVsg#65,
6SK7U,r4rk1/ppp2ppp/2np2P1/4p3/2P1n1P1/P1P1P2q/1P2B3/R1BQ1RK1 b - - 1 17,f7g6 d1d5 g8h8 d5e4 f8f1 e2f1 h3g3 e4g2,1914,76,80,89,advantage fork middlegame veryLong,https://lichess.org/vBUF6rn0/black#34,English_Opening English_Opening_Kings_English_Variation
IDTTe,3r2k1/pp3ppp/4b3/3BN2Q/PqP5/6P1/KP3n1P/4R3 b - - 2 31,b4e1 d5e6 f7e6 h5f7 g8h8 f7e6 e1e5 e6e5,1916,112,85,13,advantage middlegame veryLong,https://lichess.org/pgyqJmQS/black#62,
3eWKT,1Q6/5ppk/7p/8/8/6QP/5PPK/3qq3 w - - 1 36,g3f3 d1f3 g2f3 e1f2,1976,75,84,155,capturingDefender crushing endgame queenEndgame short,https://lichess.org/IyHQXycm#71,
pEQpH,R7/2B2p1k/7p/6p1/P2b4/5KPP/r7/8 w - - 0 38,a4a5 f7f5 g3g4 a2f2 f3g3 f5f4,2057,86,68,28,crushing endgame long quietMove,https://lichess.org/aqWVpgrY#75,
RnqAJ,5r1k/6pp/p5p1/3Q4/2pP4/q1P4P/4RPP1/6K1 b - - 0 33,a3c3 d5f7 c3a3 e2e8 a3c1 g1h2 c1f4 f7f4,1941,76,91,580,crushing endgame pin veryLong,https://lichess.org/LveskBnT/black#66,
APCdc,5rk1/p3br1p/1p4p1/n2qP3/2pP1P2/2P1B1RR/2Q3PP/6K1 b - - 5 26,g8g7 h3h7 g7h7 c2g6 h7h8 g3h3 e7h4 h3h4 f7h7 h4h7,1966,77,85,147,attraction mate mateIn5 middlegame sacrifice veryLong,https://lichess.org/DNKFjps4/black#52,
zxPtR,8/8/8/p1r5/Pp1pPk2/1P1K1P2/2P5/8 b - - 4 53,c5c2 d3c2 f4e3 c2d1,2023,75,91,470,crushing defensiveMove endgame hangingPiece master short,https://lichess.org/5djJfwo8/black#106,
wp3kj,2r3kr/7p/3p2pQ/p1qP1pPn/1p5P/PB3P2/1PP1R3/2K1R3 w - f6 0 26,e2e8 c8e8 e1e8 g8f7 e8h8 c5g1,2041,77,86,173,crushing long middlegame sacrifice,https://lichess.org/Z6tf9bTX#51,
EqpZb,2Nr4/2RP2k1/p3p1n1/P3p1q1/1P2P1P1/5P2/5Qp1/6K1 w - - 0 37,c8d6 g6f4 d6b7 f4h3 g1g2 h3f2 b7d8 g5d8,2078,76,88,150,crushing endgame exposedKing fork master quietMove veryLong,https://lichess.org/PNWjfKel#73,
vX5bj,1k5r/pp4p1/2p1Q3/2P2nbq/1P1P4/P3P1P1/1B1R3P/4R1K1 w - - 3 27,d2e2 g5e3 e6e3 f5e3,2038,99,84,18,advantage kingsideAttack middlegame short,https://lichess.org/1iFvVEU1#53,
kVSvD,5rk1/p4qp1/3Pp2p/nbp5/8/P1Q5/1B3PPP/R2R2K1 w - - 1 27,c3a5 f7f2 g1h1 b5f1 d1f1 f2f1 a1f1 f8f1,1977,79,82,666,backRankMate fork master mate mateIn4 middlegame veryLong,https://lichess.org/0uGafWj5#53,
NkpPT,8/8/ppp5/3pK3/PP1P4/1P3k2/8/8 b - - 2 42,f3e3 b4b5 a6b5 a4b5 c6c5 d4c5,1978,75,97,2098,crushing endgame long pawnEndgame,https://lichess.org/LaUDC5e7/black#84,
MjAVn,4r3/pp2bkp1/5q2/4R3/2P1QB2/8/1P2KP2/8 w - - 1 34,f4g5 f6e5 e4e5 e7g5 e5e8 f7e8,2051,76,94,2077,crushing discoveredAttack endgame long pin,https://lichess.org/ZnNQDkH7#67,
VBcd3,r3r1k1/2q2ppp/p1p5/2pn4/3pN3/3P3P/PPP2PPQ/3RR1K1 w - - 3 20,e4c5 e8e1 d1e1 c7a5 h2e5 a5c5,1978,78,91,1373,crushing fork long middlegame,https://lichess.org/vIdGj3ex#39,
TunHd,8/5k2/1p1P2p1/p1p2p1q/P1Pp1P2/1P1P2Q1/5K2/8 w - - 1 43,g3f3 h5f3 f2f3 f7e6,1940,75,94,4026,crushing endgame master queenEndgame short,https://lichess.org/MVxJeYgQ#85,
udP5s,2rr4/pb2q2k/1p2p2p/3nBppQ/3P2P1/3B4/5P1P/2RR2K1 b - - 0 26,d5f6 g4f5 f6h5 f5f6 h7g8 f6e7,2082,77,92,1600,advancedPawn crushing discoveredAttack discoveredCheck long middlegame sacrifice,https://lichess.org/s0j4zYcy/black#52,
eQTQO,r1b2k2/ppq1bpr1/2p2n2/P3p1pp/2B1Pn2/2N1BP1P/1PPQ2PN/R4R1K w - - 4 18,e3b6 a7b6 a5b6 c7b8 a1a8 b8a8,2078,79,92,3464,crushing long middlegame quietMove,https://lichess.org/BL040Qns#35,Pirc_Defense Pirc_Defense_Other_variations
XXwrN,r2qkb1r/5ppp/p4n2/4Pb2/2B5/2p5/PP3QPP/R1B2RK1 b kq - 2 18,f6g4 c4f7 e8f7 f2f5,1970,75,76,241,attackingF2F7 attraction crushing opening short,https://lichess.org/GLEqQAQf/black#36,Slav_Defense Slav_Defense_Exchange_Variation
CoDnt,8/5pk1/8/2P2p1p/8/7P/4prPK/4R3 b - - 1 34,f5f4 h2g1 f2f1 e1f1 e2f1q g1f1,1917,76,93,2850,crushing endgame long rookEndgame,https://lichess.org/xDleebcv/black#68,
KejfP,8/8/4p3/8/3pNk2/p2P2p1/P1P1K2r/6R1 w - - 3 43,e2f1 h2c2 g1g3 c2a2,1975,76,91,311,crushing endgame short,https://lichess.org/PGizqJSZ#85,
wmQk4,8/6k1/3NpNn1/p2bP3/P7/1r3PR1/3p2PK/R1r5 w - - 2 43,f6h5 g7h6 d6f7 h6h7,2060,171,88,4,advantage defensiveMove middlegame short,https://lichess.org/PrmLx1xy#85,
5CyC4,2kr2nr/ppp4p/5p2/6pb/1b1n4/2NP1pBP/PPP2PP1/R2Q1RK1 w - - 0 15,c3e4 d4e2 g1h2 f3g2,1994,87,67,30,advancedPawn advantage kingsideAttack middlegame short,https://lichess.org/blyVXkp6#29,Scandinavian_Defense Scandinavian_Defense_Mieses-Kotroc_Variation
TQHqy,6k1/7p/8/2rb1N2/1p6/4PP2/1B1K2PP/8 b - - 0 41,b4b3 f5h6 g8f8 b2a3,1960,75,90,314,crushing endgame master pin short,https://lichess.org/vkKPwAVc/black#82,
85Ir6,2k5/pp1b1pb1/8/q1ppp1Q1/P7/1P1PP3/1BP1KPP1/RN5r w - - 3 20,g5g7 a5e1 e2f3 e1d1 f3g3 h1h3 g2h3 d1g1 g3f3 g1g7,1956,130,83,15,advantage middlegame sacrifice skewer veryLong,https://lichess.org/2nmQRUum#39,
qrxLT,2b2rk1/2p2ppp/2pr4/pp3PPQ/4PN2/3P4/Pq5P/R4RK1 b - - 0 23,d6d3 f4d3 b2d4 d3f2,1979,76,91,1068,crushing defensiveMove hangingPiece middlegame short,https://lichess.org/dcOnBAQC/black#46,
f2IyW,7r/3R3P/8/8/8/8/1p1K4/1k6 w - - 0 65,d2c3 b1c1 d7f7 h8c8,2007,76,95,890,crushing endgame rookEndgame short,https://lichess.org/FnOF5Vuh#129,
Cjlav,4r1k1/1p3nb1/3p2Q1/P2PpB2/4P2P/4B1PK/q7/8 b - - 8 44,a2a5 f5e6 e8e6 d5e6,2034,79,92,547,advantage middlegame short,https://lichess.org/hfWYKYRn/black#88,
63Em2,2rr2k1/1Q4bp/4p1p1/5p2/1P6/Pq2P1P1/3p1PBP/2RR2K1 w - - 0 25,c1b1 b3b1 d1b1 c8c1 b1c1 d2c1q,1993,75,89,75,advancedPawn crushing long master middlegame promotion sacrifice,https://lichess.org/ZZMU6kI0#49,
5xtvc,r2q1r2/p1p2R1k/2p4p/4P2Q/3P2R1/6P1/PPPb3P/6K1 b - - 0 25,h7h8 f7h7 h8h7 h5g6 h7h8 g6g7,2099,77,91,8399,attraction exposedKing kingsideAttack long mate mateIn3 middlegame sacrifice,https://lichess.org/VmS9RzNK/black#50,
XR62p,r2q1rk1/pp1n1p2/2p1p1p1/3n2P1/3PN3/3Q4/PPP2PP1/2KR3R b - - 1 17,g8g7 h1h7 g7h7 d3h3 h7g8 d1h1 d8g5 e4g5,1920,74,95,6798,attraction crushing middlegame quietMove sacrifice veryLong,https://lichess.org/44z5vfOB/black#34,Caro-Kann_Defense Caro-Kann_Defense_Classical_Variation
R8O4s,r4rk1/pbp1qppp/1p2p3/2b5/2NnP3/P1BQ2P1/1P3P1P/2RB1RK1 b - - 7 20,e6e5 b2b4 c5d6 c3d4,2046,75,88,76,advantage middlegame short,https://lichess.org/bOPSXAx4/black#40,
e8Ilw,r5k1/pp1n1pp1/1qp4p/3p4/4nQ2/1BP1N2P/PP1r1PP1/R4RK1 w - - 1 19,e3d5 c6d5 b3d5 d2d5,1922,76,58,84,advantage middlegame short,https://lichess.org/h2Rtx25L#37,French_Defense French_Defense_Other_variations
"6,00E+57",8/1P6/8/8/3p2P1/3K1k1P/8/4q3 w - - 0 58,b7b8q e1c3,2047,82,90,2737,endgame mate mateIn1 oneMove queenEndgame,https://lichess.org/0JjXpw4n#115,
IaqYj,3r2k1/pp1P1ppp/4b3/P1q5/2r5/5B2/1P1Q2PP/3RR2K b - - 0 23,d8d7 e1e6 d7d2 e6e8 c5f8 e8f8 g8f8 d1d2,1924,76,93,3115,advantage middlegame sacrifice veryLong,https://lichess.org/7hp4j19P/black#46,
OZc0w,6r1/pkp2p1p/8/3Nn1r1/Bn3p1q/6P1/1P3PQP/3R1RK1 w - - 0 27,d5b4 f4f3 a4c6 e5c6 g2f3 h4b4,2046,76,92,3194,advantage defensiveMove long middlegame,https://lichess.org/sY4DVj14#53,
v0B0z,8/2k5/P3Pppp/3K3P/5PP1/8/5b2/8 b - - 0 48,g6g5 f4g5 f6g5 d5e5 c7d8 e5f6,1987,81,79,30,bishopEndgame crushing endgame long,https://lichess.org/T3dkOdNu/black#96,
nPDcj,r1bq2k1/2p2p1p/p1p3p1/2P5/8/1Q1Br2P/PP4P1/R4RK1 b - - 1 18,e3d3 b3f7 g8h8 a1e1,1939,77,91,485,advantage defensiveMove middlegame short,https://lichess.org/Qt9qBhPj/black#36,Queens_Pawn_Game Queens_Pawn_Game_London_System
XM4Mg,2r1b3/6k1/3R2p1/R1P2p1p/p7/P7/1P6/2K5 w - - 0 37,c5c6 c8c6 d6c6 e8c6,1923,76,85,128,advantage endgame short,https://lichess.org/cNyHJBpt#73,
Dtd7r,2r3k1/1p2qp1p/pBrp2pb/P2Np3/4P3/7P/1P1Q1PP1/3R2K1 b - - 6 23,e7g5 b6e3 c6c2 e3g5,1986,80,90,1413,advantage middlegame short,https://lichess.org/hr8ZH4ug/black#46,
42Itv,3q3k/pp5p/1n3b2/3P2p1/4Q3/P4rP1/1P1B3P/2R3K1 b - - 2 24,d8d5 c1c8 h8g7 c8c7,2061,77,91,373,advantage middlegame short,https://lichess.org/dKTYeEBL/black#48,
y3QVQ,7r/2pp1k2/p1q1pP1p/3bP1p1/1Q6/8/PP2NP1P/4K3 b - - 0 29,h8a8 b4e7 f7g6 e7g7 g6f5 e2d4 f5e4 d4c6,1922,77,85,332,crushing endgame fork veryLong,https://lichess.org/AWMraZOB/black#58,
O73oG,r4r2/ppp1k1pb/2n4p/2bB3P/4n1P1/5N2/PP3PK1/RNB2R2 b - - 6 19,c6b4 d5e4 h7e4 f1e1 b4c2 e1e4,1929,80,87,55,crushing long middlegame pin,https://lichess.org/Dao6D0s4/black#38,Italian_Game Italian_Game_Classical_Variation
vyrUS,2r2r1k/p6p/1p2q3/2p1pn2/4R1QN/2PP2P1/PP5P/R5K1 w - - 3 29,a1f1 f5e3 f1f8 c8f8 g4e2 f8f1 e2f1 e3f1,1920,77,93,1656,advantage middlegame veryLong,https://lichess.org/pw86Pswp#57,
rI9bq,3r1rk1/1p2p2p/pNq1bppP/P1p5/R3P3/2Q5/1P3PP1/4KB1R w K - 0 27,f1c4 c6e4 c3e3 e4b1 e1e2 e6c4 a4c4 b1h1,2096,78,81,47,advantage master middlegame veryLong,https://lichess.org/4RwPAUSV#53,
JUOnJ,7r/5pk1/5pq1/1R3R1p/6r1/3P1QP1/6KP/8 b - - 14 42,h5h4 f5f6 g4g3 h2g3 g6f6 f3g4,1934,75,79,91,crushing endgame long,https://lichess.org/S22ZFIEy/black#84,
JOJXD,2r2r1k/4b1pp/p7/3Q4/q2BP3/P4P2/1PP4P/2KR3R w - - 3 24,d4c3 c8c3 b2c3 a4a3 c1d2 f8d8,2019,79,92,5476,advantage deflection long master middlegame pin queensideAttack,https://lichess.org/IwVe7Oxn#47,
FITX4,2r2rk1/5pp1/pqp4p/3bN3/Q5R1/1P6/P4PPP/2R3K1 b - - 2 26,f8e8 e5d7 b6a7 d7f6,2031,75,88,513,advantage middlegame pin short,https://lichess.org/0oTfnVVF/black#52,
KUrZW,8/8/8/2k5/1p2pP2/1BpbP1PP/8/2K5 w - - 4 44,b3c2 d3c2 c1c2 c5c4 g3g4 b4b3,2075,78,94,2886,bishopEndgame crushing endgame long,https://lichess.org/PvYvvUYx#87,
Il6kk,8/1b4rk/p3pQ2/2p1P3/5P1K/2B1R3/P5P1/5q2 w - - 4 40,e3g3 f1h1 g3h3 h1g2 f6g7 g2g7,1974,75,99,349,crushing deflection endgame long,https://lichess.org/D5S25JyP#79,
peZf1,q5k1/5p2/6pp/8/1P1B4/P6b/3Q3K/8 b - - 1 42,h3e6 d2h6 a8b8 h2g2,2020,77,89,2833,crushing defensiveMove endgame short,https://lichess.org/IrJGOmyy/black#84,
Q1wx6,5k2/p5p1/1b1PPp1p/5P2/R6P/6PK/P7/4r3 b - - 0 39,h6h5 a4c4 f8e8 c4c8 b6d8 e6e7 e1e7 d6e7,2001,79,92,2403,advancedPawn crushing endgame pin quietMove veryLong,https://lichess.org/WZdp4WGx/black#78,
IiHss,r7/5pk1/5p1p/3N4/3QP2N/p2P3P/2P2K1q/8 w - - 4 33,h4g2 h2e5 d4e5 f6e5,1991,101,44,19,crushing endgame short,https://lichess.org/MTqisamX#65,
Gek12,r1bqr1k1/2pp1pp1/p4nNp/1pb2P2/4PB2/1PN5/1PP3PP/R2Q1R1K b - - 0 14,f6e4 c3e4 e8e4 d1d5 c8b7 d5b7,2068,88,47,35,advantage fork long middlegame pin,https://lichess.org/fKE1nTTy/black#28,Four_Knights_Game Four_Knights_Game_Italian_Variation
vuHto,2kr4/pbppqp1Q/1p3n2/2b5/2B1P3/8/PPP2PPP/RNB2RK1 w - - 1 11,h7f7 e7e4 c4d5 b7d5,1955,75,94,6368,crushing middlegame short,https://lichess.org/ihndZHmG#21,Scotch_Game Scotch_Game_Other_variations
ZO4zL,3r1k1r/4q3/4p1QN/1P3pp1/8/8/6PP/5R1K b - - 4 40,e7g7 g6e6 h8h6 f1f5,2065,77,82,151,capturingDefender crushing endgame short,https://lichess.org/yzisluZ2/black#80,
HUuiq,3r2k1/pp4pp/4r3/3p4/4bqP1/1BP1R3/PP2QP2/4R1K1 w - - 1 26,f2f3 e4f3 e2f3 f4f3 e3f3 e6e1,2097,76,90,103,advantage kingsideAttack long middlegame,https://lichess.org/i22OZwwh#51,
8llW7,8/5pp1/8/1p5p/1P1K3P/6k1/P7/8 b - - 0 40,g3h4 a2a4 b5a4 b4b5 a4a3 d4c3 a3a2 c3b2,1936,75,87,76,endgame,https://lichess.org/XYdoDh11/black#80,
hbqez,r4rk1/pp2ppbp/2p2np1/1qP5/PnNP4/2Q3P1/1Pb1PPBP/R1B2RK1 b - - 2 15,f6d5 a4b5 d5c3 b2c3,2040,76,87,471,crushing master middlegame short,https://lichess.org/kmAtipAd/black#30,Slav_Defense Slav_Defense_Modern_Line
5Yp1y,r4r2/1pp1n3/p7/4Rk1p/8/P4N2/1PP2PPP/6K1 b - - 0 22,f5g4 h2h3 g4f4 g2g3 f4f3 e5e3,2071,77,94,12238,endgame long mate mateIn3 sacrifice,https://lichess.org/1wZehuPT/black#44,
b2P5t,4r1k1/pR3p1p/1np3p1/3n1pq1/P2P4/1Q3B2/1PP1NPPP/6K1 w - - 1 22,a4a5 g5c1 e2c1 e8e1,1995,75,95,1436,backRankMate mate mateIn2 middlegame sacrifice short,https://lichess.org/VZkMxHB4#43,
NBMlg,6k1/1p1n1p2/2pq1np1/r5B1/p6P/2PB1Q2/P4P2/4R1K1 b - - 0 25,f6h5 e1e8 g8g7 g5h6 g7h6 f3f7 a5g5 h4g5,2089,174,88,40,advantage deflection middlegame sacrifice veryLong,https://lichess.org/A9K9q0cq/black#50,
lubXL,8/ppr1kpp1/3N3p/2Ppp3/1P1n4/P2P3P/5PPK/2R5 b - - 5 35,b7b6 c5b6 c7c1 b6a7 e7d6 a7a8q,2014,75,98,79,advancedPawn advantage endgame long promotion sacrifice,https://lichess.org/AoAQ7iTT/black#70,
PJHgJ,4Qbk1/3P1ppp/8/p1p1p3/4P2K/4BqP1/7P/8 b - - 0 43,g7g6 e8f8 g8f8 d7d8q f8g7 e3h6 g7h6 d8f8,2048,78,92,1859,advancedPawn attraction endgame master mate mateIn4 promotion veryLong,https://lichess.org/1rgAXq8K/black#86,
dTBvX,2k5/1pp2p2/p6p/2P1b2P/4b1p1/1N4r1/PP3KP1/2R1R3 b - - 3 31,g3g2 f2f1 g2h2 e1e4,1998,77,91,943,crushing endgame short,https://lichess.org/wUoMu8QR/black#62,
pL1c8,2k4r/ppp2p1p/5p2/8/7q/3BPP2/6PP/R2R2K1 b - - 2 25,h8g8 a1a7 c8b8 d1a1 g8g2 g1g2,1931,82,88,50,advantage endgame long quietMove,https://lichess.org/QKZ5NHVD/black#50,
bgTfT,k7/8/PP6/K5p1/4bp1p/8/5B1P/8 w - - 1 43,f2d4 g5g4 b6b7 e4b7 a6b7 a8b7,1966,75,88,1168,bishopEndgame crushing endgame long quietMove,https://lichess.org/284yGt82#85,
eRlIt,8/1N3p2/4k1p1/1b1p3p/1Pp2P1P/2P1K1P1/8/8 b - - 3 41,f7f5 e3d4 b5e8 d4c5,2088,76,89,181,crushing endgame short,https://lichess.org/knoExY7N/black#82,
7mBX2,5r1r/2p2k2/1p3p2/6pp/4Q1P1/3P2qP/PPP3B1/4R2K b - - 0 33,f8e8 e4d5 f7g6 d5f5 g6g7 f5d7 g7h6 e1e8,2060,77,83,70,crushing endgame veryLong,https://lichess.org/0p8VZVTk/black#66,
OCwPD,r2r4/p3Qp1k/1b4pp/2pN2q1/8/1P5P/P4PP1/2R1R1K1 b - - 3 29,d8d5 e7f7 h7h8 e1e7 g5e7 f7e7,1940,77,90,651,advantage long middlegame,https://lichess.org/iEDqxT1v/black#58,
a2seA,r2qk2r/ppp2ppp/2nb4/4p3/6b1/2NP1N1P/PPP2PP1/R1BQR1K1 b kq - 0 10,g4h5 f3e5 c6e5 d1h5,1999,76,70,65,advantage discoveredAttack opening short,https://lichess.org/0MrqT6YG/black#20,Italian_Game Italian_Game_Two_Knights_Defense
wCsZD,1kb3Q1/p1pB4/1p6/1N6/P2P1n2/KPP5/8/2q3B1 w - - 7 41,a3b4 a7a5 b4c4 c1f1,1960,78,88,737,mate mateIn2 middlegame short,https://lichess.org/0hMe9u9z#81,
O6S86,rn1q1rk1/pp3pp1/2p4p/3n1Q2/5P2/2N5/PP2BP1P/2KR3R b - - 0 18,d8f6 c3d5 c6d5 f5f6,1949,119,50,20,advantage middlegame short,https://lichess.org/AfiJ0KPb/black#36,French_Defense French_Defense_Steiner_Variation
9s2iN,8/8/8/7R/3kp1P1/8/r5P1/6K1 w - - 0 57,g4g5 e4e3 h5h4 d4d3 h4h8 a2a1 g1h2 e3e2,2022,117,87,15,advancedPawn crushing defensiveMove endgame rookEndgame veryLong,https://lichess.org/Ysw19SBg#113,
ONFgj,r1bqkb1r/p4ppp/4pn2/6B1/4p3/3B4/PP3PPP/RN1QK2R w KQkq - 0 10,d3e4 d8d1 e1d1 f6e4,1919,74,85,91,crushing intermezzo opening short,https://lichess.org/9MVQumLx#19,Sicilian_Defense Sicilian_Defense_Old_Sicilian
FycsF,2r2rk1/pp3p2/4p1p1/1b1pP1N1/3n3R/3B4/P1PK1PP1/R7 b - - 1 21,b5d3 a1h1 c8c2 d2d3,1938,80,88,136465,crushing intermezzo middlegame quietMove short,https://lichess.org/Fzix3Xjj/black#42,
KBFZa,2k5/Qpb2p1p/p1bqp1p1/8/3N4/2Pr4/PP3PPP/R3R1K1 w - - 2 24,d4c6 d6h2 g1f1 d3d2,1979,75,94,557,crushing kingsideAttack master middlegame short,https://lichess.org/HRurJ1zx#47,
GEEkf,8/p1pn1rk1/7p/2bQ2p1/3N4/2P2p2/Pq4PP/R2R3K w - - 0 27,d4f5 f7f5 d5d7 f5f7 d7d2 f3g2 d2g2 f7f2,2015,79,92,6624,advancedPawn crushing middlegame veryLong,https://lichess.org/8bqJ0KU1#53,
e9esi,8/3kb3/6pp/p2P4/P1p1KPP1/1p5P/1P6/4N3 w - - 1 38,e4d4 c4c3 d4c3 e7b4 c3b3 b4e1,2065,77,84,78,advantage attraction endgame long skewer,https://lichess.org/FJP9MI9p#75,
gFEJC,5r2/2p3kp/p1pp4/8/1P6/P4qP1/4rP1P/R2Q1RK1 b - - 1 24,e2f2 d1d4 f3f6 d4f2 f6f2 f1f2,2020,76,87,144,crushing endgame long,https://lichess.org/zlxOTpH5/black#48,
du1Vj,2rr4/5b1k/p4P1p/Pp1p3p/1PqBp1P1/2P1P3/5Q2/2R1R1K1 w - - 0 37,g4h5 d8g8 g1h1 g8g5,1919,75,84,189,crushing middlegame short,https://lichess.org/9LJfI98I#73,
E0gsI,rn6/6k1/pp1qprp1/3p3p/7P/2N5/PP1QR1P1/1K2R3 b - - 3 27,b8c6 c3e4 d6f4 e4f6 f4d2 f6h5 g6h5 e2d2,1905,76,92,1129,crushing middlegame sacrifice veryLong,https://lichess.org/DI0B5hWs/black#54,
l3kHd,6k1/1B3ppp/p1P2qn1/8/3R4/P1Q3Pb/1P2rP1P/5RK1 w - - 2 26,c3d3 h3f1 d4d8 g6f8 d3e2 f1e2 c6c7 e2g4 c7c8q g4c8,2094,76,88,400,crushing middlegame quietMove veryLong,https://lichess.org/EKe85gaL#51,
pvvMk,5r1k/5pR1/p2p1b1P/q4r2/1p5P/1P4Q1/P1P5/1K4R1 b - - 4 27,a5e5 g7g8 h8h7 g3e5 f6e5 g8f8,2006,75,93,1540,advantage long middlegame,https://lichess.org/Rm5e3ypk/black#54,
dcgrJ,b2q2k1/6p1/pp5p/2n2N2/4p3/1P2P3/P4PPP/2R2RK1 b - - 0 27,c5d3 c1c8 d8c8 f5e7 g8f7 e7c8,1939,197,60,6,attraction crushing endgame fork long pin sacrifice,https://lichess.org/GLpQKVc2/black#54,
s8kUp,3r1k2/p1R1q2p/6p1/8/2Q5/b4N1P/5PP1/6K1 b - - 0 25,e7c7 c4c7 d8d1 f3e1,2098,80,91,1642,advantage endgame hangingPiece short,https://lichess.org/zgyCOr8c/black#50,
NXmUu,8/8/2k2p2/1p1p1N1p/pP3P1P/2P1b1P1/8/1K6 b - - 1 66,e3f2 g3g4 h5g4 h4h5,2002,77,87,630,advantage defensiveMove endgame short,https://lichess.org/yGf6hyvW/black#132,
vZNn2,k6r/1pp5/p7/4Q1P1/7q/P1P4p/1P3P2/1K2R3 w - - 1 33,e1e4 h3h2 e4h4 h8h4 b1c2 h2h1q,1985,76,92,1485,advancedPawn crushing endgame long promotion sacrifice,https://lichess.org/rtX7zWNy#65,
Z9huQ,r1bq3r/1pp3bk/2n4p/p2pp1pQ/P7/1N1P3N/1PP2PPP/R1B1K2R b KQ - 2 13,g7f6 h3g5 f6g5 h5f7,2094,76,94,5081,epauletteMate mate mateIn2 opening pin sacrifice short,https://lichess.org/TuwAbB4k/black#26,Four_Knights_Game Four_Knights_Game_Italian_Variation
7SvCa,6k1/1pp3pp/8/p1PP2b1/4prq1/PKN1Q3/1P3rP1/2R2B1R w - - 5 29,e3d4 e4e3 d4e5 f4b4 b3a2 b4b2,2005,75,93,4030,clearance crushing long middlegame,https://lichess.org/ESU2kLnf#57,
Co4Pk,3rk3/p4N2/2R1p3/3p4/3Pn1P1/4Q3/q4PK1/8 b - - 0 28,a2f2 e3f2 e4f2 f7d8,1912,76,86,353,crushing endgame short,https://lichess.org/aYMXsCL9/black#56,
mYa1A,r6r/p4p2/1pp4p/3pP3/8/4bk1b/PPP1B2P/1K1RR3 b - - 1 30,f3f2 e2h5 h3f1 e1f1,2048,74,82,461,advantage middlegame short,https://lichess.org/tcwPowQ3/black#60,
GztFk,r4r1k/1p4pp/2b2q2/p2p4/8/P2B1P2/1P1B1QPP/2R3K1 b - - 2 27,f6b2 f2h4 h7h6 d2h6,1952,74,91,1689,advantage middlegame short,https://lichess.org/0KfcIDZd/black#54,
1jVit,r1b1rnk1/pp3pp1/2pb3p/7q/P2PB2B/4PN1P/1PQ2PP1/2R2RK1 w - - 1 17,f1d1 e8e4 c2e4 c8f5 e4f5 h5f5,1989,77,93,8160,crushing long master middlegame sacrifice trappedPiece,https://lichess.org/1jUMqZ3b#33,Queens_Gambit_Declined Queens_Gambit_Declined_Cambridge_Springs_Defense
Q8oD7,3r2k1/pp4p1/7p/1n1rp3/2Q1N3/1R1P4/P4PPP/q3KB1R w K - 5 25,e1e2 b5d4 e2d2 a1a2,2062,76,91,3854,crushing fork middlegame short,https://lichess.org/kZtDaPbI#49,
bT8wA,8/1p5p/6p1/2p1k3/1p6/1P1KP2P/P4P2/8 w - - 0 39,f2f4 e5f5 d3c4 f5e4,2066,76,88,1301,crushing defensiveMove endgame pawnEndgame short,https://lichess.org/IJQk9hzv#77,
ol9iL,3r3k/1pp2pp1/p1n1r2p/Pq2p3/1P4QN/2PP3P/5PP1/3R1RK1 b - - 3 22,d8d3 c3c4 d3d1 c4b5,1985,77,83,46,advantage middlegame short,https://lichess.org/NdSC9ScH/black#44,
Kr1qG,k4r2/Pp3r2/3n3p/1Nbpq1p1/3N2Q1/2P1P3/1P4PP/R3R1K1 w - - 3 29,d4e6 e5e3 e1e3 c5e3 g1h1 f7f1 a1f1 f8f1,2076,77,94,2114,backRankMate mate mateIn4 middlegame sacrifice veryLong,https://lichess.org/czA4yMYQ#57,
OQ11n,r5k1/2p3pp/1p1p1b1B/pPn4q/2P3b1/P5P1/2Q1BP1P/R3R1K1 w - - 1 27,h6e3 g4e2 e1e2 f6a1,1918,75,92,2542,crushing master middlegame short,https://lichess.org/fQlfhNZl#53,
OwCb4,8/pp2rpkp/3p2p1/1PpPr1q1/P1P1R3/2Q2P1P/5P2/4RK2 b - - 15 32,f7f6 f3f4 e5e4 e1e4 g5g1 f1g1,2063,81,91,2458,crushing endgame fork long,https://lichess.org/NdGF17mQ/black#64,
8oNFo,8/1ppR2pk/3bp2p/1P6/Pp6/7P/5PP1/6K1 w - - 3 38,b5b6 b4b3 b6c7 b3b2 d7d6 b2b1q,2014,79,91,1660,advancedPawn advantage endgame long promotion,https://lichess.org/fTEf6xAz#75,
GFw0r,1q4k1/5pp1/4b1np/1p1p3n/3Pp3/1BP1P2P/1P1NNQP1/6K1 b - - 5 30,f7f5 b3d5 e6d5 f2f5 h5f6 f5g6,1909,75,90,1888,advantage deflection fork long middlegame,https://lichess.org/ZeoUwqUs/black#60,
i6Cf2,8/7p/2P3p1/5p2/5k2/5P2/2r1RKPP/8 b - - 2 40,c2c6 h2h4 g6g5 g2g3,1988,92,60,88,endgame mate mateIn2 quietMove rookEndgame short,https://lichess.org/gLiSMjLo/black#80,
zlxJU,8/pk6/1p1K4/8/3P4/8/8/8 b - - 2 44,b7c8 d6e7 c8b7 d4d5 b6b5 d5d6,1940,76,88,459,crushing endgame long pawnEndgame quietMove,https://lichess.org/MRnVs9hA/black#88,
ccpmA,2r1k2r/4q2p/p1b1pbpQ/1p2p3/4P3/P1N5/BP4PP/3R1RK1 w k - 4 20,f1f6 e7f6 d1d6 c6d7,1951,76,81,76,advantage defensiveMove hangingPiece master middlegame short,https://lichess.org/vV1CCFY3#39,
7bVfK,r3k2r/pbpn1p1n/1p1p3p/4p3/P3P1pq/2PP2N1/1P1B1PBP/R1Q1R1K1 b kq - 1 17,h7g5 g3f5 g5h3 g2h3 h4h3 e1e3,1978,75,92,1520,crushing long middlegame,https://lichess.org/p2IUzxSS/black#34,Zukertort_Opening Zukertort_Opening_Queens_Gambit_Invitation
Pe9Of,1r2r1n1/p3p1k1/3pp1p1/6P1/2p1P3/1PN1qP2/P1PR3Q/2K4R b - - 2 22,e3c3 h2h8 g7f8 h8c3,1998,73,95,18780,crushing middlegame short skewer,https://lichess.org/0i6FaXbt/black#44,
JtAbg,Q2b4/K2k1q2/1r1p1p2/2p1pNp1/Pp2P1P1/3P4/P1P2P1R/8 w - - 15 43,f5h6 f7a2 a8d8 d7d8,2077,86,83,38,advantage endgame short,https://lichess.org/bi9xMBmQ#85,
WMwZz,r5kr/ppp2bp1/8/2p1R1Bp/3q3N/3P2QP/PP3PP1/n5K1 b - - 0 17,a8e8 g5f6 h8h7 e5e8 f7e8 f6d4,1927,76,72,80,crushing discoveredAttack kingsideAttack long middlegame pin,https://lichess.org/HCJGADDe/black#34,Italian_Game Italian_Game_Giuoco_Pianissimo
0gxWM,8/8/6p1/4kp1p/7P/4KPP1/8/8 b - - 4 67,e5d5 e3f4 d5e6 f4g5 e6f7 g5h6 f5f4 g3f4 f7f6 h6h7,1981,80,90,987,crushing endgame pawnEndgame veryLong zugzwang,https://lichess.org/asssYiBP/black#134,
42YeV,8/8/1pp5/8/1PP5/2k2K2/P7/8 w - - 1 50,b4b5 c6c5 a2a4 c3c4 a4a5 c4b5 a5b6 b5b6,1919,77,92,926,crushing endgame pawnEndgame quietMove veryLong,https://lichess.org/xM0TR5sO#99,
WdzoE,8/p4p1p/3k4/5bp1/1P6/4KP2/P6P/5B2 w - - 0 38,f1d3 f5d3 e3d3 d6d5,2063,76,92,2153,advantage bishopEndgame defensiveMove endgame short,https://lichess.org/FjFqof90#75,
XM4BO,8/6p1/P6p/1pb1k3/6P1/3K4/3B4/8 b - - 0 44,e5d6 d2b4 c5b4 a6a7,1942,75,84,212,endgame,https://lichess.org/TEz9u4ld/black#88,
NWUOM,1rr5/kp2R3/pq3p2/3B2p1/P1Q5/6PP/5bP1/2R4K w - - 9 40,e7b7 b6b7 d5b7 c8c4,2004,74,88,555,advantage middlegame short,https://lichess.org/OQ8k1FqV#79,
yik35,3r4/pp3pkp/q7/8/3p4/6Q1/PP4PP/4R2K b - - 4 27,g7f8 g3e5 a6e6 e5h8 f8e7 e1e6,2010,76,94,3492,crushing discoveredAttack endgame long master,https://lichess.org/iOXtOkY0/black#54,
YRvKX,6k1/8/6p1/5p2/1p3K1p/1P1R4/5r2/5N2 w - - 2 41,d3f3 g6g5 f4e3 f2f3,1917,74,88,722,crushing endgame short,https://lichess.org/9nu8vNIj#81,
AnW2M,7k/pp3p2/4p2p/2q1P2P/P1n1Q3/2P3rR/1P3P2/2K5 w - - 0 30,f2g3 c5g1 c1c2 g1f2 e4e2 f2e2,1900,75,94,1609,crushing endgame long,https://lichess.org/Aoe5qcK7#59,
XhROq,r1b1kb1r/pp3ppp/2n5/2pqp3/8/2PB3P/PP1KN3/RNB2Q1R w kq - 4 12,d2c2 c5c4 d3c4 d5c4,1986,79,92,2406,crushing opening short,https://lichess.org/DGYt9SMa#23,Sicilian_Defense Sicilian_Defense_Alapin_Variation
vgGb5,8/ppbR4/4n1k1/3P4/6NP/3r4/PP4K1/8 w - - 3 44,d7c7 d3d2 g2f3 e6c7,2054,74,96,2734,advantage endgame intermezzo short,https://lichess.org/zdMyFRgs#87,
cy01p,r1b2r2/ppq2pk1/2pbp1p1/7N/2B4Q/3P4/P1P2PP1/1R2RK2 b - - 0 20,g6h5 h4g5 g7h7 g5h5 h7g7 h5g5,1916,75,87,533,crushing long middlegame,https://lichess.org/PmF2XCSH/black#40,
DxUZ7,2r2rk1/pp2ppbp/4b1p1/8/1n6/1N2BP2/PPPRB1PP/2KR4 w - - 5 16,a2a3 b4c2 d2c2 e6b3,2090,84,90,987,capturingDefender crushing middlegame short,https://lichess.org/hheZTTBm#31,Sicilian_Defense Sicilian_Defense_Dragon_Variation
5Eppp,6k1/5ppp/3qpb2/1p6/1PpP4/2P2N2/r4PPP/1Q1R2K1 b - - 2 23,a2e2 g1f1 e2f2 f1f2,1912,127,14,20,crushing endgame short trappedPiece,https://lichess.org/Y3YXySGX/black#46,
XCF1M,2k1rb1r/1ppq2p1/p3p2p/4Np2/3P4/1BP5/PP1B1PPP/R3R1K1 b - - 2 22,d7b5 c3c4 b5b6 c4c5,2063,77,61,242,advantage master middlegame short,https://lichess.org/SYWKwNy2/black#44,
68nWn,r4r2/1p5k/p1pNqp1p/2P1pbp1/P1P2n2/1P2RNQ1/6PP/4R1K1 b - - 2 24,b7b6 f3d4 e5d4 e3e6,2098,76,92,6448,advantage middlegame short,https://lichess.org/r79LnNlr/black#48,
cvNYl,8/p5K1/8/3k4/4p3/4P3/PP6/8 w - - 1 45,g7f7 d5c4 b2b4 c4d3 a2a4 d3e3,1950,74,89,220,crushing endgame long pawnEndgame,https://lichess.org/Ul5mvNo5#89,
1R75W,2rq1rk1/1b3pb1/3pp1p1/p5N1/1p1PP3/1B2Q2P/PP4P1/2R2R1K w - - 0 26,g5e6 c8c1 e6d8 c1f1 h1h2 f8d8,1992,81,89,2226,advantage long middlegame,https://lichess.org/vTAu5QVJ#51,
kP7Cq,5rk1/5ppp/pq6/1ppb1R2/6N1/1PQ1P3/P5PP/6K1 b - - 1 23,d5e6 f5g5 f7f6 g4f6,1977,75,93,1270,crushing endgame pin short,https://lichess.org/cCSCrAwX/black#46,
2mKcU,8/2p1bkpp/2q1p3/4P3/r7/1Q2BP2/1RP1K1PP/8 w - - 6 35,e2f2 a4a3 b3b5 c6c3,2094,99,83,64,advantage endgame master short,https://lichess.org/zQEP0Tzi#69,
zqg4h,5rk1/5rp1/1b2p2p/1P2Bn2/5N2/3p3P/5PP1/3R1RK1 b - - 1 33,f5d4 e5d4 b6d4 f4e6 d4f2 f1f2 f7f2 e6f8,2041,110,82,19,advantage capturingDefender fork middlegame veryLong,https://lichess.org/xRZkbfAQ/black#66,
dMDz2,8/1p1rp1kp/5pp1/3r4/8/1P6/P1q2QPP/4RRK1 b - - 1 27,d5d2 e1e7 d7e7 f2f6 g7h6 f6h4,1990,75,86,278,crushing endgame fork long sacrifice,https://lichess.org/1meuafaR/black#54,
wR2Y5,3r2k1/p5bp/1pq3p1/4ppN1/8/2P3P1/PPQ2P1P/4R1K1 b - - 1 24,g7h6 c2b3 c6d5 e1d1 d5b3 d1d8,1978,74,89,585,advantage endgame long sacrifice skewer,https://lichess.org/tqLzl9Ez/black#48,
Hgu9h,2r2r2/5ppk/p3q2p/1p1pP2Q/7P/bP2BRR1/5PP1/6K1 b - - 1 30,a3c1 f3f6 c1e3 f6e6 e3f2 g1f2,2001,76,91,455,advantage long middlegame,https://lichess.org/99oDHn6t/black#60,
NJXaw,r1k2b1r/pp1b1Qpp/2p5/q7/3P1B2/8/P1P2PPP/R3R1K1 b - - 4 20,a5d5 e1e8 d7e8 f7c7,1939,78,93,4601,mate mateIn2 middlegame queensideAttack sacrifice short,https://lichess.org/a9WSD8Gf/black#40,
9hKcT,8/6p1/4kpp1/1pp5/4PPPP/1P1K4/8/8 w - - 1 43,d3c3 g6g5 h4g5 f6g5,2087,81,91,1822,crushing endgame pawnEndgame short,https://lichess.org/nWEPujhh#85,
LdmSU,rnb1k2r/p3npbp/3Q2p1/2p5/4q3/1B3N2/PP2NPPP/R1B1K2R b KQkq - 0 14,c8a6 b3f7 e8f7 f3g5 f7e8 g5e4,1930,82,93,6066,attackingF2F7 attraction crushing fork long opening sacrifice,https://lichess.org/hwcRp5Vf/black#28,Philidor_Defense Philidor_Defense_Other_variations
uwSWZ,3r1r2/6kp/1qpp2p1/4p3/2P3nP/1PQ3P1/1B1R1P2/4R1K1 b - - 4 27,g4f2 c4c5 b6c5 c3c5,2038,77,92,766,crushing middlegame short,https://lichess.org/8gGG8FV3/black#54,
fOAqH,6k1/8/1p6/7p/4N3/5r2/P7/7K b - - 1 53,f3f6 e4f6 g8f7 f6d5,1990,89,83,39,advantage endgame hangingPiece master short,https://lichess.org/BiWwT5XC/black#106,
rp4y2,r2qr3/pbp2Rbk/1p3Qpp/4Pn2/2BP4/B1P5/P1P3PP/R5K1 b - - 4 19,e8f8 a3f8 d8f6 e5f6,2084,78,90,248,advantage master middlegame pin short,https://lichess.org/0k9Syw2M/black#38,
Oq3by,r5k1/pp2Q1pp/2p1p3/q3b3/4P3/2N2R2/PPP3PP/7K b - - 0 21,h7h6 e7e6 g8h7 f3f5,1925,73,93,11148,advantage endgame kingsideAttack short,https://lichess.org/6sNJf29U/black#42,
dwr0S,8/2Q4p/5pk1/P2q2p1/8/6P1/5PKP/8 w - - 1 43,g2h3 g5g4 h3g4 d5f5 g4h4 f5h5,1915,74,84,201,attraction endgame long mate mateIn3 queenEndgame,https://lichess.org/csrDcun9#85,
zLSLp,8/8/p4k2/1p5B/2p2P2/P1R4K/1r6/8 w - - 3 40,h5e8 b2b3 c3b3 c4b3 e8c6 f6f5 c6d5 b3b2 d5a2 f5f4,1936,80,80,43,advancedPawn crushing endgame veryLong,https://lichess.org/qaWWjy7P#79,
Piqz2,3k4/1p6/p3p3/8/P3p3/1P5P/5P2/7K w - - 0 44,f2f3 e4f3 h1g1 e6e5 g1f2 e5e4,1921,75,95,1336,crushing defensiveMove endgame long pawnEndgame quietMove,https://lichess.org/Gt1sAxUm#87,
xtu8u,6k1/8/5p2/6p1/P5Rp/4PP2/4KP2/r7 w - - 0 42,f3f4 h4h3 f4g5 h3h2,1908,75,87,126,advancedPawn crushing endgame rookEndgame short,https://lichess.org/wZoTLbBB#83,
OwHFA,6k1/3Q1N2/6pp/3pP3/4bP2/q7/6PP/2r3RK w - - 9 49,d7e8 g8g7 e8h8 g7f7 h8f6 f7e8,2044,79,91,367,advantage defensiveMove endgame long,https://lichess.org/YvoorC7N#97,
vqoFO,6k1/q4ppp/4p2P/3n4/3P4/5N1R/rQP1RPP1/2K5 w - - 0 28,b2b5 a7a3 c1d2 a3c3,2061,76,96,1359,crushing middlegame queensideAttack short,https://lichess.org/luhK5Ksd#55,
ZO8t4,r4r1k/1pp1bppp/p1np4/P3p2n/2B1P1q1/2PPRN2/1P3P2/R1BQ1NK1 w - - 2 15,g1h1 h5f4 f3e1 g4d1,2058,75,96,1312,crushing master middlegame short,https://lichess.org/OqAfm7A4#29,Italian_Game Italian_Game_Two_Knights_Defense
2mDJM,3r2k1/1p3p2/p1p4p/2Pn2p1/8/1QN2qP1/PP3P2/3R2K1 w - - 4 32,c3d5 f3b3 d5f6 g8g7,1996,77,89,742,advantage endgame short,https://lichess.org/u2Ks87C9#63,
807Oq,8/7k/8/pp3P1P/3n1N2/1P4p1/PK6/8 w - - 2 52,f4g2 d4f5 b2c3 h7h6 g2f4 h6g5,1959,90,88,53,crushing endgame knightEndgame long,https://lichess.org/n902Aa22#103,
s4FJ9,r2qkbnr/1pp1p1p1/p1n2p2/3p2B1/3P1Pbp/3BPN2/PPP1Q1PP/RN2K2R w KQkq - 0 8,f3e5 c6e5,1960,75,89,833,crushing oneMove opening,https://lichess.org/VCQuF08b#15,Queens_Pawn_Game Queens_Pawn_Game_Levitsky_Attack
8tFv1,rn1qr3/pp4pp/4Nnk1/8/6Q1/2B5/P4PPP/R3K2R b KQ - 2 16,g6f7 g4g7 f7e6 e1g1,1950,78,92,869,castling crushing defensiveMove middlegame sacrifice short,https://lichess.org/A51YqI7Q/black#32,Danish_Gambit_Accepted Danish_Gambit_Accepted_Copenhagen_Defense
hpUsp,5rk1/1bq2p1p/pp1r2p1/2b1Q1N1/3N4/8/PP3PPP/1BRR2K1 b - - 2 22,c5d4 c1c7 d4e5 d1d6 e5d6 c7b7,2007,74,95,4858,crushing long middlegame,https://lichess.org/hYU69hiW/black#44,
TA9HG,6R1/1p2pp2/p1r2k1p/P1p1p2P/2K5/2PP4/6P1/8 b - - 2 32,e7e6 g2g4 c6c7 g4g5 f6f5 g5h6,1924,194,88,5,advantage endgame long quietMove rookEndgame,https://lichess.org/QxOWXQVP/black#64,
hr1hA,r5k1/pp3pp1/7p/3b1P2/2p5/q1P3Q1/2B3PP/4R2K b - - 0 26,g8f8 f5f6 g7f6 c2h7 d5e6 g3g8 f8e7 g8a8,2073,79,94,10628,clearance crushing endgame quietMove skewer veryLong,https://lichess.org/dwPS5Jp8/black#52,
RQoAc,4rk2/5ppB/p4b2/1pQ5/3p4/P5q1/1PP3P1/5R1K b - - 3 30,f6e7 f1f7 f8f7 c5d5 f7f8 d5g8,1965,75,93,5696,attraction endgame long mate mateIn3 sacrifice,https://lichess.org/yrf3ViXI/black#60,
cDYFp,8/7p/P7/8/1K2Q3/5p2/4k3/6q1 b - - 0 48,e2f2 a6a7 g1e1 e4e1 f2e1 a7a8q,2087,74,89,319,advancedPawn crushing endgame long promotion queenEndgame,https://lichess.org/odrMF9UE/black#96,
zOT18,2r1r1k1/2Q2ppp/p4b2/1p1p1P2/3q4/3B3P/PP4P1/2R1R2K b - - 3 25,h7h6 c7c8 e8c8 c1c8 g8h7 e1e8,1978,76,90,1617,advantage defensiveMove long middlegame,https://lichess.org/rrwd6zbL/black#50,
iVYk9,r1b1qr1k/p1p2p1n/1p5Q/4p3/2P5/2PB3P/PP4PN/4R1K1 b - - 0 20,e5e4 e1e4 f7f5 e4e8,2014,77,83,70,advantage middlegame short,https://lichess.org/0hAjEUxs/black#40,
qvdQf,r3r3/pp4pk/3R3p/2p5/8/1P3Q1P/q5P1/5R1K b - - 0 27,a8d8 f3d3 h7h8 d6d8 e8d8 d3d8,2061,82,80,35,crushing endgame long,https://lichess.org/ircJ2tMi/black#54,
eGmuC,2k5/p1p5/2p5/3p4/4p1R1/1P5P/P1P3P1/1K1N1r2 w - - 0 29,b1c1 e4e3 g4g8 c8d7,2025,76,90,1101,crushing defensiveMove endgame pin short,https://lichess.org/5kJFOnGc#57,
xaHJF,r1bq2rk/pp2b2p/2pp3B/4nP1Q/4N3/8/PPP3PP/R4RK1 b - - 2 18,d6d5 f5f6 d5e4 h5e5,1940,75,95,991,advantage discoveredAttack middlegame short,https://lichess.org/ShykCNR8/black#36,Philidor_Defense Philidor_Defense_Exchange_Variation
iUJFP,7Q/p3q3/5kp1/2p2p2/2Pp4/5P1P/4r1P1/4R1K1 b - - 7 37,f6g5 h3h4 g5f4 h8h6 f4e5 e1e2,1956,74,88,100,crushing endgame interference long,https://lichess.org/vq4Klal0/black#74,
2Hq9y,8/8/1p4pp/p2k4/P5PP/1P2K3/8/8 w - - 1 43,g4g5 h6g5 h4g5 d5e5,2062,75,95,4760,crushing defensiveMove endgame pawnEndgame short,https://lichess.org/HNTkfyLN#85,
LSZmD,5brk/r3pn1p/2p1RP2/1p1q4/1P1P1N1Q/p1P5/P5PP/4R1K1 b - - 2 32,d5g5 h4g5 f7g5 f6e7 g5e6 e7e8q,1942,80,87,106671,advancedPawn advantage long master masterVsMaster middlegame promotion,https://lichess.org/wh4oh9gW/black#64,
amz5p,1r1q1rk1/1b4pp/1p3p2/1Np1p3/P2nQ3/2B1P2P/2PP1PP1/R4RK1 w - - 5 23,e4d3 e5e4 d3c4 b7d5 c4d5 d8d5,2033,74,93,6436,advantage defensiveMove long middlegame trappedPiece,https://lichess.org/YyqW8vqw#45,
V766v,8/1pR1b3/p1b1R3/P3p1k1/5p2/5Pr1/6PK/8 b - - 0 56,e7c5 e6e5 g5f6 e5c5,1903,81,78,34,advantage endgame fork master short,https://lichess.org/V7ji3sTN/black#112,
wO9r2,6k1/ppp3p1/3p2p1/5n2/2P1BPnq/1P2P3/P3QP2/3R2K1 w - - 1 27,e4g2 h4h2 g1f1 g4e3 e2e3 f5e3,2070,76,92,373,advantage endgame kingsideAttack long,https://lichess.org/hdkhTggy#53,
TJaIj,3r2k1/p2r1pp1/1b5p/1Q6/3p3P/5P2/P5P1/4R2K w - - 0 34,e1e8 d8e8 b5d7 e8d8,2083,82,90,1323,crushing endgame master short,https://lichess.org/bsQVl5Ej#67,
2hRv8,r1b4r/ppQ3p1/4ppkp/1B2n3/7q/1P2R2P/P5P1/5R1K b - - 7 22,e5f7 f1f4 h4f4 c7f4,1989,136,22,13,advantage middlegame short,https://lichess.org/Raj5J4az/black#44,
Fi09T,8/8/6pp/p1k5/P5PP/4K3/8/8 w - - 0 47,g4g5 h6g5 h4g5 c5b4 e3d4 b4a4,2004,77,95,2143,crushing endgame long pawnEndgame,https://lichess.org/McR1fJf5#93,
zPHGF,5r1k/1BQR3p/P4p1N/8/3p3K/8/b3Pq2/8 w - - 0 44,h4h3 a2e6 h6g4 e6g4 h3g4 f8g8,1984,76,66,212,attraction crushing exposedKing fork long middlegame,https://lichess.org/fAii913x#87,
Omghb,k7/pp3P2/3B4/4P2p/3K2r1/8/P3q2P/2R2R2 w - - 1 45,d4d5 e2a2 c1c4 a2c4,2011,122,84,33,endgame mate mateIn2 short,https://lichess.org/XgtO5fNF#89,
s7zSY,r3k2r/1b2np2/pp2pq1p/3P2p1/1P1N4/P5P1/B4P1P/2RQR1K1 b kq - 0 22,b7d5 a2d5 e7d5 d4e6 f7e6 d1d5,2069,76,91,3492,advantage discoveredAttack long middlegame pin,https://lichess.org/ylVICDEK/black#44,
sQzX7,5b1r/p4ppp/7k/2q5/5N2/5Q2/P2K1PPP/4R3 b - - 4 22,f8d6 f3h3 h6g5 h3h5 g5f6 f4d5 c5d5 h5d5,1915,75,97,157,crushing endgame exposedKing veryLong,https://lichess.org/KzYlSyhk/black#44,
Vomlc,r4nk1/5pp1/4pb1p/3p4/q6P/P1Q1PN2/KB1P1PP1/2R5 w - - 1 27,c3b3 a4b3 a2b3 a8b8 b3c2 b8b2,1914,74,84,86,advantage attraction long master middlegame,https://lichess.org/hmI8kENl#53,
LWXko,5k1r/p1p2q2/1bp1Q3/5p2/1P4p1/2P5/P4PP1/R3R1K1 w - - 1 26,e6c6 g4g3 e1e8 f7e8 c6f6 f8g8,2012,76,91,474,advantage endgame long pin,https://lichess.org/3q7Z3h6z#51,
VmRTk,4r3/5pkp/bprp1np1/p3p3/q3P3/P1P1QNNP/1P3PP1/2R1R1K1 b - - 1 23,a6b7 g3f5 g7g8 e3h6,2009,77,87,250,crushing middlegame short,https://lichess.org/ZYs8znOM/black#46,
XZkCN,1r5k/5pp1/5q1p/4p3/4n1B1/Q1b1B2P/P1P2P2/2KR2R1 w - - 6 25,a3a7 c3b2 c1b1 e4c3,1993,80,83,153,mate mateIn2 middlegame queensideAttack short,https://lichess.org/AqZzEOEL#49,
Vvrsh,5rk1/1p4p1/4p1Q1/pP1nP3/P2P1p1p/5P2/2RB2Pq/5K2 b - - 1 38,h4h3 g6e6 g8h7 e6h3 h2h3 g2h3,1926,89,67,30,advantage endgame fork long,https://lichess.org/WCpZZZLJ/black#76,
GVYan,1k6/1p3R2/pN6/7p/7r/P7/1PP2KB1/2r5 w - - 12 44,g2e4 h4e4 f7f8 b8c7,2099,86,81,30,advantage endgame hangingPiece short,https://lichess.org/VQE6A4Hd#87,
3tMFH,r3r1k1/5pb1/2p1n1p1/p5q1/2BpPNb1/6P1/PPP4Q/2K2R1R b - - 7 26,g5c5 h2h7 g8f8 f4g6,1946,76,95,4766,kingsideAttack mate mateIn2 middlegame pin short,https://lichess.org/XAh3aC1P/black#52,
di1SY,6k1/2p2ppp/2Nb1n2/1q1p4/rP1P4/3rPP1P/3B2P1/1RRQ2K1 w - - 5 25,d1e1 a4a2 e1f1 a2d2,1946,76,91,1639,advantage middlegame short,https://lichess.org/dD0KAptb#49,
qNZFZ,2r1kr2/pb2q3/1pn2b2/3R2Np/3P4/4B3/PP1Q2PP/4R1K1 b - - 2 26,c6e5 d4e5 b7d5 e5f6,2010,77,90,446,crushing middlegame short,https://lichess.org/DvEHbvDo/black#52,
v5MSd,4r3/1p3k1p/6p1/2Pq1p2/1P6/2R1Q2P/6P1/6K1 w - - 1 36,e3h6 d5d4 g1h2 d4c3,2010,81,92,558,advantage endgame fork master short,https://lichess.org/JuaMyyEt#71,
bsIk8,8/2pk2pp/Q1p2n2/3q4/P7/4PP2/3r2PP/1R3RK1 w - - 1 25,f1f2 d2f2 g1f2 d5a2 a6e2 a2b1,1900,75,97,2994,advantage attraction endgame fork long,https://lichess.org/SxNjXrFI#49,
kXuYN,2r5/6R1/pp2p3/2n1P1k1/2n5/2P2B2/6PB/6K1 b - - 1 40,g5f5 g2g4,1900,78,84,753,endgame mate mateIn1 oneMove,https://lichess.org/pWe81G47/black#80,
A3LZn,1r4k1/6pp/5Q2/7q/b2pp2P/2b5/1pP3R1/1R4K1 b - - 1 39,d4d3 g2g7 g8h8 f6c3,1915,83,80,32,crushing middlegame short,https://lichess.org/jmIT69js/black#78,
yoqoU,rnb1k1nr/p2p1p1p/1p2p1p1/2P5/4P3/2q2N2/P2B1PPP/1R1QK2R b Kkq - 1 12,c3c5 b1c1 b8a6 c1c5,2048,78,87,236,advantage opening short,https://lichess.org/fL25Agi6/black#24,Sicilian_Defense Sicilian_Defense_Hyperaccelerated_Pterodactyl
W8HON,r1bq1k1r/3p2pp/p2b4/1ppnN2Q/3nP3/2NP4/PPP2PPP/R1B1K2R b KQ - 1 11,d8e7 e5g6 h7g6 h5h8 f8f7 c3d5,2004,77,75,49,advantage long middlegame,https://lichess.org/4KOdKGfM/black#22,Ruy_Lopez Ruy_Lopez_Morphy_Defense
UuWUG,r4rk1/2p2pp1/2p4Q/p2p4/3q3P/1P4R1/P1P3R1/1K6 b - - 3 28,g7g6 g3g6 f7g6 h6g6 d4g7 g6g7,2079,76,91,216,endgame long mate mateIn3 sacrifice,https://lichess.org/WNKzADR0/black#56,
blnBc,6rk/p1R4p/1p2p1rb/3pPq2/1P2pP2/4B3/P1Q1N2P/5R1K w - - 14 27,c7c8 f5h3 c8g8 g6g8 e2g3 g8g3,1910,86,67,30,advantage fork long middlegame pin,https://lichess.org/0e50qvmB#53,
lo87v,5rk1/p4ppp/4p3/n1RpP3/q2P4/P2QP3/3N2PP/6K1 w - - 1 24,h2h3 a4d1 g1h2 a5c4 c5c4 d5c4,1925,75,83,71,advantage endgame long,https://lichess.org/cyXe2upK#47,
wibFW,6rr/2k2p2/p2p3q/2p1p3/P1P1P2b/1P1P1N1Q/4B3/1RR2K2 w - - 9 35,f3h4 h6f4 h3f3 f4h4,2098,79,86,61,crushing deflection middlegame short,https://lichess.org/9xUPfaHF#69,
VlTlT,r1b2r2/ppb1qpk1/7p/2PR3Q/4pP2/P3P3/1P4PP/1B3RK1 b - - 0 21,c8e6 f4f5 e6d5 f5f6 e7f6 f1f6 g7f6 h5d5,2039,75,94,8835,advantage fork middlegame sacrifice veryLong,https://lichess.org/QAv4ud88/black#42,
Sp3OL,4rnk1/Q1p2ppp/3q4/3P3b/7N/2N5/PP3RPP/2R1r1K1 w - - 5 22,f2f1 e1c1 f1c1 d6f4 c1f1 f4h4,1992,74,95,7225,advantage fork long master middlegame,https://lichess.org/6pClhvvK#43,
3meKK,r2q2k1/ppp2pp1/3p3p/3P4/2P5/PQP1rPP1/5K1P/R6R b - - 1 19,e3d3 b3c2 d3f3 f2f3,2003,75,90,1796,crushing endgame short trappedPiece,https://lichess.org/uiQWHJZR/black#38,
dbV3O,r5k1/pbp2p1p/1p1q2p1/3p3r/1P1N2nP/P2BP1P1/2Q2P2/2R2RK1 b - - 1 20,h5h4 c2c7 d6c7 c1c7,2016,87,87,29,crushing middlegame short,https://lichess.org/DdSD0W0f/black#40,
MlEIt,4r1k1/ppp2pp1/8/7p/2P1P1n1/3r1Q1P/PB1q1PP1/1R2R1K1 w - - 1 20,f3f5 g7g6 f5c5 b7b6 c5c7 d2f2,2060,77,73,173,advantage long middlegame,https://lichess.org/qu1iwLcL#39,
TW8HG,3q4/6pk/7p/4PP1P/p4PK1/1p2Q3/8/8 w - - 0 49,e3e4 d8d1 g4h4 d1c2,2014,77,85,67,crushing endgame queenEndgame short,https://lichess.org/eIoLMNf7#97,
VDE9V,8/8/7K/p7/1k1pBP1P/4nP2/8/8 w - - 0 48,f4f5 e3f5 e4f5 a5a4 h6g6 a4a3,2099,85,91,1046,crushing endgame long quietMove sacrifice,https://lichess.org/vO6LuE3z#95,
oguyd,r5k1/8/q1p1pp1p/2P1p3/1p2P3/r4NP1/2QN1PKP/2R5 w - - 0 31,d2c4 a3c3 c2d1 a6c4,1927,76,93,10237,crushing middlegame short,https://lichess.org/L49sfSFm#61,
95g5G,r2n2k1/p5pp/Q7/1Pp2r2/2Pp2q1/3P1N1b/R4PPP/R4BK1 w - - 2 31,f3d2 h3g2 f1g2 f5g5 g1f1 g4g2,1952,76,91,2360,advantage kingsideAttack long middlegame pin quietMove sacrifice,https://lichess.org/Mruis9gx#61,
1qtwB,r4r1k/pb3p1p/2q1p3/8/3p2Q1/8/P3NPPP/3R1RK1 w - - 0 22,g4d4 e6e5 d4e5 f7f6 e5g3 f8g8,2089,77,90,1078,advantage defensiveMove long middlegame,https://lichess.org/acr7vbJm#43,
tMKyP,4r3/pp2Bkp1/2p1Rnr1/4n2p/2Q5/2PP1P2/PP6/4R1K1 w - - 3 37,g1f2 e5c4 d3c4 f6g4 f3g4 g6e6 e1e6 f7e6,2002,76,96,8027,crushing discoveredAttack middlegame veryLong,https://lichess.org/FszUeZhn#73,
47rqr,2rqnrk1/p2b1pbp/4p1p1/3pP3/2BP1P2/1Q6/PP4PP/RNB1R1K1 w - - 0 17,c4a6 d8a5 c1d2 a5a6,1940,78,92,2119,advantage fork middlegame short,https://lichess.org/pCRKhtV4#33,Sicilian_Defense Sicilian_Defense_Hyperaccelerated_Dragon
WS7c5,2kr1b1r/ppp2ppp/5nq1/8/3PN3/1B1K1P2/PPP1Q1b1/R1B3R1 b - - 0 17,d8d4 d3d4 f6e4 e2e4 f8c5 d4c5 g6b6 c5c4,2092,82,90,295,advantage hangingPiece middlegame veryLong,https://lichess.org/kcrYZ2lV/black#34,Kings_Gambit_Declined Kings_Gambit_Declined_Queens_Knight_Defense
6Hj4X,r4k1r/pp3pp1/3qb3/8/5N2/4RQP1/PP3P2/R5K1 b - - 2 24,e6d7 a1d1 d7c6 d1d6,1906,74,90,517,advantage master middlegame short,https://lichess.org/DeP5FZ5L/black#48,
CU2PG,5rk1/3R3p/1pp3r1/p2p4/P6q/1P2P2P/2Q2PP1/5RK1 w - - 2 28,g1h1 f8f3 c2g6 h7g6,2086,199,0,15,advantage endgame short,https://lichess.org/r1sujMxR#55,
jFWAH,3q2k1/1p1b1pb1/p2P1B1p/r6P/N4R2/1P3Q2/KPP3P1/4r3 b - - 3 27,d7a4 f6d8 a4c6 d8a5,1959,76,93,4952,crushing hangingPiece master middlegame short,https://lichess.org/7UmpKqUU/black#54,
siaWD,8/pp4p1/2p1k2p/4P2P/P4bP1/2P5/KP1rp3/4R2R w - - 3 34,h1h3 e6e5 h3f3 e5e4 f3f2 e4e3,2013,81,85,81,advantage endgame long master,https://lichess.org/KluPwyg7#67,
VghAu,3rkb1r/1b3p2/p1nppqpp/8/Np1NPP2/6P1/PPPQ2BP/2KR3R b k - 1 15,f8g7 d4c6 b7c6 e4e5,1992,78,91,1406,crushing master middlegame short,https://lichess.org/GLVDIGi2/black#30,Sicilian_Defense Sicilian_Defense_Najdorf_Variation
p5pr9,8/5p1k/5P2/4K3/8/8/8/8 b - - 4 60,h7g8 e5d6 g8h7 d6d7 h7h6 d7e8 h6g6 e8e7 g6f5 e7f7,2070,79,92,806,crushing endgame pawnEndgame veryLong zugzwang,https://lichess.org/3pSKuEt5/black#120,
wycPd,1b6/8/P7/8/4p1kP/2KpB3/8/8 b - - 8 57,g4h4 c3d4 d3d2 e3d2,1961,75,84,500,bishopEndgame crushing endgame short,https://lichess.org/SRPbQmwx/black#114,
FBEFP,8/1R6/2p1r1kp/1pP2qp1/3P4/2P4P/4QPP1/6K1 w - - 2 32,e2g4 e6e1 g1h2 f5f2 g4f3 f2g1 h2g3 e1e3 f3e3 g1e3,1951,75,88,641,crushing deflection endgame pin veryLong,https://lichess.org/Hq3FTDQv#63,
Z89M8,1r3rk1/p2q1ppp/3b1n2/4p3/8/2NPBQ2/PPP2P1P/2K3R1 b - - 2 14,d7b7 f3f6 b7b2 c1d2 b2c3 d2c3 d6b4 c3c4 f8c8 c4d5,1928,76,88,192,advantage middlegame pin veryLong,https://lichess.org/Eljx7XnT/black#28,Scandinavian_Defense Scandinavian_Defense_Kloosterboer_Gambit
dNFbV,3r4/3n2Np/p4P2/2p1p1N1/p3P1kP/3R4/1r3PK1/2q5 b - - 5 35,d7f6 d3g3 g4h4 g5f3,2083,78,87,211,mate mateIn2 middlegame short,https://lichess.org/N56d7MD2/black#70,
gOy0B,r5k1/1bp2p1p/p2pr1p1/2p2q2/8/2B2P2/PPPQ2PP/3R1RK1 b - - 2 20,a8e8 g2g4 f5e5 c3e5,2093,80,88,225,advantage middlegame short,https://lichess.org/oQNozQh2/black#40,
LHP1h,8/7p/2p3p1/p7/P2k4/3B4/7P/7K w - - 2 47,d3e2 c6c5 h1g2 c5c4 g2f2 c4c3 f2e1 d4e3 e2d1 e3d3,2061,153,88,12,bishopEndgame crushing defensiveMove endgame quietMove veryLong,https://lichess.org/iDxAivr1#93,
adTkC,5R2/p2q3k/1ppp2p1/6Q1/1Pr5/P6P/6P1/7K b - - 1 34,d7g7 f8e8 g7f7 e8e7,2000,435,0,5,crushing endgame pin quietMove short,https://lichess.org/eOmN7V3q/black#68,
Mi4gg,8/2qN1bk1/p1P3p1/2Q5/P7/7p/8/2K5 b - - 3 54,h3h2 c5f8 g7h7 d7f6,1944,76,97,1866,endgame mate mateIn2 short,https://lichess.org/3FzM2sti/black#108,
Ws4Rn,4rr2/pp1qk1pQ/1n2p1Bp/3p4/3b4/2N5/PP3PPP/R3R1K1 w - - 4 20,g6e8 d4f2 g1h1 f2e1,2078,87,89,2162,advantage fork middlegame short,https://lichess.org/RFOoclBj#39,
D2CW8,r4nk1/pp4p1/2pq1rNp/3p3n/3P4/2PB1p1P/PPQ1RPP1/4R1K1 w - - 0 24,g2f3 f8g6 e2e8 a8e8,2049,82,90,1206,crushing middlegame short,https://lichess.org/1FEZWMO1#47,
8Aivg,8/6R1/8/R3n2p/5k2/1P1r3p/P4P1K/8 w - - 2 44,g7h7 e5g4 h2g1 d3d1,1925,79,86,262,endgame mate mateIn2 short,https://lichess.org/OFiWeV80#87,
RiQMS,r2qkb1r/pp3ppb/4p2p/2p1P3/4p3/1P2P3/PBP1BP1P/R2QK1R1 b Qkq - 0 14,g7g5 e2b5 e8e7 d1d6 d8d6 e5d6,1999,76,94,2168,advantage collinearMove long middlegame,https://lichess.org/nJgzJALl/black#28,Nimzo-Larsen_Attack Nimzo-Larsen_Attack_Classical_Variation
NfPjG,6Q1/1p1r4/p4p2/3k1p1p/4p2P/B4nP1/PP1r1P2/5K2 b - - 33 52,d5c6 g8c4 c6b6 c4c5,1940,83,86,294,dovetailMate endgame master mate mateIn2 short,https://lichess.org/qjOmoSxe/black#104,
XwTn0,2k5/2P4p/6p1/2KN1p2/r4P2/3p4/2bR2PP/8 b - - 8 46,a4a1 c5c6 c2a4 c6d6,2006,80,62,45,crushing defensiveMove endgame master short,https://lichess.org/0K8pBOZh/black#92,
YUYAW,6k1/1R3pb1/3p3p/7p/4p1P1/4P3/5PQ1/2qr1BK1 b - - 0 36,h5g4 b7b8 g7f8 g2g4 g8h7 g4e4,2052,95,60,21,advantage endgame intermezzo long master,https://lichess.org/2PjJr0hP/black#72,
KRCRY,r3k2r/p1p2pp1/1pn1pN1p/8/2Pq4/3Q4/PP1N1PPP/2KR3R b kq - 0 13,g7f6 d3f3 e8c8 f3c6,1957,75,94,15501,advantage middlegame short,https://lichess.org/QkxIKfvE/black#26,French_Defense French_Defense_Normal_Variation
i1KA8,8/p2k4/1pp5/2Pp4/PP1P1pP1/7p/8/6K1 b - - 3 40,d7e6 c5b6 a7b6 a4a5 b6a5 b4a5,2089,80,89,1095,crushing endgame long pawnEndgame,https://lichess.org/mGqREyaH/black#80,
09v10,r4rk1/5ppp/2Q3n1/8/3N4/q3PP1P/6P1/1R3RK1 w - - 1 26,b1a1 a3e3 g1h1 a8a1 f1a1 e3d4,1920,129,0,11,advantage discoveredAttack fork long middlegame,https://lichess.org/nuZuyBiS#51,
NGoTy,8/r7/7p/r3p1kP/P3R3/6K1/8/R7 b - - 3 47,g5h5 e4g4 e5e4 a1h1,1941,81,91,2547,endgame mate mateIn2 quietMove rookEndgame short,https://lichess.org/A2td40xT/black#94,
XOKEW,2r1r1k1/p4ppp/2pq1b2/5R2/3p2Q1/1P2PP2/PB3P1P/4K1R1 b - - 3 21,d4e3 g4g7 f6g7 g1g7,2024,74,92,904,crushing kingsideAttack middlegame sacrifice short,https://lichess.org/E97NR9M5/black#42,
uRELy,6k1/4ppbp/1p4p1/8/3PN3/4P2Q/1Pr2PPq/R4K2 b - - 1 26,h2c7 a1a8 g7f8 h3h6,1903,75,93,1450,advantage endgame pin short,https://lichess.org/1k840KFH/black#52,
E3cUP,rn1q1rk1/pp2bppp/3ppn2/6B1/3Nb2P/2N5/PPPQ1PP1/2KR1BR1 w - - 0 11,c3e4 f6e4 g5e7 d8e7,2017,130,100,29,equality opening short,https://lichess.org/I8wzYrn6#21,
7Do7r,2Q3k1/7p/1p1q2p1/p5P1/3b2B1/1P4P1/P5K1/8 b - - 5 37,g8g7 g4e6 d6e6 c8e6,2021,74,96,5362,crushing endgame master quietMove short,https://lichess.org/SfnwWyaE/black#74,
CaFQ0,r4rk1/2q1bp2/3p2p1/3Qp3/ppP1P3/1P3B2/PK3PP1/3R3R b - - 1 25,f8d8 h1h8 g8h8 d5f7 e7h4 f7c7,2071,81,92,408,crushing deflection long middlegame sacrifice,https://lichess.org/4ubcVxJX/black#50,
5PAb1,2r2r2/1b1p1pkp/pp1P1np1/2q5/4N3/5P2/PP1Q2PP/1BR1R2K b - - 6 23,f6e4 b1e4 c5c1 e1c1 c8c1 d2c1,1981,75,87,728,crushing long middlegame,https://lichess.org/QkP8WYot/black#46,
tA3Hp,3k1r2/pp3p2/5Q2/3P4/4N1P1/8/PP3PK1/r1q5 b - - 8 29,d8c7 f6d6 c7c8 d6f8,2008,75,88,169,crushing endgame fork short,https://lichess.org/McfFaXFf/black#58,
keP14,r2qk2r/1p1bbppp/2n2B2/1ppp4/8/2NP1N2/PPP1QPPP/R3K2R w KQkq - 0 11,c3d5 g7f6 d5f6 e8f8 f6d7 d8d7,1993,74,87,212,advantage long middlegame,https://lichess.org/48tN9s7F#21,Sicilian_Defense Sicilian_Defense_Bowdler_Attack
MSByW,5rk1/1p3p2/p1p4p/4pNbQ/q3P3/3R4/1PP2PP1/6K1 b - - 1 29,a4e4 f5h6 g5h6 h5h6,1971,77,93,7316,crushing endgame short,https://lichess.org/BXgbxX0k/black#58,
2zNP9,8/8/1R3pkp/5N1p/1P2pK2/2b4P/5PP1/1r6 w - - 0 39,b4b5 c3e5 f4e4 b1b4 e4d5 g6f5,1973,78,92,1154,advantage deflection endgame long,https://lichess.org/ehUZFCIU#77,
5d8L6,8/8/3k1ppp/p1pP4/4K1P1/1P6/P6P/8 b - - 2 35,d6d7 h2h4 h6h5 g4h5,1914,75,88,143,crushing endgame pawnEndgame quietMove short,https://lichess.org/XQIpg8wf/black#70,
NZp48,5rk1/2r1qNp1/Q6p/2nP4/4PR2/8/6PP/5RK1 w - - 1 33,a6d6 f8f7 d6e7 c7e7 f4f7 e7f7,2088,75,87,170,advantage long middlegame,https://lichess.org/QJaOASxs#65,
sj9Op,r2q1rk1/6pp/p1pbp3/1p6/5n2/2PP1Q2/PP1N1PPP/R1B1R1K1 w - - 0 17,d2e4 f4d3 f3e2 d3e1,2071,76,89,1120,advantage middlegame short,https://lichess.org/FnmRfUs1#33,Ruy_Lopez Ruy_Lopez_Marshall_Attack
kbGKw,3r2n1/p1k5/1p2p3/2p1P2B/3p1PPb/P5R1/qPP1KB2/2Q5 w - - 1 26,g3g1 a2c4 e2e1 d4d3 f2h4 d3d2 c1d2 d8d2,2000,77,92,704,advancedPawn advantage exposedKing fork middlegame sacrifice veryLong,https://lichess.org/RYkco11P#51,
zjVw9,6k1/1R2Rpb1/4b1pp/1p1r4/7P/2P3P1/1PK2P2/8 b - - 7 31,g7f6 e7e8 g8g7 e8e6,2023,76,95,5994,crushing endgame pin short,https://lichess.org/1DicmHPs/black#62,
MGUT8,7r/b7/kpp1p3/3pQ1q1/1P1P2p1/P5Br/6KN/3R3R w - - 0 38,e5e6 h3g3 g2g3 g5h4,1949,75,88,976,attraction crushing middlegame sacrifice short,https://lichess.org/sEG9vl3D#75,
50Jw0,3r1k2/1p3p2/1N2bp1p/8/2Br1N2/1P6/P1n2PPP/R3R1K1 b - - 0 23,c2e1 f4e6 f7e6 a1e1,2008,76,70,59,crushing intermezzo middlegame short,https://lichess.org/qOPMkVu1/black#46,
sarso,5k2/1p3B2/3P2p1/p1P1pbNr/Pn1r4/5P2/1P6/K2R2R1 w - - 3 36,g5e6 f8f7 e6d4 e5d4,1976,74,89,559,advantage middlegame short,https://lichess.org/0emP4c8x#71,
FJfVn,8/p1PK1R2/P2P4/4p3/8/4k3/2r4p/8 b - - 0 52,c2c7 d6c7 h2h1q c7c8q,1904,79,92,599,advancedPawn crushing endgame hangingPiece master promotion rookEndgame short,https://lichess.org/KWEnyyn5/black#104,
CJo1D,2r3k1/5pp1/7p/3p1N2/PQ6/1P2qPPP/5RK1/2r5 b - - 1 39,e3e1 f5e7 g8h7 b4e1 c1e1 e7c8,1957,76,93,1328,advantage endgame fork long,https://lichess.org/LK5TVLBG/black#78,
TihxF,r3kb1r/1pp2ppp/2q1pn2/3p4/pnPP1B2/1Q2PN2/PP1N1PPP/2R2RK1 w kq - 0 12,c4d5 c6c1 f1c1 a4b3,1926,76,90,1858,advantage middlegame short,https://lichess.org/kQOudYAp#23,Queens_Pawn_Game Queens_Pawn_Game_London_System
XyNU6,5R2/pp1rk2p/8/3rp1p1/3PKpP1/P4P2/1P5P/3R4 w - - 2 34,f8f5 e7e6 d4e5 d5d1,2098,80,91,1892,crushing endgame rookEndgame short,https://lichess.org/0NvBHp0b#67,
lY2MW,6k1/pp3p1p/2p3p1/4P3/2q5/5QP1/PP1r2P1/5R1K b - - 0 26,c4a2 b2b3 d2d7 e5e6 a2d2 e6d7,2012,78,93,331,advancedPawn crushing endgame long quietMove,https://lichess.org/OHIHMWkf/black#52,
xh7dZ,r6r/1q5p/p1b3k1/1p2b1P1/3p2P1/4B3/PPP2Q2/1K1R3R b - - 1 24,d4e3 f2f5 g6g7 f5e5 g7g8 e5e6 b7f7 e6c6,1987,75,91,808,advantage deflection exposedKing fork middlegame veryLong,https://lichess.org/W1oTpxOK/black#48,
9RoUp,7k/p1Qb2p1/4q2p/4np2/3Pn3/P3P2P/1r2BP2/2R1K2R w K - 0 22,c7e5 b2e2 e1e2 e6a2,1988,88,74,25,attraction crushing master middlegame sacrifice short,https://lichess.org/c2KGjCF9#43,
K4whs,5r2/pp5R/4p1p1/4k1p1/2P1N1P1/1P1p4/P2K2r1/5R2 w - - 1 39,d2e1 g2e2 e1d1 f8f1,1911,146,49,36,deflection endgame fork mate mateIn2 short,https://lichess.org/RP1cBLvj#77,
HTMZ9,r3r1k1/3b1pb1/pq1p4/3P2Bn/1pn1PP2/7P/1PQ1N1PK/1BR1R3 b - - 3 24,c4b2 e4e5 d6e5 c2h7,1933,77,86,595,advantage clearance middlegame short,https://lichess.org/MDjllIpu/black#48,
yZkbt,7k/6p1/6qp/8/R4n2/5P2/5rPP/5QK1 w - - 0 34,f1f2 f4h3 g1f1 h3f2 a4a8 h8h7,1931,75,92,735,advantage endgame long pin,https://lichess.org/PIO5EnhC#67,
pmrsH,4r1k1/p2n1rp1/1pp1p1qp/3b1pN1/3Pn2B/P2BP3/1P2QPPP/2R2RK1 w - - 0 21,g5f7 e4c3 f7h6 g7h6 f2f3 c3e2,1970,75,93,3859,crushing long middlegame,https://lichess.org/ppqXYjQg#41,
IL1i2,r1bqkb1r/p4pp1/2np3p/1B1N4/4P3/8/PPP2PPP/R2QK2R b KQkq - 0 11,d8a5 b2b4 a5b5 d5c7 e8d8 c7b5,2077,80,91,1862,crushing defensiveMove fork long opening pin sacrifice,https://lichess.org/sOkXZN2L/black#22,Philidor_Defense Philidor_Defense_Exchange_Variation
qKpnP,3r1q2/R1knr1p1/2p2p1p/1p2n3/1P6/1BP4P/3N2PB/4R2K b - - 10 39,c7b6 e1a1 d7b8 h2g1 c6c5 g1c5,2043,77,91,2454,crushing long middlegame quietMove,https://lichess.org/evNbTfva/black#78,
aj1uu,6N1/8/6p1/4nk1p/7P/6P1/5K2/8 w - - 4 66,f2g2 f5e6 g8h6 e6f6 g2f2 f6g7,1909,159,53,12,crushing endgame knightEndgame long,https://lichess.org/CShMd3Jv#131,
qlFdm,r3kb1r/ppp3pp/8/4pb2/3n4/3P1B2/PPP2PPP/RNB1K2R w KQkq - 1 11,f3b7 a8b8 e1d1 b8b7,1914,74,88,1295,advantage middlegame short,https://lichess.org/MTmTl3x8#21,Italian_Game Italian_Game_Two_Knights_Defense
moVTa,8/pp6/6k1/6p1/2P1N2p/4P2K/P3r3/R7 w - - 1 39,e4d6 g6h5 a1g1 g5g4 g1g4 e2e3,2026,94,79,23,crushing endgame exposedKing long,https://lichess.org/DY5dyqMH#77,
pGrkn,8/5k2/8/4p3/1P1p4/2r5/5K2/2R5 w - - 0 48,c1c3 d4c3 f2e3 e5e4,1949,84,68,31,crushing defensiveMove endgame short,https://lichess.org/2crJL6Te#95,
lBICS,r4rk1/4b1pp/4p3/1q1pNp2/1P1P3P/P3P3/1K1Q2P1/3R3R w - - 0 26,d1c1 a8a3 b2a3 f8a8 a3b2 e7b4,1954,83,88,40,attraction crushing deflection long middlegame sacrifice,https://lichess.org/BF0oIaWq#51,
oo5nJ,r2qk2r/ppp3p1/2p1p3/7p/4P1n1/2N5/PPPP1PPK/R1BQR3 w kq - 1 11,h2g1 d8h4 d1f3 h4h2 g1f1 h8f8 f3g4 h5g4,1999,78,91,1951,crushing middlegame veryLong,https://lichess.org/nE7O1X3A#21,Russian_Game Russian_Game_Stafford_Gambit
NSPWE,r2r2k1/1pp2pb1/2n4p/pQn5/4p2P/P4q1B/1PPBN3/1K1R3R w - - 0 26,b5c5 d8d2 d1d2 f3h1,1962,76,93,6195,crushing deflection middlegame short,https://lichess.org/vPDQUwOs#51,
Juv8z,8/1p6/p2k1pK1/P2p3p/2pP3P/2P4P/2P5/8 w - - 3 38,g6f6 b7b6 a5b6 a6a5 b6b7 d6c7 b7b8q c7b8,1939,74,97,1635,crushing endgame pawnEndgame quietMove veryLong,https://lichess.org/3MRqhE9F#75,
cA5Tx,2K5/1P3p2/2n2p1p/2k1pP1P/4P3/3P4/8/8 b - - 0 56,c5d4 c8c7 d4c5 c7d7 c5b6 d7e8 b6b7 e8f7,1956,181,29,6,crushing endgame knightEndgame veryLong,https://lichess.org/iypDvsQE/black#112,
7SKJW,r1bq1r2/1p2npp1/p1n1p2k/3pP1N1/6Q1/2N1P3/PP4PP/R4RK1 b - - 3 14,e7f5 f1f5 e6f5 g4h4 h6g6 h4h7,2007,77,97,839,crushing exposedKing long master middlegame sacrifice,https://lichess.org/sxQJxgJm/black#28,French_Defense French_Defense_Advance_Variation
OjnIy,r4rk1/3b2pp/p2qp3/3p4/8/2bBR1N1/P1P3PP/1R1Q3K b - - 3 20,c3e5 d1h5 g7g6 h5e5 d6e5 e3e5,1934,76,92,733,advantage long middlegame,https://lichess.org/iGBU7oC7/black#40,
nTRI8,5rk1/2p2ppp/1b6/1p1pPP2/r2P3q/3QB3/PPp3PP/R4RK1 w - - 4 20,f1f4 h4f4 e3f4 a4d4 d3d4 b6d4,1903,102,20,18,advantage fork long middlegame sacrifice,https://lichess.org/agLTdC3L#39,
8x8xp,r2qr1k1/5pp1/p6B/1pb1pN2/3pb3/1P5P/1PP2PP1/R2Q1R1K b - - 0 20,g7h6 d1g4 d8g5 f5h6 g8h7 g4g5,1980,77,97,1722,crushing fork intermezzo long middlegame pin,https://lichess.org/khOUs0Ex/black#40,
pUCKw,4r2r/3k4/pQ1p2p1/N3p2p/2P5/3q3P/P5PK/1R6 b - - 4 36,e8b8 b6a7 d7e6 b1b8 h8b8 a7b8,2033,76,86,123,advantage discoveredAttack endgame long,https://lichess.org/jvrdsr4A/black#72,
AUcgg,3r2k1/4qpbp/1nb1p1p1/2N5/p3N3/1BP5/PPQ2PPP/3R2K1 w - - 0 23,c5a4 d8d1 c2d1 b6a4 b3a4 c6e4,2013,74,94,6289,crushing intermezzo long middlegame,https://lichess.org/qDnGZYp8#45,
4LiyR,8/ppp5/4k3/P5p1/1PP1K1P1/8/8/8 b - - 0 44,b7b6 a5b6 c7b6 b4b5,1968,74,85,127,crushing defensiveMove endgame pawnEndgame short zugzwang,https://lichess.org/Pzyp53G5/black#88,
M7LN6,2qr1rn1/p4p2/5pkp/2Np3N/1p3Q2/1P1P1PP1/P1P4P/4R1K1 b - - 0 23,g6h5 c5e6 c8e6 e1e6,2056,73,93,5236,crushing master middlegame short,https://lichess.org/TMxEVj3f/black#46,
jU2oO,4rrk1/p1N1b1p1/1p1p3p/8/1PP2pn1/2B2qP1/P1Q2P1P/3RR1K1 w - - 0 22,c7e8 f4g3 h2g3 g4f2,2012,121,38,16,advantage middlegame short,https://lichess.org/pB546emY#43,
5XK09,k3r3/pp2P3/1qn2p2/3R1Brp/5Q2/7P/PP1R2P1/7K w - - 5 33,f4e3 b6e3 d5d8 c6b8,1959,75,85,74,crushing defensiveMove hangingPiece master middlegame short,https://lichess.org/pp6q6Ayl#65,
OGLUt,r5k1/1pp4p/7r/p1pP4/2P2Qb1/2P2N1P/P4qP1/R4B1K b - - 0 25,g4f3 f4h6 a8a6 h6g5 a6g6 g5d8,1972,79,89,546,crushing hangingPiece kingsideAttack long middlegame,https://lichess.org/kvTzqOao/black#50,
fppyD,5r2/ppk1q3/8/2p5/2B4P/BQ6/P5P1/4RK1R w - - 8 33,f1g1 e7e1 g1h2 e1h4 b3h3 h4f4,2042,77,86,93,advantage hangingPiece interference long master middlegame,https://lichess.org/QjDQqB4E#65,
bOuBg,3k4/Qp3rp1/4p1p1/3q4/8/1P3RP1/P4PKP/8 w - - 1 36,a7b8 d8d7 b8f4 f7f4,1974,77,92,986,advantage endgame pin short,https://lichess.org/Z7SgV7eW#71,
dnIAC,6k1/5p2/1q4p1/7p/3rN2P/1P2Q1P1/P4PK1/8 b - - 1 42,b6b4 e4f6 g8f8 e3e8 f8g7 e8e5,2047,113,88,12,crushing endgame long,https://lichess.org/CwPUTQOS/black#84,
DqYRJ,4r1k1/2p5/4b2p/8/5Ppq/NQ6/P3n1PP/3R1R1K w - - 9 33,b3d3 g4g3 d3g6 g8f8 g6f6 h4f6,1974,79,92,3588,crushing long middlegame,https://lichess.org/OWwB4aAh#65,
CP0c2,r3k1nr/pppn1ppp/1q1p4/8/2P1N3/3KQ3/PPN3PP/R4B1R b kq - 1 15,b6b2 e4f6 e8f8 f6d7,2054,77,92,2113,cornerMate deflection discoveredCheck doubleCheck mate mateIn2 middlegame short,https://lichess.org/8wQPktpI/black#30,English_Opening English_Opening_Kings_English_Variation
yJ3fa,1k1r3r/pq2N2p/1p1pb1p1/2p3Q1/4P1n1/3P4/PPPN2PP/R4RK1 w - - 3 19,d2c4 h7h6 g5h4 g6g5,1903,75,85,122,advantage middlegame short,https://lichess.org/6I5Jr1cJ#37,
ofBZ5,rn2k1nr/ppp3pp/3b4/8/3pP3/3P1P2/PPPKNq1P/R1BQ1B1R w kq - 3 12,d1e1 d6b4 c2c3 d4c3 b2c3 b4c3 d2c3 f2e1,1943,77,93,393,advantage attraction deflection opening pin veryLong,https://lichess.org/rYrzdD2I#23,Van_Geet_Opening Van_Geet_Opening_Other_variations
UCXq7,1r3k2/r3p1bp/3pQ1p1/2p3P1/q1P5/pP3P2/P1B5/1KR1N2R w - - 2 29,c2g6 b8b3 b1c2 b3e3 c2d2 e3e6,1967,74,95,693,crushing discoveredAttack discoveredCheck long middlegame queensideAttack,https://lichess.org/oIwKaPwj#57,
9mduK,r3r1k1/pR2bpp1/2p2n1p/3p4/7B/q1NQ1P2/P1P3PP/4R2K b - - 3 20,a8b8 e1e7 b8b7 e7b7,2075,104,56,14,advantage middlegame short,https://lichess.org/BkbvycZx/black#40,
AiZ5T,r1bq1rk1/ppp2pp1/2np4/2b1p1P1/1PB1P1n1/P1NP4/2P2PP1/R2QK1NR b KQ - 0 10,g4f2 h1h8 g8h8 d1h5 h8g8 g5g6,1911,74,96,963,attraction crushing kingsideAttack long middlegame sacrifice,https://lichess.org/i5yREiGN/black#20,Bishops_Opening Bishops_Opening_Vienna_Hybrid
pIpmE,5rk1/1q1p2p1/pp1brnQp/2p1p3/P1P1P3/2N4P/1P1B1PP1/R4R1K w - - 1 23,d2h6 f6e8 g6g4 e6h6,1989,76,85,85,advantage discoveredAttack middlegame quietMove short skewer,https://lichess.org/eymehCP0#45,
efylf,r1b3k1/5q1p/p5p1/3pp3/5Pn1/1PN4Q/P5PP/2R2RK1 w - - 0 28,f4e5 f7a7 g1h1 g4f2 f1f2 c8h3,1927,78,91,710,crushing discoveredAttack fork long middlegame,https://lichess.org/osKTCP6O#55,
MF99g,2r2r1k/1p4pp/p3Bp2/4pP2/P3P3/2q4P/8/R2QK2R w KQ - 3 27,e1f2 f8d8 e6c8 d8d2 d1d2 c3d2,2083,176,57,11,collinearMove crushing exposedKing fork long middlegame sacrifice,https://lichess.org/xJ3KEiak#53,
hZIrn,2kr4/Qpq2p2/p1p1b2p/6p1/2P5/P4B1P/1P3PP1/4R1K1 b - - 4 26,e6c4 f3g4 c4e6 e1e6 f7e6 g4e6,1940,74,90,1904,crushing endgame long,https://lichess.org/zA4gMZ4w/black#52,
feMuU,4r2r/1ppk1pp1/p7/3PpP1p/4N1q1/3P1N1P/PPP1QbP1/R1B4K w - - 2 19,h3g4 h5g4 f3h2 h8h2 h1h2 e8h8 c1h6 h8h6,2001,75,84,111,attraction discoveredAttack discoveredCheck kingsideAttack mate mateIn4 middlegame pillsburysMate veryLong,https://lichess.org/JXfr0rhK#37,
JDvZc,1r4kr/p3p2q/3p2p1/2p1b1B1/1p1nP1Q1/2PP4/P5N1/1R3RK1 w - - 1 27,c3d4 e5d4 g5e3 d4e3 g2e3 h7h2,2003,78,96,3960,exposedKing kingsideAttack long mate mateIn3 middlegame,https://lichess.org/KfKjCEJK#53,
ZYduC,4rr2/ppp2p1k/6p1/6Q1/3pP3/3q1P2/PP3K2/7R b - - 5 32,h7g8 g5f6 d3d2 f2g3 d2e1 h1e1,1980,75,93,502,crushing defensiveMove endgame long,https://lichess.org/hoUN29J5/black#64,
Y4px0,4r1k1/ppp1qp2/3p1n1Q/5P2/7P/3B4/PPn2PP1/R4K2 w - - 0 23,d3c2 e7e2 f1g1 e2e1 a1e1 e8e1 g1h2 f6g4 h2h3 g4h6,2062,77,92,588,crushing endgame fork sacrifice veryLong,https://lichess.org/5iKdPvpV#45,
ixY9D,4rr1k/1b1p2pp/1p4nq/p2BPp2/7P/P1BQ2P1/1P3R1K/6R1 b - - 0 25,f5f4 d5b7 f4g3 d3g3 f8f2 g3f2,2010,75,95,2064,advantage hangingPiece long middlegame,https://lichess.org/u2gwljey/black#50,
Zi9PL,r6q/pp1b2k1/2nBp1p1/3pP1N1/P5B1/2P5/5PR1/1R3K2 b - - 0 28,h8h1 g2g1 h1h2 b1b7,1976,78,93,1165,advantage master middlegame pin short,https://lichess.org/H805R09e/black#56,
TWg7E,4rr1k/p6p/2Q3pb/4pq1n/P1Pp4/1P1P3P/3R1PP1/2BNR1K1 w - - 1 23,f2f4 f5f4 d1f2 f4g3,2063,96,78,22,advantage middlegame short,https://lichess.org/8BRDUBMM#45,
v0Li6,7r/1P3kp1/5p2/P2b2p1/8/2B5/2P3Pb/1R3B1K w - - 0 44,b1d1 h2f4 h1g1 f4e3,1946,78,84,510,discoveredAttack discoveredCheck endgame mate mateIn2 short,https://lichess.org/4YJPTIu4#87,
73SyM,3r4/4kp2/2P5/6pp/K2R4/P5P1/1P3P2/8 w - - 1 47,d4d8 e7d8 a4b5 h5h4 b5b6 d8c8,2089,78,92,127,crushing defensiveMove endgame long,https://lichess.org/sZLnWIqb#93,
DCQW2,5r2/2q1rppk/p1p3bp/1p6/3PP1R1/2PB2PP/P1Q3K1/5R2 b - - 4 29,c7d6 g4g6 d6g6 e4e5 g6d3 c2d3,1943,78,71,53,advantage long middlegame pin quietMove sacrifice,https://lichess.org/WKvU6vmT/black#58,
ADF13,2k3r1/1p5p/p1p4q/2P2P2/1Pp5/2BrR1bP/P4QP1/4R1K1 w - - 7 30,e3g3 d3g3 e1e8 g8e8,2090,80,80,60,advantage middlegame short,https://lichess.org/jopLe00s#59,
u8k8F,5n2/3q1k2/2p1rp2/7Q/1BP5/P6P/5PK1/8 b - - 10 41,f8g6 h5h7 f7e8 h7g8 g6f8 g8f8,1903,75,84,152,endgame fork long mate mateIn3,https://lichess.org/HphEa1d4/black#82,
6m91A,3r3k/1p2b1pp/2q5/p1P1Bp2/1PP1p1n1/P2rP1P1/2Q1NP1P/R2R2K1 w - - 1 24,e5d4 c6h6 h2h4 e7h4,1958,75,88,283,advantage master masterVsMaster middlegame short,https://lichess.org/W7fswZSc#47,
1Bc5L,r1b2rk1/ppp3pp/1q1b1n2/5P2/1nN5/2BB2P1/PPP2P1P/R2QR1K1 b - - 10 14,b6c6 c4d6 b4d3 d6c8,2089,74,96,2048,advantage opening short,https://lichess.org/tRJk8dhD/black#28,Latvian_Gambit_Accepted Latvian_Gambit_Accepted_Main_Line
5nBF1,2rr1k2/1p3p1p/p1q5/2b1P1R1/8/P2QP1P1/1B5P/2R3K1 w - - 3 26,b2d4 d8d4 d3d4 c5d4 c1c6 d4e3,1903,75,86,579,crushing long middlegame,https://lichess.org/6cJVPgT1#51,
4yiBH,r6r/2q1p3/p3PnkP/pbpp1n2/2N5/2NQ4/1PP3P1/1R3RK1 b - - 3 27,h8h6 d3f5 g6g7 c4e5,2019,94,54,21,advantage defensiveMove master middlegame short,https://lichess.org/Gy5bZw13/black#54,
j8Xd2,8/8/7p/5Kp1/8/6P1/5P1k/8 b - - 1 50,h2h3 f5g6 h3g4 g6h6,1978,78,93,2450,crushing endgame pawnEndgame short,https://lichess.org/90CZhjdD/black#100,
tk8Yf,r2k1b2/ppqb3Q/4R3/P2p4/1P4p1/2P5/5PPP/R5K1 w - - 1 28,e6f6 c7c3 f6f8 d8c7 a1f1 a8f8,1950,76,94,1999,advantage discoveredAttack fork long middlegame sacrifice,https://lichess.org/MztePukT#55,
rDsD9,7R/3r3p/6pk/5b2/1KB5/1P6/2r5/7R b - - 6 47,h6g7 h1h7 g7f6 h8f8 f6e5 f8f5 g6f5 h7d7,2003,74,94,1717,advantage endgame veryLong,https://lichess.org/OfUYDZti/black#94,
C6DpG,7k/ppp3p1/7p/2q5/2r2rN1/1Q3P2/P4KP1/R4R2 w - - 23 44,b3e3 c4c2 f2e1 c5b4,1974,77,81,44,crushing middlegame pin short,https://lichess.org/XuGcEvJB#87,
BNKrc,6k1/2q3b1/pp1rp1B1/2p3BQ/P1P1p2P/2P2rP1/1P6/R5K1 w - - 1 28,g6e4 d6d1 a1d1 c7g3 g1h1 g3h3,1982,75,97,327,crushing discoveredAttack exposedKing kingsideAttack long middlegame sacrifice,https://lichess.org/HU7d1CyW#55,
ldBXp,1rb2rk1/p1pnbppp/1pBp4/3P4/4q3/4BN2/PP3PPP/2RQ1RK1 b - - 7 13,d7c5 e3c5 b6c5 f1e1 e4g6 e1e7,1900,75,94,13510,advantage long opening skewer,https://lichess.org/kfQHTbas/black#26,Indian_Defense Indian_Defense_Pawn_Push_Variation
zqrri,r5k1/4r2p/2p1p2B/p1q1p3/P1p1Q3/2P3P1/5P1P/5RK1 b - - 0 27,c5d5 e4g4 g8h8 f1d1,1944,91,74,27,advantage endgame master short,https://lichess.org/WYUaQeMu/black#54,
BHYLK,8/6R1/2k3K1/6P1/5p2/4r3/8/8 b - - 0 51,e3g3 g7f7 f4f3 g6h5 c6d5 h5h4 g3g1 f7f3,1931,185,82,5,crushing endgame rookEndgame veryLong,https://lichess.org/UBjc7txX/black#102,
uj0S4,8/1kp1P2p/1p6/8/1n4P1/1KP4P/P4q2/2Q5 b - - 2 41,b4d3 c1h1 c7c6 e7e8q d3c5 b3a3,1908,77,93,5089,advancedPawn crushing defensiveMove endgame long promotion,https://lichess.org/LJBFp5vw/black#82,
BY7vv,1rqb1rk1/2p2p2/p6Q/4P3/4N3/6P1/PP5P/2KR4 b - - 0 25,c8g4 d1d8 g4e4 h6f8,1915,75,94,3241,middlegame,https://lichess.org/H20GTK2i/black#50,
8KFOC,r4rk1/1pq1bpp1/p1p1pn1p/4N3/3P1B2/P1RQ2PP/5P2/5RK1 b - - 1 22,g7g5 e5f7 g8f7 f4c7,1994,75,87,631,crushing discoveredAttack middlegame short,https://lichess.org/hNRKlKrs/black#44,
dDmh9,r5k1/1pp3p1/p1p3rp/6q1/3QPp2/6Pb/PPP1NP1K/R3R3 w - - 0 21,h2h3 g5h5 h3g2 f4f3,2018,77,92,1756,advantage middlegame short,https://lichess.org/AwEAPCyE#41,
WqWLg,1r4k1/Q1R2pp1/3q3p/1p1rp3/3p4/3P2PP/4PP2/1R4K1 b - - 1 28,d6b6 c7c8 d5d8 a7b6,1906,76,88,393,crushing endgame short,https://lichess.org/aa8dTrtv/black#56,
YVP2X,7r/p1R5/4P3/8/2Pk1p2/8/Pr6/R4K2 w - - 1 38,c7d7 d4e3 a1e1 e3f3,2010,75,87,350,crushing defensiveMove endgame rookEndgame short,https://lichess.org/OByAROJv#75,
uFqnx,r2q1rk1/pb3p1p/1p2pPp1/4p3/2P4Q/8/PP1N1PPP/R4RK1 w - - 0 22,f2f4 d8d2 f1f2 d2d8,2066,76,80,321,advantage hangingPiece middlegame short,https://lichess.org/rjT74Axs#43,
5iWXf,2r1r1k1/1p1qp1bp/p2n2p1/3p2P1/3P1B1N/2P5/PPQ2P2/2K1R2R w - - 6 25,h4g6 h7g6 c2g6 d7f5 g6f5 d6f5,1911,74,92,3409,advantage long middlegame,https://lichess.org/daR9qQR5#49,
xJF1e,r1bqr3/pp4Q1/3pk3/2p1p1R1/3PP2P/2P5/PP1N1P2/2K5 b - - 0 22,d8e7 g7h6 e6d7 g5g7 e7g7 h6g7,2076,77,89,112,advantage clearance long middlegame pin,https://lichess.org/hgM2C717/black#44,
oYi6d,4R1k1/2p3p1/pbn2r1p/1pNp3q/3P1P2/2P3n1/PPQ4P/R5K1 b - - 1 26,f6f8 e8f8 g8f8 h2g3 b6c5 d4c5,1927,75,83,76,advantage long middlegame,https://lichess.org/bP0WiyQX/black#52,
ucHu3,8/6K1/3n1P2/pp5P/8/P7/1k6/8 b - - 0 50,b5b4 a3b4 a5b4 h5h6 b4b3 h6h7,2004,82,90,1218,advancedPawn crushing endgame knightEndgame long master,https://lichess.org/wivMktZ1/black#100,
NnWp9,5R2/1pq2ppk/4pP2/4P1BP/p7/P7/1PP5/1K6 b - - 0 32,c7e5 f8f7 e5g5 f7g7 g5g7 f6g7,1913,76,93,4832,advancedPawn advantage endgame fork long master masterVsMaster,https://lichess.org/auqAgYSs/black#64,
xp8Gf,5rk1/3q1p1p/1p4pQ/rP1pPp2/2pP4/p1P2R2/P5PP/4R1K1 b - - 5 32,a5b5 f3h3 f7f6 e5f6,1997,78,84,48,crushing endgame master quietMove short,https://lichess.org/4lANELu0/black#64,
I4Hja,3q4/1k2b1p1/4p1P1/8/4N3/1PQ2P2/r7/2K3R1 w - - 0 30,g1d1 e7a3 c1b1 a2b2 c3b2 d8d1 b1a2 a3b2,2094,75,79,90,crushing endgame exposedKing master veryLong,https://lichess.org/5CkLZkMw#59,
wJeSy,3r1rk1/1p3p1p/3bq1p1/p1nPp1P1/4pP2/PP2P3/1BQ1BR1P/R5K1 b - - 0 24,e6d5 e2c4 d5c6 f4e5,2070,78,86,50,crushing middlegame short,https://lichess.org/YLWYPbuA/black#48,
pOvnf,6k1/5p2/6p1/4b3/6rP/3R2B1/1r3PK1/R7 w - - 4 34,g2h2 b2f2 h2h3 g4g3 d3g3 e5a1,2097,81,90,273,crushing endgame exposedKing long pin,https://lichess.org/TBJViU90#67,
TooEl,4qrk1/p2nb1p1/1pR1p2p/1P1pPn2/P2P4/N2Q1N2/1B4PP/6K1 w - - 1 21,c6e6 d7c5 d4c5 e7c5 g1h1 e8e6,2069,77,94,9336,advantage long middlegame sacrifice,https://lichess.org/wbgIv3RI#41,
z9H2n,8/8/p7/1p5p/1P4k1/P5P1/5K2/8 b - - 3 58,g4h3 f2f3 h3h2 g3g4 h5g4 f3g4,1974,75,90,413,crushing endgame long pawnEndgame zugzwang,https://lichess.org/p6jxbNWG/black#116,
BFnbK,r4rk1/1p3pp1/p3p1q1/P7/4b2R/2p4Q/2P3PP/3R3K b - - 1 32,f7f6 h4h8 g8f7 d1d7 f7e8 h3e6,2073,87,91,4159,deflection long mate mateIn3 middlegame,https://lichess.org/ptF8daCI/black#64,
DpSmt,8/p5p1/5k1p/R7/5PP1/2r3KP/8/8 w - - 1 33,g3h4 g7g5 f4g5 h6g5 a5g5 c3h3 h4h3 f6g5 h3g2 a7a5 g2f1 a5a4 f1e1 a4a3,1954,86,84,41,crushing deflection endgame quietMove rookEndgame veryLong,https://lichess.org/ACcfsQJb#65,
LRJbD,r4rk1/pp3pbp/5q2/3N1b1Q/3n4/3B4/PP3PPP/R3R1K1 b - - 1 21,f6g6 d5e7 g8h8 e7g6 f7g6 h5d1,2048,132,76,16,crushing defensiveMove fork long middlegame pin,https://lichess.org/gtEsRqhM/black#42,
23jMu,4r1k1/6b1/3Q1p1p/1p1P1R2/1Pp1P1PP/5N2/5q2/7K b - - 0 41,e8e4 d6d8 g7f8 d8f6 e4e1 f3e1,2054,76,87,52,crushing deflection endgame long master,https://lichess.org/OlPJOzkl/black#82,
mylcu,7k/6b1/1NP4p/1p3Q2/pP1p3q/8/6K1/4rB2 b - - 6 44,h4g5 f5g5 h6g5 c6c7 e1e8 f1b5,2063,75,93,5750,advancedPawn advantage endgame long master,https://lichess.org/5wSEYWgB/black#88,
Tq2uG,2b1r3/5pbk/1pp3pp/2p1nPq1/2P1P3/1P2N1PP/rB3RBK/2Q2R2 w - - 6 34,h3h4 g5e3 b2e5 e3c1,1958,76,93,979,crushing master middlegame short,https://lichess.org/Fb69PAD2#67,
BnHvw,8/p7/3p4/N4k2/R2b4/6P1/3r3P/6K1 w - - 3 33,g1h1 f5g4 a4d4 d2d4,2016,74,92,243,crushing endgame short,https://lichess.org/qZXqMD6J#65,
UbdAl,6kr/Qp1q1p1p/6p1/2R5/3pr3/8/PPP2PPP/3R2K1 w - - 0 21,c5c4 d7e6 g2g3 e6c4,2013,75,94,12080,crushing endgame short,https://lichess.org/wOHa75B7#41,
4NGBB,7r/p2k4/1pnbN3/5P1p/3p4/2P5/PP2QPqP/R3KR2 w Q - 0 23,e6d4 c6d4 c3d4 h8e8 e2e8 d7e8,2014,75,94,2197,advantage long middlegame pin,https://lichess.org/XmZQQP4Y#45,
4UhTN,r3k1r1/5p1p/p1p2p2/2Np4/1q1N2b1/4PK2/PP3PPP/2RQ3R w q - 1 18,f3f4 b4b8,2019,79,91,1319,mate mateIn1 middlegame oneMove,https://lichess.org/6FCVdpt0#35,Queens_Gambit_Declined Queens_Gambit_Declined_Exchange_Variation
DbBYO,6k1/5pp1/pq6/1p1P1B1p/5Pn1/5Q2/PP4P1/7K b - - 1 33,b6h6 d5d6 h6d6 f3a8 d6f8 f5h7 g8h7 a8f8,1963,74,98,127,clearance crushing deflection endgame veryLong,https://lichess.org/ENlapqz3/black#66,
pCNHF,6k1/p5p1/2p4p/2Pb2q1/P2N1n2/1P6/2PQ2PP/5RK1 w - - 10 37,d4f3 d5f3 f1f2 f4h3 g1f1 h3f2 d2g5 h6g5,2015,78,91,459,advantage endgame pin veryLong,https://lichess.org/uqpQqU2y#73,
rVVNa,4r2k/2R5/p2n3p/2b5/6pN/6P1/P4r1P/3R3K b - - 5 44,e8c8 h4g6 h8g8 g6e7 g8f7 e7c8,1949,79,86,68,crushing discoveredAttack discoveredCheck exposedKing fork long middlegame,https://lichess.org/wv54rPJI/black#88,
AGAXJ,3r1rk1/pp3p1p/6p1/n3p3/4Nn1q/P1PP1P2/1PBQ1P2/R3K1R1 b Q - 7 20,f4g2 g1g2 h4h1 e1e2 h1g2 d2h6,2008,76,88,589,crushing hangingPiece long middlegame sacrifice,https://lichess.org/F66jG9Y5/black#40,
K6Wtq,1b3rk1/1p2q1pp/p3Pp2/3pN3/1P1P2Q1/Pr6/6RP/5RK1 b - - 3 28,f6e5 f1f8 g8f8 g2f2 f8e8 f2f7 e7f7 e6f7,2061,124,57,26,advancedPawn advantage attackingF2F7 attraction kingsideAttack middlegame veryLong,https://lichess.org/UMYsIHSZ/black#56,
QNwZO,2r1k2r/1bqnbppp/pp1p1n2/3Pp3/PPB1P3/2NQ1N2/5PPP/R1B1R1K1 w k - 3 14,c4a6 b7a6 d3a6 c7c3 c1d2 c3c4,2087,76,95,5151,advantage long middlegame,https://lichess.org/gBbQ60n0#27,Sicilian_Defense Sicilian_Defense_OKelly_Variation
KeOPx,3r1rk1/p4ppp/3N2q1/2Q5/2P2n2/5P2/PP3RPP/3R3K w - - 5 25,c5e5 f4d3 d1d3 g6d3,2059,83,74,35,advantage fork middlegame short,https://lichess.org/5vFgPK2Q#49,
IBsOt,8/2R2R2/1kb4P/p7/3n4/6P1/1p3KP1/8 w - - 0 56,c7c6 d4c6 h6h7 b2b1q h7h8q b1a2,1973,76,94,2751,advancedPawn advantage endgame hangingPiece long promotion,https://lichess.org/ioPX0dpk#111,
PgsFZ,3q1bk1/3P1p1p/p5p1/3Q1n2/1pr1rP2/7P/PP2NB2/3R1RK1 w - - 3 26,g1g2 e4e2 d5c4 f5e3 g2f3 e3c4,1944,78,93,2912,crushing fork long middlegame sacrifice,https://lichess.org/Hd5FEPFi#51,
TMa8B,5r2/r1PR1pkp/1p2pbp1/1P6/1p2N3/3B3P/1P3PP1/6K1 b - - 7 25,f8c8 e4d6 a7c7 d7c7 c8c7 d6e8 g7f8 e8c7,2039,76,95,10054,advantage attraction endgame fork veryLong,https://lichess.org/CynEP4d6/black#50,
pVjPJ,5rk1/3bq2p/4p1p1/3pbn2/1P1n4/B2Q2P1/4N1BP/1R3RK1 w - - 0 22,b4b5 d4e2 d3e2 e5d4 g1h1 e7a3,1957,91,81,26,advantage clearance kingsideAttack long middlegame,https://lichess.org/kjOMwvmM#43,
meUkY,1k1r3r/pp3pp1/2pN4/1PPb4/Q2P3p/6q1/P2RR1B1/6K1 w - - 0 29,b5c6 h4h3 c6c7 b8c7 a4a5 c7b8,2021,80,90,371,advantage defensiveMove long middlegame pin,https://lichess.org/1uhRhapB#57,
SuAjb,5k1r/2r2p2/3b4/1B2n3/8/2P3q1/PP2Q2P/3R1R1K b - - 3 27,e5g4 e2e8 f8g7 e8h8 g7h8 h2g3,1935,78,93,1055,advantage long middlegame,https://lichess.org/cjyKxIlW/black#54,
zIgZX,3q4/p4p1k/4pPp1/3p2Q1/3P2R1/2n4P/1rr2PP1/5RK1 b - - 5 32,c3e4 g4h4 h7g8 h4h8 g8h8 g5h6 h8g8 h6g7,2011,75,96,4100,attraction mate mateIn4 middlegame sacrifice veryLong,https://lichess.org/oDCbyF1K/black#64,
PTP5Y,r2q2k1/p4ppp/2p3r1/1p1p4/8/1PNP1RP1/P1PQ4/5RK1 w - - 3 22,f3f7 g6g3 g1f2 d8h4 d2f4 g3g4,1927,76,91,1092,advantage discoveredAttack discoveredCheck kingsideAttack long middlegame quietMove,https://lichess.org/GUAtTCfj#43,
cwVFZ,r4rk1/1b3p2/p1p2P1Q/1p6/1b4qN/8/PP3PPP/R4RK1 b - - 2 26,f8e8 h2h3 b4f8 h6f8 g8f8 h3g4,2046,79,83,57,advantage long middlegame,https://lichess.org/GfNzmeZj/black#52,
wQB03,4r2k/pp4pp/8/3q4/3PNP1P/P1BBQ3/7r/R3K3 w - - 7 43,e1d1 d5b3 d1c1 b3c3 e4c3 e8e3,2069,75,93,1119,advantage exposedKing long middlegame,https://lichess.org/mt7saPud#85,
gzWgI,6k1/1p3pp1/p7/3p4/1P2q1b1/6P1/P3NP1P/3QRK2 w - - 0 31,d1d2 g4h3 f1g1 e4g2,1932,77,88,573,endgame mate mateIn2 short,https://lichess.org/UOBkG1EQ#61,
zFFlR,2rr4/pp3pk1/3p1np1/3P1b1p/1PN1p3/4P3/P3BPPP/2R1R1K1 w - - 2 23,c4d6 d8d6 c1c8 f5c8,2053,81,91,293,advantage hangingPiece master middlegame short,https://lichess.org/YqNY8yju#45,
prVLW,5rk1/6p1/3R4/2pPp2p/1pPnB3/5N1P/1P3PP1/2b2K2 w - - 1 38,f3e5 c1f4 d6a6 f4e5,1981,75,88,787,advantage endgame master short,https://lichess.org/hcIBrZaA#75,
9wIUj,5k1r/2p2pp1/p6p/2q1r3/P2p4/5QP1/2P2P1P/1R2R1K1 b - - 1 25,g7g6 f3f6 e5e1 b1e1,2077,80,90,2748,crushing endgame short,https://lichess.org/QgLjWU8Q/black#50,
ACPRf,8/pp3ppk/7p/3bnq2/3Q4/6PP/PP1N1P1K/3B4 w - - 0 34,d4d5 e5g4 d1g4 f5d5,1912,75,89,151,crushing discoveredAttack endgame master short,https://lichess.org/AZOF1XyQ#67,
LOjwX,5k1r/rb4pp/p4n2/q3pQ2/N2p4/1B6/PP3PPP/R4K1R b - - 3 21,b7e4 f5c8 f6e8 a4c5,2059,78,46,64,crushing middlegame short,https://lichess.org/kT32OIu0/black#42,
o6NFw,4k3/Q5p1/2p1pp2/2P4K/8/6Pq/P6P/8 w - - 1 40,h5g6 h3h6,1919,85,91,3179,endgame mate mateIn1 oneMove queenEndgame,https://lichess.org/PFTM2dEw#79,
ZHsnA,8/p6k/6bp/8/PPBp1PP1/K1b5/1rP4R/8 b - - 4 47,g6c2 h2c2 b2c2 c4d3 h7g8 d3c2,1962,75,95,4715,advantage attraction endgame fork long sacrifice,https://lichess.org/bYGYcRAi/black#94,
JyFRB,5r1k/pq5p/1p2Qp2/b7/2RP1P1R/3nP2P/P6K/8 w - - 2 35,e6f5 d3e1 f5h7 b7h7 h4h7 h8h7,2060,77,92,1077,advantage long middlegame quietMove,https://lichess.org/Qg906hqD#69,
vJ1Ah,r4rk1/1pp2b2/4pn1p/1PPpN1p1/3P2P1/3BPP2/2K5/R6R w - - 1 26,h1h6 a8a1 h6f6 g8g7 f6f7 f8f7 e5f7 g7f7,1975,77,92,2072,crushing middlegame veryLong,https://lichess.org/tBqvgnwF#51,
p7MvT,3rr1k1/6p1/p1Q5/4p1qp/1P6/P1P1RPBn/7P/4R2K w - - 1 30,e3e5 e8e5 c6c4 e5d5,1979,75,82,158,advantage defensiveMove middlegame short,https://lichess.org/EqE2E8Wa#59,
B3DOG,k7/1p6/p7/5p2/1R4rq/4B3/PP2N2P/5R1K w - - 5 38,f1f5 h4e1 e3g1 e1b4,2086,77,86,309,crushing endgame fork short,https://lichess.org/w27nuYc0#75,
5C3a5,3R1b2/5krR/pp2rp2/2p5/P3nB1P/2P1PN2/1P3PP1/6K1 w - - 4 37,f4h6 g7h7 d8f8 f7e7 f8a8 h7h6,1929,76,94,7494,advantage long middlegame,https://lichess.org/q2vpjNbM#73,
HpQer,2k4r/pp4pp/5p2/3r1b2/1b1q1B2/2Np1NP1/PPnQ1PKP/2R4R b - - 1 19,d4c5 c1c2 d3c2 d2d5 h8d8 d5c5,1924,75,84,136,advantage long middlegame queensideAttack,https://lichess.org/EDTCEh85/black#38,
MX4o5,r4b2/pp5k/3pQ1pp/3Nn2q/4P3/8/6PP/5R1K b - - 1 35,h5e2 d5f6 h7g7 e6g8,2047,76,95,638,mate mateIn2 middlegame short,https://lichess.org/5wyCI773/black#70,
VSlZB,6k1/8/3q2pQ/2p1p2P/1p2P3/1P1P2R1/2r3K1/8 w - - 0 39,g2h3 d6d7 g3g4 d7d3,1908,243,82,2,crushing deflection endgame short,https://lichess.org/ovuipD19#77,
KuRoi,5r2/1pk1q1pp/2b1p1n1/3pP3/3p2P1/5NK1/2PQ3P/RR6 w - - 0 31,f3d4 e7h4 g3g2 h4g4 g2h1 g4e4,2002,80,84,101,crushing deflection long middlegame,https://lichess.org/y5mF1Ais#61,
OVFHx,6k1/4rr1p/1pBq1np1/pP1P4/P3p3/2P5/4Q1PP/2R2RK1 w - - 0 29,e2e3 f6g4 e3g3 d6c5,1950,75,90,770,crushing master middlegame short,https://lichess.org/q1rOCW8G#57,
Yez4q,r6k/1R6/5R1B/4p1K1/1P4p1/2PP4/5p1r/8 w - - 0 41,f6f7 a8g8 h6g7 g8g7 f7g7 f2f1q g7f7 f1c1,1934,78,92,4925,advancedPawn crushing deflection endgame promotion veryLong,https://lichess.org/FXqz8O3g#81,
rJwY9,8/2p5/pp2kp1p/2P2P2/PP2K3/7P/8/8 b - - 0 35,e6d7 c5b6 c7b6 e4d5,2019,81,92,1069,crushing defensiveMove endgame pawnEndgame short zugzwang,https://lichess.org/bFdEzWBa/black#70,
Grfpz,6k1/1N2P2p/6p1/2P1K3/8/5rrP/8/3R4 b - - 0 40,f3e3 e5d6 g8f7 d1f1,2010,75,82,146,advantage defensiveMove endgame short,https://lichess.org/UNswbnvP/black#80,
CzdmV,1r6/p4p1R/2p1k1p1/3pPpP1/4qP2/Q7/P1P1K3/7R w - - 2 30,e2d1 b8b1 d1d2 e4g2,2079,77,82,67,advantage endgame short,https://lichess.org/y2kNcFRf#59,
wL5Qd,3Q4/1pp2p2/1k1p2q1/1P2nRBr/2PbP3/3P2P1/6K1/1R6 w - - 1 28,d8f6 h5h2 g2h2 e5g4,2024,76,93,1084,advantage attraction middlegame sacrifice short,https://lichess.org/SvgHwV7m#55,
s97ul,2rq1rk1/1p2bpp1/p3pn1p/3p4/8/PP1B1PQP/1BP2P2/R4R1K b - - 3 17,d8c7 b2e5 f6h5 e5c7 h5g3 c7g3,2006,74,93,2214,advantage long middlegame,https://lichess.org/RiZAaXno/black#34,Queens_Pawn_Game Queens_Pawn_Game_Colle_System
0IuMT,5rbk/8/3p3p/p1pP4/P1Pq4/5P2/1r3P1P/2Q1R1RK b - - 3 37,f8f6 e1e8 h8h7 e8g8,1991,87,87,35,crushing middlegame short,https://lichess.org/iDRY2nPl/black#74,
RfrUm,5rk1/Q4p2/3p2p1/4n1N1/2P1P2K/P7/1P6/6r1 b - - 0 33,g8g7 a7g1 f8h8 h4g3,1986,129,92,18,crushing endgame hangingPiece short,https://lichess.org/pylrwitt/black#66,
dkjXp,2r2rk1/4b2p/p1Pp4/3R4/1pN1q3/1P2P1P1/6K1/2RQ4 w - - 1 31,g2g1 f8f3 d1f3 e4f3,1981,75,89,714,crushing master middlegame short,https://lichess.org/g5B01w5X#61,
krmgC,r4rk1/2b2q1p/p1p3p1/2Pp4/1P1B1Pb1/P2Q2R1/2B2P1P/2R3K1 b - - 2 26,c7f4 g3g4 f4c1 d3h3 c1g5 g4g5,2074,131,88,14,advantage long middlegame sacrifice,https://lichess.org/3VhkQqL3/black#52,
SBGi4,5rk1/5ppp/p1RQp3/1p1nPP2/8/P5PK/1P3q1P/4R3 w - - 1 27,f5e6 d5f4 g3f4 f2f3 h3h4 f3f4 h4h3 f4f3,1930,103,74,63,crushing endgame sacrifice veryLong,https://lichess.org/h3gYyGi3#53,
GqyU7,r2qr3/pp3pk1/2p2bp1/7p/3PBN1n/4P3/PPQ2P2/R3K2R b KQ - 1 21,f6d4 e1c1 d4e3 f2e3,2026,145,0,46,advantage castling master masterVsMaster middlegame short,https://lichess.org/2ly2M8eO/black#42,
GLnSm,r7/1p1R3Q/p5p1/6k1/8/1B4qP/PP2p1P1/7K w - - 1 33,d7d5 g5f6 d5f5 f6f5,1941,75,92,880,advantage defensiveMove endgame short,https://lichess.org/9s473NYu#65,
822iW,7r/ppkb2pp/3q1p1b/3p1P2/4r1Q1/P1BP2P1/1P2B2P/R2KR3 w - - 1 20,d3e4 d7a4 b2b3 a4b3,2043,78,93,6983,bodenMate mate mateIn2 middlegame short,https://lichess.org/L3eZxA6I#39,
wdFVi,8/1N4kp/p7/1p1PK3/r7/3P3P/8/8 b - - 3 34,a4h4 d5d6 h4h3 d6d7 h3e3 e5d4 e3e7 d7d8q,1905,78,89,1604,advancedPawn crushing defensiveMove endgame promotion veryLong,https://lichess.org/iUS9wuU3/black#68,
XpBry,5r1k/6p1/2pp4/1p2nq1p/4N2R/P1P1Q2P/1P4P1/6K1 b - - 1 35,d6d5 e4g3 f5b1 g1h2 e5f3 g2f3,1917,81,78,62,advantage defensiveMove endgame long,https://lichess.org/2CBOGRyC/black#70,
3LVTo,r1b2r2/1p3pk1/p2p1q1p/2pP2pQ/4PP2/3B2P1/Pb2N1P1/5RKR b - - 1 23,b7b5 e4e5 d6e5 f4e5 f6f1 g1f1,1954,77,94,1651,crushing long middlegame,https://lichess.org/4tDKSM0V/black#46,
I1Zjq,2r5/1q6/p2p1bkp/2rP1P2/Qp2p3/7P/PP3P2/1B2R1K1 b - - 0 33,g6f5 b1e4 f5g5 a4d1,2084,83,80,35,advantage defensiveMove middlegame short,https://lichess.org/HELeKZro/black#66,
WIEwV,r2qr1k1/p2n1npp/4p3/b2pP3/3P2P1/BN1Q3P/6K1/R4RN1 b - - 3 22,a5c7 f1f7 g8f7 d3h7 e8h8 a1f1,2061,79,65,42,crushing deflection kingsideAttack long middlegame,https://lichess.org/aczblIOC/black#44,
DeVa0,Q7/8/4p2p/5k2/2P5/6P1/4q2K/8 w - - 3 50,a8g2 e2g2 h2g2 f5e4 c4c5 e4d5,1913,76,86,256,crushing endgame long queenEndgame,https://lichess.org/2vb9jVNo#99,
kxJrX,r5k1/ppp3pp/1r2b3/2q1p3/4P2Q/2PB1N2/2K2P1P/3R2R1 w - - 3 21,h4g3 e6b3 c2d2 b6g6 g3h4 b3d1,1910,252,0,2,advantage clearance long middlegame,https://lichess.org/FoDZCICe#41,
soHqS,8/8/4pp2/3p4/3P2kp/4P3/4KPP1/8 b - - 1 51,e6e5 e3e4 d5e4 d4d5 g4f5 e2e3 f5g6 e3e4,1978,81,84,61,crushing endgame master pawnEndgame quietMove veryLong zugzwang,https://lichess.org/HK3kOl9O/black#102,
LDV6Z,r5rk/2pq1p1p/p2p1p1B/1pb1p3/4P3/1B1P1P1b/PPP1QP2/R5RK b - - 3 17,h3g2 g1g2 g8g2 h1g2 a8g8 g2h2,1904,77,92,1058,advantage defensiveMove long middlegame,https://lichess.org/ear171Dc/black#34,Ruy_Lopez Ruy_Lopez_Berlin_Defense
xSsVE,r1bqr1k1/pp5p/2pbpnpB/3p4/8/2PBPNQ1/PP3PPP/R3K2R w KQ - 2 15,f3e5 f6h5 g3f3 d6e5,2010,77,95,9572,advantage middlegame short,https://lichess.org/VxZuLnXo#29,Queens_Pawn_Game Queens_Pawn_Game_Accelerated_London_System
NqGUE,4r1k1/pb4bp/q5p1/1NB2p2/3P1P2/PP1Q4/4r1PP/2RR2K1 w - - 1 28,d1d2 e2d2 d3d2 a6b5,1977,80,70,58,advantage middlegame short,https://lichess.org/n43vdMUk#55,
6tItS,3r3r/ppknp3/1qp1Bnpb/8/3p3P/1PNPP3/PBPQ1P2/2K3RR w - - 0 19,c3a4 d4e3 f2e3 b6e3 d2e3 h6e3,2073,76,92,74,advantage long middlegame,https://lichess.org/nfWJrECX#37,
XOeop,r2q4/n1p2kpp/1p2bn2/p3p3/P2pPP2/B1PP4/1P4PP/R2Q1RK1 b - - 0 18,a7c6 f4e5 c6e5 d1h5,1947,76,88,256,advantage middlegame pin short,https://lichess.org/AgvHhpeZ/black#36,Philidor_Defense Philidor_Defense_Steinitz_Variation
ILblt,4k3/8/3KPPn1/8/8/7p/7P/8 b - - 3 49,g6f4 f6f7 e8f8 e6e7 f8f7 d6d7 f4g6 e7e8q,1963,77,93,2332,advancedPawn crushing endgame exposedKing knightEndgame promotion veryLong,https://lichess.org/Wbq0O3sP/black#98,
sZCAQ,4rk2/p3qp1Q/6p1/6P1/1p1Np3/2n5/P1K2P2/7R b - - 0 32,e7e5 d4c6 e5g7 h7h8 g7h8 h1h8 f8g7 h8e8,1962,174,88,20,advantage endgame skewer veryLong,https://lichess.org/aCitZY68/black#64,
FqMKj,r1b1k2r/1p3ppp/p3p3/3nP3/1b1q4/2NB1Q2/PP1B2PP/R4K1R b kq - 1 14,d5c3 b2c3 d4e5 a1e1 e5a5 c3b4,2078,78,92,1202,advantage fork long middlegame,https://lichess.org/jhZsZkbr/black#28,Sicilian_Defense Sicilian_Defense_Alapin_Variation
mRXrv,3r4/4k1KP/6P1/6n1/4P3/8/3p4/3R4 w - - 1 64,d1d2 g5e6 g7h6 d8d2,2007,75,92,486,advantage endgame intermezzo master short,https://lichess.org/CRLT1sUb#127,
OcwE3,5rk1/p4ppp/1pp3r1/4p3/4Pb1q/2NB1P2/PPP1QPRP/6RK w - - 12 22,c3d1 g6h6 g2g7 g8h8 g1g2 f4h2,2008,76,92,354,advantage long middlegame quietMove,https://lichess.org/IG0OJZ3f#43,
Dpd2O,r1b2rk1/p5b1/2q1pnpp/2pp4/1p2PN2/3PN3/PPP3PP/R1BQ1RK1 b - - 1 15,g6g5 f4g6 c6e8 g6f8,1956,74,85,190,advantage master middlegame short,https://lichess.org/EUC7w2ZJ/black#30,Sicilian_Defense Sicilian_Defense_Closed
ewihq,5k2/1Q1bqppp/p4b1N/8/8/7P/1P1B1PP1/6K1 b - - 0 30,g7h6 d2b4 e7b4 b7b4,2032,80,91,516,advantage endgame master pin short,https://lichess.org/p5cCTgvX/black#60,
DOGwl,r1bq1rk1/2R2pp1/p5np/1p1Pn3/1P2P3/PB4B1/3N1PPP/3Q1RK1 w - - 1 21,d2f3 d8c7 f3e5 g6e5 d1d4 f8e8,2020,101,86,65,advantage defensiveMove hangingPiece long middlegame,https://lichess.org/jQCdXHCj#41,
JXNRR,6k1/pp4pp/2qB1r2/8/2P5/1P4Q1/P1b3PP/4R1K1 w - - 3 26,d6b4 c6b6 c4c5 b6b4 e1e8 g8f7,2090,79,90,989,advantage endgame fork long,https://lichess.org/tok1TMUy#51,
QQq05,2r1k1r1/4qp2/3R4/p4p1p/PpP1nBbb/1B2QNP1/1PP2P2/3R2K1 b - - 2 24,h4g3 f2g3 e4d6 e3e7 e8e7 f4d6,2025,81,91,1607,attraction crushing long middlegame,https://lichess.org/LRCGzfp6/black#48,
XED04,rn1qk2r/5pp1/p2pp3/1p6/3Nb1Pb/4BB2/PPPQ4/R3K2R w KQkq - 0 15,h1h4 d8h4 e3f2 h4h7,2091,212,0,21,advantage defensiveMove hangingPiece middlegame short,https://lichess.org/c4cfbv1h#29,Sicilian_Defense Sicilian_Defense_French_Variation
gKzIi,6k1/3q3p/5Qp1/p1p1p3/b1PB4/6PP/7K/3B4 b - - 0 41,e5d4 d1g4 d7f7 g4e6 f7e6 f6e6,1921,75,100,111,crushing endgame long pin,https://lichess.org/FDZbHDsC/black#82,
YgNzn,6k1/p4p2/1p2pPp1/3q3p/3P1Q2/5N1P/PPr3PK/8 b - - 3 30,g6g5 f4b8 g8h7 b8f8 h7g6 f8g7,2025,80,92,53,advantage endgame long,https://lichess.org/oKdx95rp/black#60,
gd7zs,1k2r3/1p1Q4/p3P2p/8/2n2r2/5P1p/PP5P/7K b - - 1 36,f4f3 d7e8 b8a7 e8f7,2084,81,92,82,advantage endgame hangingPiece master short,https://lichess.org/jWjjO449/black#72,
J8VmS,1k1r3r/1p3ppp/5n2/Q7/3q4/2N5/PPP2PPK/R4R2 w - - 0 18,a1d1 d4h4 h2g1 f6g4 d1d8 h8d8 a5d8 h4d8,1926,76,96,2515,crushing middlegame veryLong,https://lichess.org/LEC5St2g#35,Scotch_Game Scotch_Game_Other_variations
RiA3Y,1k1rr3/ppp2ppp/3b1nq1/8/8/2N1B1P1/PP2QPBP/R5K1 b - - 2 17,f6g4 e2b5 c7c6 g2c6,2072,76,93,312,advantage middlegame pin short,https://lichess.org/FlgPvOSt/black#34,Nimzowitsch_Defense Nimzowitsch_Defense_Kennedy_Variation
LIoOi,8/p7/2Q5/k5p1/P5p1/1P3pP1/5P1K/5q2 w - - 17 63,c6d5 a5b4 d5b5 f1b5,1967,76,96,996,crushing defensiveMove endgame queenEndgame short,https://lichess.org/KLCbB0g5#125,
rSgpo,r2qkb1r/ppp2ppp/3p3n/4pP2/2BnP1b1/3P1N2/PPP3PP/RNBQK2R w KQkq - 1 7,c1h6 g4f3 g2f3 d8h4,1928,77,95,13799,advantage opening short,https://lichess.org/OGkhtp7s#13,Kings_Gambit Kings_Gambit_Other_variations
PHkZt,5r2/k1b1n3/p1n1Q3/1P2p3/1PRpP3/3P2q1/4RPB1/5K2 b - - 0 38,a6b5 c4c6 e7c6 e6c6 f8f2 e2f2,1986,81,92,350,crushing long middlegame,https://lichess.org/CpNEccxe/black#76,
t6wpt,6k1/p1r2pp1/2P1p2p/3b4/1N4P1/5P1P/5K2/2R5 b - - 4 32,a7a5 b4d5 e6d5 f2e3 g8f8 e3d4,2058,75,84,177,advantage endgame long,https://lichess.org/qjR3BUip/black#64,
cEwrt,7k/6p1/4Q1p1/1Pp1b2q/2P1B3/P2PP3/3KR3/1r6 w - - 0 40,e6g6 b1b2 d2c1 h5g6 e4g6 b2e2,1980,82,91,41,advantage endgame intermezzo long,https://lichess.org/AWVLuNGq#79,
pDBft,8/4r3/3N2k1/P1P2p2/1PR4K/6PP/5r2/8 w - - 4 40,g3g4 f5f4 c4f4 f2f4,2044,76,91,1717,advantage endgame quietMove short,https://lichess.org/Jx76vrOJ#79,
wNvcH,8/1k2bp1p/r3p1p1/1p2P3/2pPNP2/1rP2PK1/3Q3P/8 b - - 7 35,a6a3 d4d5 e6d5 d2d5,2056,77,88,66,advantage endgame short,https://lichess.org/jarr37lx/black#70,
PXxDR,2r2rk1/6p1/1p1q3p/p2p4/3PR3/1QP2p2/PP3PPP/3R2K1 w - - 0 30,g2g3 a5a4 b3a4 d5e4,1962,78,89,216,advantage endgame short,https://lichess.org/gSmvWJ8T#59,
SnCAH,3R4/1p3kp1/p3rq1p/8/P7/2PQp2P/1P2K1P1/8 w - - 4 34,d8d7 f7e8 d3d4 f6f2,2093,77,94,1359,crushing defensiveMove endgame short,https://lichess.org/GyJ600Tv#67,
ezU7H,r3r2k/pppq2bp/6p1/3P1nB1/2P5/6PP/PPQ3BK/3RR3 w - - 0 25,g3g4 d7d6 h2h1 f5g3 h1g1 g7d4 d1d4 e8e1,2089,112,87,22,crushing deflection middlegame veryLong,https://lichess.org/gMm7Az6C#49,
pZvOB,r1b2k2/pR2pp1p/3p2p1/2pP4/8/3P2P1/P2NPP1P/6K1 w - - 1 25,b7c7 f8e8 d2c4 e8d8,2028,74,94,8017,crushing endgame master short,https://lichess.org/EMGMi62V#49,
pN22O,8/R3P2p/4r3/8/8/3K2P1/1p6/1k6 w - - 5 46,d3c3 b1c1 e7e8q e6e8,1906,76,88,76,crushing endgame master rookEndgame short,https://lichess.org/222LugDc#91,
ApB6j,5rk1/pp4pp/3p4/2p5/8/1P5P/q1PQ1PP1/4R1K1 b - - 0 22,a2a6 d2d5 g8h8 d5f7 f8g8 e1e8 a6a1 g1h2 a1e5 e8e5,2004,79,90,316,crushing endgame veryLong,https://lichess.org/ujgJGSFy/black#44,
VEsfN,7k/5pp1/2b1p3/q2p4/2nP1PP1/2R1P3/1rB1K2P/4Q3 b - - 1 32,a5c3 e1h4 h8g8 h4d8 c6e8 d8e8,1955,84,91,905,endgame long mate mateIn3,https://lichess.org/uK0GvAQX/black#64,
xgDk9,8/P1N5/1n4p1/6P1/8/1k1p1P2/6K1/8 w - - 0 56,g2f2 d3d2 c7d5 d2d1q,1930,109,86,39,advancedPawn crushing endgame knightEndgame promotion short,https://lichess.org/OBinrqx1#111,
LmBOd,3q1bk1/5p1p/1Pnp1Pp1/2pNr3/4r3/2R1B2P/1P3QP1/3R2K1 w - - 2 28,e3c5 d6c5 d5e7 f8e7 d1d8 e7d8,2028,76,89,170,advantage long master middlegame,https://lichess.org/fYgbxNvn#55,
kqueB,r2q1rk1/4bpp1/7Q/p2pPP2/2p1n3/7P/Pp2B3/1K1R2R1 b - - 1 24,e4c3 b1c2 e7g5 g1g5 d8g5 h6g5,1944,76,84,120,advantage long middlegame pin,https://lichess.org/zNphBF3z/black#48,
5qbdn,r1r2k2/1p1q1ppp/p3pn2/3p4/1b3P2/1PN1P1QP/PBP3P1/3R1RK1 w - - 3 18,c3d5 e6d5 b2f6 g7f6,1985,75,81,99,advantage middlegame short,https://lichess.org/6H6nAjkk#35,Benoni_Defense Benoni_Defense_Old_Benoni
D0QD9,3k4/4n3/3K2Bp/4p2P/5p2/5P2/8/8 b - - 0 51,e7g6 h5g6 d8e8 d6e5 e8e7 e5f5,2057,75,79,187,crushing endgame long zugzwang,https://lichess.org/43pyxVJC/black#102,
e4dR2,rnb2rk1/pp4pp/2pbp3/3p1p2/2PPn2q/2NBP3/PP1N1PPP/R1BQR1K1 w - - 10 10,d2f3 d6h2 f3h2 h4f2 g1h1 e4g3,1995,84,91,3281,kingsideAttack long mate mateIn3 opening,https://lichess.org/qaE0WSAC#19,Semi-Slav_Defense Semi-Slav_Defense_Accelerated_Move_Order
vxtYD,r3r3/1p1Q4/k1p4p/p1q1p3/8/1R6/PP4PP/3R3K b - - 5 37,b7b5 b3c3 a8d8 c3c5 d8d7 d1d7,2003,75,94,7127,crushing endgame long,https://lichess.org/5AnrzhmD/black#74,
zq9Mj,1r3k2/5ppp/1qp1p3/p1bpP3/Pn1N1P2/1PRP4/5QPP/1R5K w - - 15 27,c3c5 b4d3 f2c2 d3c5,1934,141,100,32,equality fork middlegame short,https://lichess.org/TWrl2csW#53,
UlMXt,2N5/2p2k2/3p1p2/p2P4/1p3P1p/1P1B3P/r1P3K1/8 w - - 0 42,c8a7 a5a4 b3a4 b4b3,1909,75,96,9673,advantage endgame pin short,https://lichess.org/s6xNXbGz#83,
JitKA,r1b1R3/ppp2kr1/3p2q1/3P3Q/1PP2P2/7P/P5P1/5RK1 w - - 2 26,h5e2 g6g2 e2g2 g7g2,2003,76,92,1272,advantage kingsideAttack middlegame short,https://lichess.org/rtWdL0ss#51,
rK8sj,4r1k1/1b1n2bp/ppq1pnp1/2p3N1/P1Q5/1P3P2/1BPP2PP/4RRK1 w - - 5 19,g5e6 b6b5 a4b5 a6b5 e6g7 b5c4,2072,81,86,83,advantage long middlegame,https://lichess.org/iQK2qC7U#37,
X9S4r,8/3k4/p2qp1p1/1pQp1pK1/1P1P1PP1/P3P3/8/8 b - - 6 37,d6e7 c5e7 d7e7 g4f5 g6f5 g5g6,2073,75,96,5395,crushing endgame long queenEndgame,https://lichess.org/cBoDJ0co/black#74,
VMXPM,8/4k3/p3p3/4P2P/R5PK/2p5/P1Nb1r2/8 w - - 5 44,a4a6 d2f4 g4g5 f2c2,2000,78,71,110,advantage discoveredAttack endgame short,https://lichess.org/y0BteJac#87,
ZV2sO,3rk2r/1b2bppp/pN1npq2/8/1pQN4/4BP2/PP4PP/R3R1K1 w k - 1 20,c4b4 d6b5 b4a4 d8d4 e3d4 f6d4 a4d4 b5d4,2073,78,91,573,crushing discoveredAttack fork middlegame veryLong,https://lichess.org/HZsUZH7G#39,
3o6oz,8/5p2/Pb1B4/5k1p/3p4/5K1P/8/8 b - - 2 44,f5e6 d6b8 e6d5 a6a7 b6a7 b8a7,1932,77,91,1000,advancedPawn bishopEndgame crushing endgame long quietMove,https://lichess.org/d6HYY63u/black#88,
aoHqZ,2r3k1/3qp2p/p2p2pB/1p4Q1/1P1P4/r7/5PK1/7R b - - 2 30,d7c7 g5d5 g8h8 d5f7 c7c6 d4d5,2053,78,91,596,crushing endgame long,https://lichess.org/prwvqJT9/black#60,
eeV1G,8/6p1/5k1p/2BP1p1P/8/3K1P2/1b6/8 b - - 0 43,b2e5 c5d4 e5d4 d3d4 g7g5 h5g6,2018,76,84,322,bishopEndgame crushing enPassant endgame long,https://lichess.org/iDj4ko1X/black#86,
TkOlL,r6k/pp4p1/2p1Rnb1/6qp/3P1bB1/2N2Q1P/PPP3K1/5R2 b - - 1 23,h5g4 f3f4 g4h3 g2h3 g5f4 f1f4,2058,76,92,3252,advantage long middlegame,https://lichess.org/MdLP3iqO/black#46,
Lyi9H,8/5pkp/R3p3/1P2KnP1/1P2R3/5r2/7p/8 w - - 0 48,e4e1 f3e3 e1e3 h2h1q,2059,76,92,523,advancedPawn crushing deflection endgame promotion short,https://lichess.org/jbEkND90#95,
i5Y1n,r7/1p2bN1k/p1p3rp/2p1P2p/5B2/5N1P/PPb2P1K/R3R3 w - - 1 24,f7h6 a8f8 e1e3 f8f4,2038,144,43,10,advantage middlegame short,https://lichess.org/MPI4coLD#47,
imeCu,8/p7/1p4p1/6k1/3Q4/3P3b/P1P2R2/4K1q1 w - - 14 47,e1e2 h3g4 e2d2 g1d1 d2c3 d1a1 c3c4 g4e6,1966,77,90,1096,crushing endgame veryLong,https://lichess.org/EMqyYTSA#93,
4yZH9,r6r/1R1b1kbp/4p1p1/2qpPpP1/p1pN4/2P4Q/2BK4/R7 b - - 1 30,f7e7 c2a4 c5c8 b7d7 c8d7 a4d7 a8a1 d7e6,2091,77,94,4733,crushing middlegame veryLong,https://lichess.org/Mvl1Dh86/black#60,
TGAM4,2R5/5p2/7p/7P/1k2PKP1/1p1r1P2/8/8 w - - 3 54,c8c7 b3b2 c7b7 b4a3 b7b2 a3b2,2065,75,87,70,advancedPawn crushing defensiveMove endgame long rookEndgame,https://lichess.org/8CZUA4L3#107,
3nlvt,r5k1/4qppp/3p1n2/n7/Q1bB4/4P1P1/5P1P/1RR3K1 b - - 2 24,c4d5 d4f6 e7e4 a4e4,2060,75,91,1810,advantage middlegame short,https://lichess.org/X2mJqwKE/black#48,
xXlWC,4r1k1/1p4p1/p4br1/3p1RPQ/3P4/2P3qP/PP6/5R1K b - - 4 32,e8e3 f5f6 g3h3 h5h3 e3h3 h1g2 g7f6 g2h3,1951,77,92,1569,advantage attraction middlegame veryLong,https://lichess.org/cpJZEl7B/black#64,
5NDKz,8/7p/8/4kP2/pp2P3/8/6P1/3K4 w - - 0 50,d1c1 a4a3 c1c2 a3a2 c2b2 b4b3,2073,79,91,1730,advancedPawn crushing endgame long pawnEndgame,https://lichess.org/jM2cCUCZ#99,
2Alg7,r5k1/2N3pp/8/n4p1q/6n1/1b5P/3bBpP1/QR3R1K w - - 0 30,c7a8 h5h3 g2h3 b3d5 e2f3 d5f3,2075,210,42,7,fork long mate mateIn3 middlegame sacrifice,https://lichess.org/YejTLT73#59,
ghjxr,r6k/1bn3p1/7p/4P3/3P1Q2/q7/2B3PP/5RK1 b - - 1 27,c7d5 f4f5 g7g6 f5g6,2004,76,83,135,crushing middlegame quietMove short,https://lichess.org/SG3W2VAo/black#54,
6DthL,4r1k1/p4rp1/1p5p/2pp4/2n1q3/3QPNP1/P5PP/2N1RRK1 w - - 6 25,f3d2 e4d3 c1d3 c4d2 f1f7 g8f7,1923,119,35,34,advantage capturingDefender long middlegame,https://lichess.org/sJZgGPD5#49,
w32y3,r1bq4/pp3pk1/2pb1np1/3p2Bp/3P4/2P2Q2/PPBN1PPP/4R1K1 b - - 0 21,d6h2 g1h2 f6g4 f3g4 c8g4 g5d8,1961,75,88,469,crushing hangingPiece long middlegame,https://lichess.org/3SpsktVh/black#42,
hPo7v,8/2k5/8/p1P3p1/P2K1p1p/7P/6P1/8 w - - 1 42,d4c4 g5g4 h3g4 f4f3 g2f3 h4h3,2090,76,95,1167,crushing endgame long pawnEndgame sacrifice,https://lichess.org/zspL0gIq#83,
J20Ox,4R3/8/8/8/6k1/5p2/1r3PK1/8 w - - 0 64,g2f1 b2b1 e8e1 b1e1 f1e1 g4h3 e1d2 h3h2,1936,86,79,36,crushing defensiveMove endgame rookEndgame veryLong,https://lichess.org/94hi8LN0#127,
Y1y8s,2br2k1/2q2p1p/1p2n1p1/2b5/2Pp3P/1N1P2P1/4RPB1/BQ4K1 b - - 1 26,c8b7 g2b7 c7b7 e2e6,1912,75,91,1321,crushing master middlegame short,https://lichess.org/LPRgW1eq/black#52,
qbtf2,2r3k1/4q1pp/6n1/2r1p3/2p5/3QP2P/4BPP1/2RR2K1 w - - 0 29,c1c4 c5c4 d3d5 e7f7 e2c4 c8c4 d5f7 g8f7,1927,75,95,996,advantage middlegame veryLong,https://lichess.org/jVxBR8JW#57,
keYhI,r1b2nk1/3pQ1p1/p3p3/1p3p1P/8/6R1/1qP3P1/4R2K b - - 0 32,c8b7 c2c3 b2g2 g3g2 b7g2 h1g2,2085,84,90,661,crushing long middlegame quietMove,https://lichess.org/rUdc8vGF/black#64,
OqoGb,8/2p5/2p3p1/8/2KPkPp1/6P1/7P/8 b - - 2 42,e4e3 c4c5 e3d3 c5c6 d3d4 c6c7,1984,81,92,2924,crushing endgame long pawnEndgame,https://lichess.org/PiLaPan1/black#84,
tO7lx,8/7p/5k2/5P2/1rp1PK2/2R5/8/8 w - - 0 52,f4e3 b4b3 e3d2 b3c3 d2c3 h7h5 c3c4 h5h4 c4d3 h4h3,2036,77,88,650,crushing endgame pin quietMove rookEndgame veryLong,https://lichess.org/sHdlVd8D#103,
EbA9J,3rqr2/p5k1/2pQ3R/4pb2/2B1P1p1/1P6/P4PpP/3R2K1 w - - 3 31,d6c7 g7h6 d1d8 e8d8 c7d8 f8d8,1931,77,32,59,crushing hangingPiece long master masterVsMaster middlegame,https://lichess.org/vEYFqwyH#61,
NWIsM,4r1k1/1bp1qpp1/p5rp/7Q/8/PPNP3P/2P2RP1/5RK1 w - - 7 30,f2e2 e7e2 h5e2 e8e2,1990,74,92,3583,crushing middlegame short,https://lichess.org/1w8JAI4r#59,
dMDGN,3rk1r1/pQ3p1p/5p2/2b1n3/8/1Pq1P3/PBP2PPP/1R3RK1 b - - 0 17,c3a5 b2e5 f6e5 b3b4,2041,75,88,814,advantage middlegame short,https://lichess.org/JCADfs3F/black#34,Queens_Pawn_Game Queens_Pawn_Game_Colle_System
FA43S,6k1/1B2n3/8/1PK2p2/8/3b4/1P6/8 b - - 0 47,d3e4 b7e4 f5e4 b5b6 g8f7 b6b7,1989,82,95,5707,advancedPawn crushing endgame long,https://lichess.org/KZO7hjWV/black#94,
4Rjl2,5k2/4p3/2p2pQ1/3q1N1p/3P4/7P/1r3K2/3R4 w - - 1 34,f2e3 d5e6 e3f4 b2f2,2044,133,0,19,crushing endgame short,https://lichess.org/wwtPUSFP#67,
sM4Zv,rnb1k2r/p1p1pp1p/1pP3p1/8/Q3pB2/2q1P3/P2R1PPP/4KB1R b Kkq - 3 15,b8c6 f4e5 c3c1 d2d1,2051,82,87,44,crushing defensiveMove middlegame pin short,https://lichess.org/CLyjYOmT/black#30,Grunfeld_Defense Grunfeld_Defense_Three_Knights_Variation
AcvAv,1krR4/pp2Q2p/8/5qp1/8/2P5/PP5P/2K5 b - - 5 33,h7h5 e7d6 b8a8 d6c7 f5f4 c7f4,2000,74,93,657,crushing endgame long pin,https://lichess.org/qeAVol7e/black#66,
iYLbC,r5k1/2pq1p1p/4p3/2Q5/4p3/Pp6/1pP2PPP/1K4NR w - - 6 25,g1h3 b3c2 c5c2 a8a3,1959,75,88,292,advancedPawn crushing endgame queensideAttack short,https://lichess.org/UT2clPEt#49,
q6ViR,6k1/p4ppp/5R2/4r2q/3p4/6Q1/P1P5/R5K1 w - - 0 28,f6d6 g7g6 d6d4 e5g5 g3g5 h5g5,1972,115,88,22,advantage endgame long pin quietMove,https://lichess.org/g3r0hVUk#55,
N5PxT,1r3r2/1b3pkp/4pRp1/4q3/2PpPN1Q/3P2PP/2n2RBK/8 b - - 4 30,c2e3 f4e6 e5e6 f6e6,1991,75,93,2251,advantage master middlegame short,https://lichess.org/B2hcTFM0/black#60,
qrEHa,8/8/8/1p6/1P1pk2r/6RP/2K5/8 b - - 3 51,h4f4 g3g4 f4g4 h3g4 e4e3 c2d1,2064,76,95,109,crushing defensiveMove endgame long rookEndgame,https://lichess.org/NZKrlY7x/black#102,
jsTUm,4r1k1/1p3p2/p6p/3p4/5nP1/6P1/PP6/3R1BK1 b - - 0 28,f4e2 g1f2 e2g3 f2g3,1904,76,80,187,advantage defensiveMove endgame master short,https://lichess.org/rkYKhNnU/black#56,
DTQBd,r2q1rk1/pbb2pp1/1p3n1p/2p1P3/2Bp1N2/P2P1P2/2PB2PP/R3QRK1 b - - 0 16,c7e5 e1e5 f8e8 e5f5,1952,79,89,1033,advantage hangingPiece middlegame short,https://lichess.org/RfkmWhc6/black#32,Four_Knights_Game Four_Knights_Game_Italian_Variation
PHsFy,8/5k1Q/p7/2pP2B1/8/7P/1Pr1q1P1/6K1 b - - 6 34,f7e8 h7g8 e8d7 g8d8,1912,75,96,875,endgame mate mateIn2 short,https://lichess.org/35sgskOW/black#68,
3n54a,r4k2/ppp2p1p/3pb3/2bNp1Q1/2qnP3/7N/PPPP2PP/R1BK3R w - - 7 14,g5h6 f8e8 d5f6 e8e7 h6h5 c4c2,1911,76,90,650,crushing long middlegame,https://lichess.org/tbPmFyN8#27,Vienna_Game Vienna_Game_Stanley_Variation
DfRjs,r7/1pkn4/2pp1RQR/4q3/4P1P1/pP4K1/P7/8 w - - 6 37,f6f4 a8f8 g6d6 e5d6 h6d6 c7d6,1914,75,86,334,crushing endgame long,https://lichess.org/pbUPNkOO#73,
p5IL3,8/pp4pk/2p5/P6b/4rq2/3QN2P/5P2/4R1K1 b - - 1 36,f4g5 e3g4 h5g6 e1e4 g6e4 d3e4,2080,78,88,345,advantage defensiveMove discoveredAttack endgame long pin,https://lichess.org/4snuKv9r/black#72,
lISRp,1Q6/5ppk/1p1np2p/1Pp1N2P/2P3Pn/8/1B2qP2/6K1 w - - 3 37,b8d6 e2e1 g1h2 e1f2 h2h3 f2g2 h3h4 g2h2,2097,85,89,414,deflection endgame fork master mate mateIn4 sacrifice veryLong,https://lichess.org/UiV7JFhI#73,
IR6vb,r4b1r/pp1k1ppp/2p2n2/3p4/N2P4/1P4P1/1Pb1PPBP/R1B2RK1 b - - 1 13,c2b3 a4b6 d7c7 b6a8,1908,75,90,313,crushing master masterVsMaster middlegame short,https://lichess.org/W83cpWzH/black#26,Kings_Indian_Attack Kings_Indian_Attack_Yugoslav_Variation
VA8CQ,r3r1k1/p1pb1p2/1p1p4/3Pb1p1/2P1PNqN/1P1Q2P1/P4R1P/5RK1 w - - 0 26,h4f5 d7f5 h2h3 f5e4 h3g4 e4d3,1905,82,89,180,advantage long middlegame,https://lichess.org/lrlbFW6l#51,
Kk2up,r4r2/1b4pk/3bp1pp/p2p4/Pp1PPN2/4P3/1PQB1KPq/2R1R3 b - - 3 24,g6g5 e4e5 h7h8 e1h1 h2h1 c1h1,1951,89,89,66,advantage discoveredAttack discoveredCheck long middlegame trappedPiece,https://lichess.org/nvljmYzB/black#48,
9Oxea,2r2r2/7k/3b2p1/ppqBn1Pp/P6P/1P1Q4/1B3R2/1K3R2 w - - 0 32,b2e5 f8f2 d5g8 c8g8,1964,85,87,33,crushing middlegame short,https://lichess.org/AdnBwib7#63,
DiUqM,8/3r1pk1/3P1bp1/2NR3p/1p5P/3Q1PPK/8/q7 w - - 2 51,h3g2 d7a7 d3d1 a7a2 g2h3 a1b2,2076,75,92,1624,crushing defensiveMove endgame long master quietMove,https://lichess.org/Oqs7xYCK#101,
Dfeu4,1r3r2/1p5k/p1bP3p/P1P2qp1/4p3/1Q4PP/3B4/1R3RK1 b - - 0 29,f5h3 f1f7 h7g6 b1f1 h3f1 f7f1 f8f1 g1f1,2091,74,90,201,clearance collinearMove crushing master middlegame quietMove veryLong,https://lichess.org/1DEnOEkR/black#58,
huwKO,2kr1b1r/p4ppp/q1p2n2/1p6/2p2P2/2NnPQP1/1P1B2BP/R4RK1 b - - 4 16,a6b7 a1a7 b7a7 f3c6,2021,76,70,88,advantage deflection middlegame queensideAttack sacrifice short,https://lichess.org/fKiLIfTE/black#32,Queens_Pawn_Game Queens_Pawn_Game_Other_variations
4SBl7,8/6p1/5pP1/2p5/1nBkPK2/1P6/8/8 b - - 6 56,b4d3 c4d3 d4d3 e4e5 f6e5 f4e5,1987,78,92,3073,crushing endgame long,https://lichess.org/sikXW4WM/black#112,
qJjcX,8/7p/2p3p1/2Pk4/p3pP2/4K1P1/1P5P/8 w - - 0 42,h2h4 h7h5 g3g4 h5g4 f4f5 g6f5,2032,78,92,350,crushing endgame long pawnEndgame quietMove,https://lichess.org/X2sbXLO5#83,
esCUw,r3k1nr/1pqB1ppp/p2bp3/3pn3/3N4/6B1/PPP2PPP/RN1QR1K1 b kq - 0 11,e5d7 d4e6 f7e6 e1e6,1969,75,87,1012,advantage opening short,https://lichess.org/FG0pamEJ/black#22,French_Defense French_Defense_Advance_Variation
fi4NV,2r2k1r/1p1Q1ppp/p3pq2/8/8/P7/1P2B2P/K2R4 b - - 0 21,c8c2 d7d6 f6e7 d6b8 e7e8 d1d8,2079,76,87,207,advantage clearance endgame long pin,https://lichess.org/YobpVAON/black#42,
dZE40,8/6pp/1p6/4p3/4k2P/6P1/PP2K3/8 b - - 0 36,g7g6 a2a4 e4d4 b2b4,1986,120,0,19,crushing defensiveMove endgame pawnEndgame quietMove short,https://lichess.org/aIp6lFb7/black#72,
bBlaO,8/6R1/1p5p/p7/5k2/3K2NP/r5P1/3n4 b - - 5 40,a2g2 g3h5 f4f5 g7g2,2077,97,79,27,crushing discoveredAttack endgame short,https://lichess.org/9LLNzG3A/black#80,
4yY1h,3rr1k1/ppp1bppp/3p1n2/1Q2nq2/8/1BN4P/PPP2PP1/R1B2RK1 b - - 2 14,b7b6 f2f4 e5f3 f1f3,1901,74,93,7157,advantage middlegame short,https://lichess.org/Ii0FQH3d/black#28,Scotch_Game Scotch_Game_Benima_Defense
0C50u,3rr1k1/pp2qp1p/1npR1bp1/8/4P3/1PN2NP1/P1P1QP1P/2KR4 w - - 0 19,d6d8 e7a3 c1d2 e8d8 d2e1 f6c3,1929,75,95,10876,crushing interference intermezzo long middlegame queensideAttack,https://lichess.org/rHqdlstz#37,Pirc_Defense Pirc_Defense_Other_variations
1GW6n,5r1k/p5pp/1q6/5p2/2Bbp3/2P5/PP1Q1PRP/2K5 b - - 0 27,d4f2 d2f2 b6f2 g2f2,1958,74,89,1018,advantage endgame short,https://lichess.org/3ETMbK2E/black#54,
kiKfu,r1bq1rk1/pppp1ppp/2n5/2bN4/2Bpn3/3Q1N2/PPP2PPP/R1B2RK1 b - - 5 8,f8e8 f1e1 c6b4 d5b4,2087,77,89,1033,crushing opening short,https://lichess.org/8ZPXqHeX/black#16,Four_Knights_Game Four_Knights_Game_Scotch_Variation
4D8W1,8/pp1Nbpkp/6p1/2p5/2r5/2P2R2/P5PP/6K1 b - - 7 33,a7a6 d7e5 c4a4 f3f7 g7g8 f7e7,1986,76,97,131,advantage endgame fork long,https://lichess.org/YU6sRnK2/black#66,
0gUCz,5rk1/5ppp/ppQ5/4P3/1P6/P3q1P1/3r1RKP/5R2 w - - 1 39,e5e6 f7e6 c6e6 e3e6,1981,78,77,41,crushing endgame short,https://lichess.org/jXcLtWpQ#77,
64V4X,4r1k1/rp3pp1/p1n3b1/2PNn1q1/1PBp3p/PQ5P/3R1PPB/3R2K1 b - - 3 26,g6e4 f2f4 e5c4 f4g5,1921,75,87,366,advantage fork master middlegame short,https://lichess.org/VCtyAL4a/black#52,
coOUO,3r2k1/1R3p1p/p5p1/3Nqn2/8/P4Q1P/5PP1/6K1 w - - 3 30,d5b4 e5e1 g1h2 d8d1 b7b8 g8g7 f3d1 e1d1,1907,78,89,2554,crushing endgame quietMove veryLong,https://lichess.org/vnj2V4LO#59,
fUbjW,8/6b1/3k4/1P1NpK2/2P2p1p/6p1/5PPP/8 w - - 0 31,h2g3 f4f3 g2f3 h4h3 b5b6 d6c6,2006,77,92,576,advantage endgame long,https://lichess.org/BVgAzMp0#61,
WLHMr,7k/1q1r2bp/2n1N1p1/4n3/2r1P3/Q5P1/5PBP/2B2RK1 b - - 4 26,c4c3 a3c3 c6d4 e6d4,1937,88,71,22,advantage hangingPiece master middlegame short,https://lichess.org/cZmHHcC2/black#52,
uHFw2,1q3rk1/5pp1/p2p3p/2pR1P2/5P2/b3B2P/2PQ2P1/6K1 w - - 0 24,d5d6 a3c1 d2c1 b8d6,2012,79,91,946,crushing deflection endgame short,https://lichess.org/rmqkdsaO#47,
rzSFV,5rk1/6b1/p1n4p/1p1n1b2/2pN1Bpq/P1PP4/1P1Q1PP1/RB2R1K1 b - - 0 26,g7d4 c3d4 d5f4 d2f4,2059,75,91,1817,advantage middlegame short,https://lichess.org/kEEdyDcD/black#52,
ErAfs,2kr4/p3qp2/1pr1b2p/P5p1/5p2/5Q2/1R3PPP/1R4K1 b - - 1 28,e6f5 f3c6 e7c7 c6a8,1906,76,91,1413,crushing hangingPiece middlegame queensideAttack short,https://lichess.org/uRLO2zS3/black#56,
pk72Y,2k5/pp1b1p2/2p1p3/6Q1/2Pq3r/8/PP1B1PBb/2KR4 b - - 1 20,h2e5 g5g8 c8c7 d2a5 b7b6 d1d4,2087,81,93,11065,advantage discoveredAttack long middlegame,https://lichess.org/N2eXnjLS/black#40,
nTJPL,8/5p1k/7p/2Q5/2P5/1P1q4/r2p1PP1/5RK1 w - - 1 32,c5d5 d3d5 c4d5 a2c2 f1d1 c2c1 g1f1 c1d1,2074,76,92,3512,crushing endgame master pin quietMove veryLong,https://lichess.org/jYUVWF0O#63,
vdBk3,2r3k1/pb1qp1b1/1pn1p1B1/3n2N1/3P4/P7/1P1B2PP/R4QK1 b - - 0 21,c8f8 g6f7 f8f7 f1f7,1979,77,91,459,crushing kingsideAttack master middlegame short,https://lichess.org/qINe3m3x/black#42,
wbRGe,8/1p3pk1/6P1/p1r2P1P/3N4/2PK4/8/8 b - - 0 39,a5a4 h5h6 g7h6 g6f7 c5c8 d4e6 a4a3 d3c2 a3a2 c2b2,2064,75,95,1661,advancedPawn crushing deflection endgame quietMove veryLong,https://lichess.org/Zb6FuPAr/black#78,
x7gff,1rb2rk1/ppN2ppp/2n2n2/8/2Pp4/3B1NRq/PP1Q1P1P/R3K3 b Q - 3 15,h3d7 g3g7 g8g7 d2g5 g7h8 g5f6,1934,76,91,605,attraction crushing deflection kingsideAttack long middlegame sacrifice,https://lichess.org/g9v1ZeA2/black#30,Ponziani_Opening Ponziani_Opening_Other_variations
7B5bu,2qr2k1/5pp1/RQp2n1p/4p1n1/2N1P3/2P2BPP/1P3P2/6K1 w - - 1 26,f3g2 d8d1 g1h2 f6g4 h3g4 c8g4,2036,91,83,24,crushing kingsideAttack long middlegame sacrifice,https://lichess.org/DNuYd9G1#51,
2YBKP,r2q1rk1/2pp1ppp/1pn3b1/p3n1N1/2P5/2Q1B1PP/PP3PB1/R2R2K1 b - - 0 20,d8f6 f2f4 e5c4 c3c4,2010,84,47,35,advantage master middlegame short,https://lichess.org/6kfAhDPy/black#40,
8EqKe,3R2k1/b7/p3pr2/p1q3p1/2r1P3/P5Q1/1P3P1P/3R2K1 b - - 1 34,g8g7 d1d7 f6f7 d7f7 g7f7 g3f3,1924,76,84,82,attraction crushing exposedKing long middlegame,https://lichess.org/JKSwVDeR/black#68,
OMqzt,3r2k1/7p/3q2p1/8/P7/1P4P1/5PP1/1BQ3K1 w - - 1 39,b1a2 d6d1 c1d1 d8d1 g1h2 d1a1,1928,74,79,84,crushing endgame long,https://lichess.org/jAMwHlH8#77,
uOH1C,r1b4r/pp1nbkNp/1qp2n2/8/3P4/5N2/PPP1QPPP/R1B1K2R b KQ - 2 11,d7f8 f3g5 f7g8 e2e7,2029,76,93,819,crushing deflection opening short,https://lichess.org/iyteIP9g/black#22,Caro-Kann_Defense Caro-Kann_Defense_Karpov_Variation
SkeUg,8/8/5p2/2k2P1K/8/8/8/8 b - - 3 40,c5d6 h5h6 d6d5 h6g7 d5e5 g7g6 e5e4 g6f6,2027,74,95,2692,crushing endgame pawnEndgame veryLong zugzwang,https://lichess.org/SgBSvKRP/black#80,
wkhYv,3rr1k1/pppQ2pp/8/4bp2/8/2P4P/PP2RPP1/R1B3K1 w - - 1 18,d7b5 d8d1 e2e1 d1e1 b5f1 e5h2 g1h2 e1f1,1912,76,95,333,crushing kingsideAttack middlegame pin veryLong,https://lichess.org/wUd5WUSC#35,Queens_Pawn_Game Queens_Pawn_Game_Chigorin_Variation
u1Q6M,b2r1r1k/p5qp/4p1p1/4N1Rn/4P3/1PQ2P2/P4P1P/6RK w - - 4 29,g5g6 h7g6 e5g6 h8h7 g6f8 g7f8,1918,93,87,20,crushing long master middlegame,https://lichess.org/U6lLkqUh#57,
K34CN,8/7p/2p1k1p1/1p1b1p2/5P2/2P3P1/1P1N1K1P/8 w - - 0 38,d2f3 d5f3 f2f3 e6d5 b2b3 b5b4 c3b4 d5d4,1956,111,83,28,crushing defensiveMove endgame veryLong,https://lichess.org/Vkefb0XJ#75,
UV9Gp,r5k1/1pp3p1/p3p1Np/3P2n1/5R2/q2P2PP/2P1Q2K/8 b - - 0 27,e6d5 h3h4 a3d6 g6e7 g8h7 h4g5,2089,78,90,1962,advantage endgame long,https://lichess.org/ELaGb1sK/black#54,
2QlRo,3r2k1/5p2/p4Ppp/1pp1p2q/4Q3/nPP3P1/P1BrR2P/4R2K w - - 1 30,e2d2 d8d2 e4a8 g8h7 c2g6 h5g6,1975,75,92,793,crushing long middlegame,https://lichess.org/67xwJwMT#59,
SCqB6,2r2rk1/2b2p2/pp2q1p1/4P2R/3p1P1P/3P1Q2/PP3P2/6RK b - - 0 27,g8g7 f4f5 e6e5 f5f6 e5f6 h5h7 g7h7 f3f6,1907,73,93,9959,advantage deflection middlegame pin sacrifice veryLong,https://lichess.org/huWJMOKN/black#54,
yRmXv,8/8/8/ppK2kpp/8/1PP3PP/8/8 b - - 1 40,h5h4 g3h4 a5a4 b3a4,2070,74,95,996,crushing endgame pawnEndgame short,https://lichess.org/zJWSIl1L/black#80,
Mcnyi,r3k1nr/p2b1ppp/1pn1p3/qQ1pP3/P1pP4/2P2N2/2PB1PPP/R3KB1R b KQkq - 1 11,c6d4 c3d4 a5b5 a4b5,2081,76,84,68,advantage hangingPiece opening short,https://lichess.org/CwoYmcOO/black#22,French_Defense French_Defense_Winawer_Variation
wM5Xy,r3r1k1/p1R2p1p/4p1p1/1p6/q2P4/BbP3P1/3Q1P1P/R5K1 b - - 3 29,a7a5 a3b2 a4a1 b2a1,2037,75,88,63,advantage middlegame quietMove short trappedPiece,https://lichess.org/K2AzlsuG/black#58,
uepE9,8/pp6/2p3p1/1q2P2r/3P1P2/2P2k2/P2KN3/3Q4 b - - 5 35,b5b2 d2d3 f3g4 d1g1 g4f5 e2g3 f5e6 g3h5,2067,76,87,224,crushing defensiveMove endgame fork veryLong,https://lichess.org/LxK6hD8I/black#70,
9J5ca,1k5r/p1p1q3/1pQ5/1P3Rrp/2P5/7P/1P4P1/3R3K w - - 3 34,d1d7 e7e1 h1h2 e1g3 h2g1 g5f5,2012,75,95,13810,crushing endgame long,https://lichess.org/7q1MsxIW#67,
0CLEo,2br1k2/pp2q3/2p3Rr/5p2/3pnN2/1P2PQ1B/P3K3/2R5 b - - 1 33,e4c3 c1c3 d4c3 g6h6 d8d2 e2e1 e7a3 f4e2 d2e2 f3e2 a3c1 e1f2,1942,140,86,10,advantage master middlegame veryLong,https://lichess.org/ORTRZvyb/black#66,
zEpLV,4r3/ppp4P/5p2/8/6P1/P2Kpk2/8/4R3 b - - 0 40,f3g4 e1g1 g4f4 g1g8,1989,81,92,990,crushing endgame rookEndgame short,https://lichess.org/j69HCPgD/black#80,
KKMz0,8/8/1Bk5/5p1p/1p1P1KpP/8/2b5/5N2 w - - 2 46,f1e3 c6b6 e3c2 b4b3,2003,83,84,34,advantage endgame short,https://lichess.org/NWttWydY#91,
rxCt5,1k1r3r/Np5p/2p1pb2/3q1p1p/2QP1B2/P4P2/1PP1KP2/3R4 b - - 2 26,b8a7 c4a4 a7b6 c2c4 d5a5 f4c7 b6c7 a4a5,2065,79,92,5912,advantage attraction deflection master middlegame veryLong,https://lichess.org/XjWtl36D/black#52,
mDD5y,r3r1k1/p1q1pp1p/5npB/2p1b1N1/8/P4Q2/1PP3P1/R4R1K b - - 3 20,e5b2 f3b3 c5c4 b3b2,1987,74,95,12413,advantage middlegame short,https://lichess.org/lMcFv1yS/black#40,
1PUC7,4r1k1/6p1/1p1q3p/pPpb4/P2bB1N1/3P3P/4Q1P1/5R1K w - - 4 31,e4h7 g8h7 e2e8 d6g3 e8e4 d5e4,1917,83,88,46,crushing long middlegame sacrifice,https://lichess.org/HArNFlGB#61,
3yAvF,4rrk1/1b6/p1n1p1p1/1pB2pN1/8/3B4/P1P2K1R/8 b - - 3 28,c6e7 c5d4 e6e5 d4e5,1974,89,77,27,crushing middlegame quietMove short,https://lichess.org/NZbcUUTy/black#56,
bEMwF,r5k1/2p3p1/p1n4p/6qP/1b1PP1N1/8/1P2N1P1/R2Q1K2 w - - 1 23,e2c3 a8f8 f1g1 c6d4,2095,77,87,147,crushing middlegame short,https://lichess.org/ElyyLZW3#45,
1hJzW,8/8/6p1/2Pk3p/1P2p2P/3pK1P1/8/8 w - - 2 51,e3f2 d3d2 f2e2 e4e3,1916,78,80,67,advancedPawn crushing endgame master pawnEndgame short zugzwang,https://lichess.org/6jlMGnsy#101,
nHjOp,2kr3r/ppp1bpp1/q5p1/1N1pP3/3Bn1P1/1P5P/P1P1QP2/2KR3R w - - 3 18,b5a7 a6a7 d4a7 e7a3 c1b1 e4c3 b1a1 c3e2,1901,78,80,78,crushing fork middlegame sacrifice veryLong,https://lichess.org/J1MWTWl7#35,French_Defense French_Defense_Knight_Variation
2tBlY,2r2rk1/pp2q2p/2p3p1/3p4/2Pn1b2/3B4/PP1B1PPP/R2Q1RK1 w - - 6 20,f1e1 f4h2 g1h2 e7h4 h2g1 h4f2,1960,74,85,100,attraction crushing kingsideAttack long middlegame sacrifice,https://lichess.org/Ibilg2xA#39,
k81dq,2r2k2/3QN1pp/8/4Pp2/4p3/Pq5P/2r3P1/2B2RK1 b - - 0 30,c2g2 g1g2 c8c2 c1d2 c2d2 d7d2,2034,76,92,732,crushing hangingPiece long middlegame,https://lichess.org/PgDeLhIZ/black#60,
BpjyG,8/4rkp1/p1P1nbq1/8/2R5/1Q6/P4P2/3R1K2 b - - 12 41,f7g8 c6c7 e7c7 c4c7,2028,92,72,27,advancedPawn advantage master middlegame pin short,https://lichess.org/lIrtgVyX/black#82,
Pmkfs,r1b2rk1/6p1/p3p2p/1p1p4/8/P4N1R/2Q2PPP/q3R1K1 b - - 3 29,a1a3 f3g5 f8f5 h3a3,1974,75,96,2480,crushing discoveredAttack middlegame short,https://lichess.org/pqqPwmwd/black#58,
gZ5L5,5qk1/p2br3/1ppQ4/2Pp3B/3P2p1/2N5/PP3P1P/6RK w - - 0 29,h2h3 f8f3 g1g2 e7e1 h1h2 f3h3,2070,76,90,827,exposedKing kingsideAttack long mate mateIn3 middlegame,https://lichess.org/2Fkc2PrC#57,
62dtA,8/3k4/p3p1p1/1p2Pp1p/3P1P2/1P1K3P/5P2/8 w - - 1 32,d3c3 a6a5 d4d5 e6d5,1963,78,92,1569,crushing endgame pawnEndgame quietMove short,https://lichess.org/pbmWHHxo#63,
4TbWx,Q3R3/1pp5/p1p3p1/Pk4qr/1P1P4/2P3p1/5P1P/6K1 w - - 1 32,a8b7 b5a4 b7c6 a4a3 f2g3 g5c1,1987,76,92,1309,crushing endgame long sacrifice,https://lichess.org/R9p8h7zX#63,
MowOS,r2k3r/1p1b1pp1/p1nQ2p1/8/5P2/2N1q3/PPP3PP/R3R2K b - - 2 17,e3d4 c3d5 d4d5 d6d5,1929,75,88,193,crushing middlegame quietMove short,https://lichess.org/7V90sn9E/black#34,Scotch_Game Scotch_Game_Other_variations
V5bNo,r3k2r/2pq1pb1/p2p2pp/1p4Bn/1P2P2N/PQPP4/5RPP/R5K1 w kq - 0 20,b3d5 c7c6 d5b3 h6g5,2054,80,78,37,crushing middlegame short,https://lichess.org/zGIk6UzE#39,
8gwo0,3r1k2/pp1P2p1/1qp3p1/2b1p1B1/Q1P1n3/8/PP2B1PP/3R3K w - - 0 23,g5d8 e4f2 h1g1 f2d1 g1h1 d1f2,1977,76,89,969,crushing discoveredAttack discoveredCheck fork long middlegame,https://lichess.org/76mS2Pai#45,
CjRkp,3r3k/4Rpp1/p2r2bp/1p1pN3/7P/P7/1P1R1PP1/6K1 b - - 0 33,d6e6 e7e6 f7e6 e5g6,1989,75,96,803,advantage capturingDefender endgame short,https://lichess.org/8nYbRN6u/black#66,
cJN5z,2r3k1/p4p1p/1p3np1/n2p4/3P4/P3PPN1/3B2PP/1R3bK1 w - - 0 22,d2a5 f1d3 b1d1 d3c2 d1e1 b6a5,1927,75,87,116,crushing endgame long master,https://lichess.org/tC3vtoKi#43,
UZxwY,5k2/1p6/p5P1/P1p3Kp/7P/8/8/8 w - - 0 48,g5h5 c5c4 h5h6 f8g8 h6g5 c4c3,1900,74,97,2530,crushing endgame long pawnEndgame quietMove,https://lichess.org/wrDrLddw#95,
xSTfS,8/5p2/p2k4/1p1P1P2/2p1K3/P7/1P6/8 b - - 0 43,f7f6 e4d4 a6a5 a3a4 c4c3 b2c3,2000,78,92,1730,crushing endgame long pawnEndgame,https://lichess.org/BYOtnlll/black#86,
UZNm9,1q4k1/6pp/p5r1/P2pQ3/3P1Pr1/8/3R2P1/5RK1 b - - 4 35,b8b5 d2b2 h7h6 b2b5,1944,75,89,599,crushing endgame short,https://lichess.org/73FypL7D/black#70,
iODxg,r4rk1/2p1q1pp/p1pb1n2/3p1Q2/3Np3/1P2P2P/PBPP2P1/R4RK1 b - - 5 15,f6d7 d4c6 f8f5 c6e7 d6e7 f1f5,1990,77,93,9586,crushing kingsideAttack long master middlegame,https://lichess.org/KapaI4lT/black#30,Nimzo-Larsen_Attack Nimzo-Larsen_Attack_Modern_Variation
bbVZn,8/6p1/1p4P1/p3Kp2/P4Pk1/8/8/8 b - - 0 51,b6b5 a4b5 a5a4 e5d4 a4a3 d4c3 a3a2 c3b2 a2a1q b2a1,2086,75,90,142,crushing endgame pawnEndgame veryLong,https://lichess.org/2j22JuwJ/black#102,
Uraf4,r2qk1nr/ppp1bppp/2n5/3bP3/5P2/4P3/PP4PP/RNBQKBNR w KQkq - 1 7,b1c3 e7h4 g2g3 d5h1,1955,76,97,729,advantage opening short,https://lichess.org/QlDkdgEX#13,Queens_Gambit_Declined Queens_Gambit_Declined_Albin_Countergambit
6RJoQ,1r4k1/5pp1/b4B2/3p4/K1r5/P2n1Q1P/5P2/6RR w - - 3 32,a4a5 c4a4 a5a4 d3c5 a4a5 b8b5,2045,73,94,15698,attraction long mate mateIn3 middlegame operaMate sacrifice vukovicMate,https://lichess.org/wA2rM1Or#63,
507II,8/8/k2p2p1/3Pp2p/1PK1P2P/8/8/8 w - - 1 52,b4b5 a6a5 c4b3 a5b5,1922,76,89,1673,crushing defensiveMove endgame pawnEndgame short zugzwang,https://lichess.org/tZALBuwl#103,
CsdID,8/5k2/p2p3p/2pP4/2PnBP2/1P5P/5K2/8 w - - 0 40,b3b4 c5b4 f2e3 d4b3,1983,75,88,597,advantage defensiveMove endgame short,https://lichess.org/ynHTMhIx#79,
lx93i,r4rk1/ppp3pp/1b1q4/4n1B1/4Q1b1/PNN5/1PP2PPP/R4RK1 w - - 1 16,g5f4 f8f4 e4f4 e5f3 f4f3 g4f3,1949,75,94,2720,advantage kingsideAttack long middlegame sacrifice,https://lichess.org/I1PTVXTh#31,Kings_Knight_Opening Kings_Knight_Opening_Normal_Variation
S3575,8/2p4R/1kP3p1/3Ppp2/1r6/1Bp2KP1/7P/8 w - - 1 43,d5d6 b4b3 d6c7 c3c2,1927,77,92,773,advancedPawn crushing discoveredAttack discoveredCheck endgame short,https://lichess.org/nH93qK8k#85,
t27Hy,r2q1rk1/pb1nnpp1/1p2p2p/8/3N4/P1N1P3/BP3PPP/2RQ1RK1 b - - 0 15,e7c6 d4e6 f7e6 a2e6,1939,81,88,108,advantage kingsideAttack master opening short,https://lichess.org/c8FxZvCP/black#30,Queens_Gambit_Declined Queens_Gambit_Declined_Tartakower_Defense
81sMO,6r1/5Nk1/1R2p3/2Pp4/3PbPPK/3q3P/5Q2/8 w - - 15 52,f7g5 g8h8 g5h7 e4h7 f4f5 h7f5 h4g5 d3h3,2056,170,86,14,crushing deflection discoveredAttack discoveredCheck endgame veryLong,https://lichess.org/ttAD1iNv#103,
u0g21,2kb3r/2pn2pp/p1Q5/8/P3Pq2/2N2P2/1r4PP/1R3RK1 b - - 1 23,b2b1 f1b1 f4e3 g1h1,1945,76,91,1599,advantage middlegame short,https://lichess.org/uiN8i70H/black#46,
0Cg0N,rn1q1b1r/4k1p1/2p2nQp/3p4/3P4/P7/1PP2P1P/R1BKR3 b - - 1 17,e7d6 c1f4 d6d7 g6f5,1951,79,83,104,mate mateIn2 middlegame short,https://lichess.org/1OKXDzyb/black#34,French_Defense French_Defense_St_George_Defense
ljSjc,2r3kr/4qp2/b3p1p1/p2RQ3/1p1P4/2P4P/PPB3P1/4R1K1 w - - 2 29,d5a5 h8h5 e5h5 g6h5,1950,74,93,293,advantage middlegame short,https://lichess.org/5VsIhOxu#57,
ZJcuX,r3k2r/2q1bppp/p1pp1n2/4p3/1P4b1/2Q2NP1/P1P2PBP/R1B1R1K1 b kq - 0 15,h7h5 f3e5 d6e5 c3c6 c7c6 g2c6 g4d7 c6a8,2011,79,91,2704,advantage fork middlegame veryLong,https://lichess.org/prwxznzR/black#30,Sicilian_Defense Sicilian_Defense_Closed
PD1cQ,4r1k1/1b4p1/1p1p1pN1/3PnB1p/r1P5/Pn4BP/5PP1/R1R3K1 w - - 10 30,f5e6 e8e6 d5e6 e5g6 a1b1 b3c1,2008,91,56,38,advantage long middlegame,https://lichess.org/bkm2VquW#59,
rNogP,rn3r2/pbq1n1kp/1p2ppp1/8/2pQ4/1P2PNP1/P4PBP/RNR3K1 b - - 1 15,b8a6 f3g5 a6c5 d4c5 c7c5 g5e6 g7f7 e6c5,2056,84,74,63,advantage attraction capturingDefender fork middlegame pin sacrifice veryLong,https://lichess.org/kCmRbUT1/black#30,Zukertort_Opening Zukertort_Opening_Kingside_Fianchetto
6b5jv,8/pp2kppp/3R4/8/PPr2n2/2P2P1P/5KP1/2R5 w - - 0 36,d6d4 c4d4 c1e1 e7d6 c3d4 f4d3 f2f1 d3e1,2009,79,90,1168,advantage endgame fork veryLong,https://lichess.org/J08Ugytg#71,
mB7zi,r2nR3/2p3kp/p5p1/1p1P4/6Pq/P4Q2/1PPK4/8 b - - 3 39,h4g5 d2d1 g5f6 e8g8 g7f7 g8f8 f7f8 f3f6,1925,74,94,9271,advantage attraction defensiveMove deflection endgame pin veryLong,https://lichess.org/XChRmYkr/black#78,
YNdBe,3r1q1k/1bp3pp/p3B3/1p2P2Q/4p3/1PB1b3/P5PP/1R5K b - - 3 23,f8c5 e6f5 e3h6 e5e6 c5c3 e6e7,2088,75,94,2231,advancedPawn crushing long master middlegame sacrifice,https://lichess.org/vPojVmbK/black#46,
BiLi4,3r1rk1/1p3ppp/p1nN1b2/3Qq3/2B5/6P1/PPP2P1P/R4RK1 w - - 3 18,d6f7 e5d5 c4d5 d8d5,1970,79,69,63,advantage middlegame short,https://lichess.org/JWfP6gzV#35,Sicilian_Defense Sicilian_Defense_Najdorf_Variation
5te5o,2q3k1/4p3/p2pNbpp/1p1P1p2/5P2/1Q2B3/1P4PP/6K1 w - - 0 27,e3d4 c8c1 g1f2 c1d2 f2f1 f6d4 e6d4 d2d4,1969,77,95,957,advantage endgame veryLong,https://lichess.org/HenhurJW#53,
WRlqS,r5k1/N1p3pp/Qp1p2r1/3P4/4Np1q/4pP1P/PPP3P1/R4RK1 w - - 1 21,a6b7 h4h3 b7a8 g8f7 e4d6 c7d6 a8b7 f7f6 b7e7 f6e7,2066,77,92,1759,crushing middlegame pin sacrifice veryLong,https://lichess.org/eBsS9s6v#41,
aoiHA,1r5k/pp1N1Q1p/q2r2p1/n4p2/3P4/P1P1P3/1P4PP/2KR4 b - - 2 21,b8d8 d7f8 a5b3 c1b1 d6d7 f8d7,2003,76,88,157,crushing defensiveMove long middlegame,https://lichess.org/hPTzA2Qv/black#42,
rLrJL,r1bqk2r/pp2bppp/4p3/3n2B1/7Q/5N2/PP2PPPP/R2K1B1R w kq - 0 11,g5e7 d5e3 d1c1 d8d1,2013,82,91,1712,discoveredCheck doubleCheck mate mateIn2 opening short,https://lichess.org/Wlc3WCI3#21,Indian_Defense Indian_Defense_Anti-Nimzo-Indian
Xwh3d,4k3/1p1R2p1/1pp1P3/5P2/4r3/6K1/8/8 b - - 0 43,e4e5 g3f4 e5e1 d7g7,1909,75,94,8588,crushing endgame master rookEndgame short,https://lichess.org/rRVj0Gaw/black#86,
f6mZ3,7k/6p1/p2RB3/r4P2/2P5/1r2b3/7P/4R1K1 w - - 1 36,g1g2 a5a2 g2f3 e3c5 f3e4 c5d6,1958,85,73,35,advantage discoveredAttack discoveredCheck endgame long,https://lichess.org/WSuTLF2Z#71,
ZTtv8,r1b1r2k/1pp2ppB/8/p1n1P1N1/8/P7/1P4PP/R4RK1 w - - 0 22,f1f7 c5e6 h7g6 e6g5,1991,80,92,120,advantage middlegame short,https://lichess.org/b1XsJidV#43,
deLxE,1r4k1/R6p/PNp3p1/2p5/3br3/7P/R4P2/6K1 b - - 0 32,c5c4 a7b7 b8b7 a6b7,2004,75,88,90,advancedPawn advantage endgame master short,https://lichess.org/85iUxI7J/black#64,
E75ci,8/8/3k3K/6P1/pppp4/P1P5/1PP3P1/8 w - - 0 42,c3d4 c4c3 b2c3 b4a3 g5g6 a3a2 g6g7 a2a1q g7g8q a1h1 h6g6 h1g2,1910,79,90,1628,advancedPawn crushing deflection endgame interference pawnEndgame promotion veryLong,https://lichess.org/7onjK49y#83,
SgXaR,3r2k1/6p1/6Np/3R1Q2/p7/2q3P1/7P/7K b - - 0 44,d8d5 g6e7 g8h8 f5f8 h8h7 f8g8,2063,77,88,1034,endgame fork long mate mateIn3,https://lichess.org/dVw8UkQN/black#88,
Zk6Kl,r4rk1/3p2p1/ppb1pq1p/6n1/P7/3BB3/1PP2PPP/R2Q1RK1 w - - 0 18,b2b4 g5f3 g2f3 c6f3,2020,76,88,320,crushing kingsideAttack middlegame sacrifice short,https://lichess.org/QvLmRlTa#35,French_Defense French_Defense_Knight_Variation
UAvWn,3rR2k/1p4p1/p1p3np/1q3b1Q/5P2/1B4P1/P2r4/4R1K1 b - - 8 36,h8h7 b3g8 h7h8 g8c4 d8e8 e1e8,2043,90,88,65,advantage discoveredAttack discoveredCheck long middlegame,https://lichess.org/wLZT8wk1/black#72,
oSRb7,1r1R4/7P/1P2k1n1/5pp1/2n1p3/6K1/8/3R4 b - - 3 50,b8d8 d1d8 c4b6 d8g8,1944,76,94,5803,crushing endgame master short,https://lichess.org/HSqLjENd/black#100,
LDyq1,3r2k1/4nppp/1p6/1P2p1Q1/4P3/Bb6/2n1BPPP/3r1K1R w - - 4 26,e2d1 b3c4 d1e2 d8d1,2000,78,97,813,mate mateIn2 middlegame pin short,https://lichess.org/C6O1qfTD#51,
reFsq,2r4k/1b4pp/p3Q3/1p6/8/P2P4/1qP2PPP/4R1K1 b - - 3 25,b2f6 e6c8 b7c8 e1e8 f6f8 e8f8,1925,77,89,895,backRankMate clearance endgame fork long mate mateIn3 sacrifice,https://lichess.org/PgDZahxL/black#50,
cOfI4,r3r1k1/1p2q1pp/p3b3/2p2p2/3n1P2/P2PQ3/BPP3PP/R1B1R1K1 b - - 3 17,d4c2 e3e6 e7e6 e1e6 e8e6 a2e6,1983,76,88,102,crushing kingsideAttack long middlegame,https://lichess.org/wsPslE5J/black#34,Sicilian_Defense Sicilian_Defense_Mengarini_Variation
WUeTv,r2r2k1/p4pp1/2R2q2/2P2b2/1p1p2p1/1P2P1P1/5PBP/3Q1RK1 b - - 0 20,d4e3 c6f6 d8d1 f1d1,2000,78,89,319,crushing middlegame short,https://lichess.org/vd0BThHP/black#40,
Gicrz,1k1r3r/1q4p1/2pb4/6Pp/3PQ3/2PnP2R/4N1P1/R4K2 b - - 0 25,b7b2 a1d1 d8f8 h3f3,2074,75,95,431,advantage defensiveMove master middlegame short,https://lichess.org/ITZpbsIn/black#50,
fusIZ,8/5pkp/p5q1/3p2Q1/6n1/P5P1/1PP5/5RK1 w - - 7 33,g5d5 g6b6 g1h1 b6h6 h1g2 g4e3,2089,75,97,1285,crushing endgame exposedKing long,https://lichess.org/2xtl8Lv0#65,
GBg4G,1r3r1k/pp4pp/2n1Q3/q1P5/4P3/3p2P1/P4PBP/2R2RK1 w - - 0 20,f1d1 c6d4 e6c4 d4e2,1954,76,88,513,advantage master middlegame short,https://lichess.org/rHWzT9ag#39,
fZjy1,2b5/3k2PK/2r5/8/8/R7/8/8 b - - 6 56,c6c1 a3g3 c8b7 g7g8q,1994,74,88,745,advancedPawn crushing endgame promotion quietMove short,https://lichess.org/zZxxLa8K/black#112,
FNrvB,6Q1/p1k1r3/1pP4p/1B2q3/7P/1P4P1/P4P2/6K1 w - - 5 36,g8a8 e5b5 a8a7 c7d6,1946,76,92,3379,advantage endgame short,https://lichess.org/bnd82ZQL#71,
FI6QK,4k3/5p2/2KB1R2/3pP1p1/2b1r1P1/6P1/8/8 b - - 26 69,c4a2 f6h6 e4c4 d6c5,1960,75,91,2804,crushing defensiveMove endgame quietMove short,https://lichess.org/J3cp1pS0/black#138,
GlonL,r3r1k1/p1p2ppp/2p2n2/8/1P1P4/P2qP1P1/3p1P1P/R1BQ1RK1 b - - 2 19,d2c1q d1d3 c1b2 f1b1 b2a1 b1a1,1909,135,64,12,advantage hangingPiece long middlegame trappedPiece,https://lichess.org/eZ4VftGz/black#38,
jGOgl,3R4/1p2r3/2p3p1/1PPp1bk1/4pR2/4K1Pp/7P/8 b - - 0 68,e7f7 g3g4 d5d4 d8d4,2041,78,91,608,advantage endgame master short,https://lichess.org/wZUtMFin/black#136,
cGl6L,2r2r1k/p1n3pp/2pR1p2/1pP5/5PPP/2Q1P3/qB2B3/2K4R w - - 0 24,d6c6 a2d5 h1d1 d5c6,2000,75,93,2752,advantage fork middlegame short,https://lichess.org/pKPhJnxO#47,
tbrU5,6R1/5Q2/8/3pb3/1K2k2P/4rp2/8/8 w - - 0 58,f7b7 e5d6 b4a5 e3a3 a5b6 a3b3,2043,75,88,431,crushing endgame long master,https://lichess.org/BKKYZZ66#115,
BcMlO,r5k1/4brnp/3pb1pB/2n1p3/1p2P3/pPqN1P2/P1P3RQ/1K3B1R b - - 4 26,a8c8 h6d2 c3c2 b1c2,1969,76,88,1204,advantage middlegame short,https://lichess.org/Km349IgD/black#52,
ZxXh6,5r1k/6pp/1pn4q/p1bRp3/P1B1PPQ1/6BP/1P4P1/7K w - - 0 30,f4e5 h6c1 d5d1 c1c4,1911,76,89,428,advantage fork middlegame short,https://lichess.org/lUoEUj9j#59,
nfe0c,8/6k1/1bP5/4N3/2P5/4p1rp/4Rr2/3R3K w - - 4 48,d1e1 g3g2 e2f2 e3f2,1953,75,96,1432,advancedPawn crushing endgame quietMove short,https://lichess.org/2bV1YVKS#95,
lFgat,r2r2k1/p1p1qppp/b1p2n2/8/3Q4/1PN1B3/P1P2PPP/R3K2R w KQ - 3 14,d4a4 e7e5 a4a6 e5c3,1954,75,84,143,crushing middlegame short,https://lichess.org/s04JoWAc#27,Ruy_Lopez Ruy_Lopez_Berlin_Defense
M3d60,r7/8/3p2k1/2pP4/3p4/1r1P4/p5R1/K6R b - - 1 37,g6f5 h1f1 f5e5 g2g5,1922,76,95,16564,endgame mate mateIn2 rookEndgame short,https://lichess.org/6ywEbXis/black#74,
5Bc1d,6k1/pppQ1pp1/1q5p/8/5P2/1N6/PP2r1PP/5R1K w - - 2 24,f4f5 b6f2 f1g1 e2e1 d7e8 e1e8,2098,75,82,203,crushing endgame long,https://lichess.org/5L7powY7#47,
nWQe0,r2qkb1r/ppp1p3/2n2p1n/3p1bpp/3P4/3BPNBP/PPP2PP1/RN1QK2R w KQkq - 3 8,f3g5 f6g5 d1h5 h6f7,2090,79,94,5111,advantage defensiveMove opening short,https://lichess.org/Cvj1yIsd#15,Queens_Pawn_Game Queens_Pawn_Game_Accelerated_London_System
bK7QX,3r4/ppR1n1k1/4qb1p/3ppp1Q/8/1P1NP1P1/P4PBP/6K1 b - - 3 25,d8d7 d3c5 e6f7 h5f7,1910,83,75,44,crushing fork middlegame short,https://lichess.org/doGcSaOQ/black#50,
3ke3Y,r3r1k1/6pp/2p1b3/ppBp1n2/8/1BP4P/PP4P1/4RR1K w - - 0 26,e1e6 f5g3 h1g1 e8e6,1929,88,65,30,advantage fork intermezzo master middlegame short,https://lichess.org/q3PygqXb#51,
Ox6U9,1n1r3r/1kp2pp1/1pN2n1p/1B2q3/Q7/b6P/P2P1PP1/1R4K1 b - - 1 23,e5e4 a4a7 b7c8 a7b8 c8d7 c6d8,1926,78,92,450,advantage discoveredAttack discoveredCheck fork long middlegame,https://lichess.org/oNuos7lx/black#46,
EtPLZ,2k5/p5rp/1p5p/2qr1P2/4p3/1QP5/P5PP/3R3K w - - 0 25,d1d5 c5f2 b3c4 c8b7 d5d7 g7d7,1975,77,92,314,crushing defensiveMove endgame long,https://lichess.org/pXYCOQJ8#49,
922fj,5R2/8/8/K7/8/1P5r/P4pk1/8 w - - 4 66,f8g8 h3g3 g8f8 g3f3,1967,76,98,182,crushing defensiveMove endgame rookEndgame short,https://lichess.org/FX5oJrHz#131,
nWeHm,6k1/5Rp1/2q2r1p/p1pb1P2/3p2Q1/1P1B3P/P5P1/5RK1 b - - 0 29,f6f7 f5f6 g7g5 g4f5,2083,76,87,259,clearance crushing endgame short,https://lichess.org/okwbCrgI/black#58,
NWAnR,4kb1r/p2rp3/2Q2p2/3p4/3P3p/3P2Bq/PP3P2/2R1R1K1 w k - 1 22,c6c8 e8f7 e1e7 f7e7 c1e1 e7f7,2046,76,68,77,crushing long middlegame,https://lichess.org/3PCJRBBS#43,
alXPs,8/8/4P2p/5p2/3k1Pp1/2p3P1/r1K4P/4R3 w - - 1 40,c2b3 a2b2 b3a3 b2b8,1901,149,47,7,advantage defensiveMove endgame rookEndgame short,https://lichess.org/22T3q1mH#79,
tdw8u,3r2k1/1Qp2pp1/p1p4p/2b5/4q3/2P5/PP1N3P/R2K1R2 w - - 1 18,b7c7 d8d2 d1d2 c5e3,1979,88,81,30,attraction crushing middlegame sacrifice short,https://lichess.org/yDYAzrEn#35,Italian_Game Italian_Game_Giuoco_Pianissimo
rkRoW,k7/1pQ5/NP2p3/K3Pp2/1B3Pp1/6Pp/q6P/8 w - - 13 56,a5b5 b7a6 b5c6 a2d5,2027,81,90,1481,endgame mate mateIn2 short,https://lichess.org/NCOtgsvw#111,
kxk3T,4rr1k/p6p/Pp6/2pB4/2P2Bn1/2q1PQPb/7P/5RK1 b - - 1 31,e8e3 f4e5 g4f6 e5c3 e3f3 f1f3,2047,76,87,585,advantage long middlegame,https://lichess.org/SndkWwcL/black#62,
OsZFq,rnb2r2/5pkp/p2p2p1/2qN1P2/1pp1n3/5N1P/PPP1B1P1/R2Q1R1K b - - 1 21,e4f2 f1f2 c5f2 f5f6 g7h8 d1d2,1905,77,90,1719,advantage long middlegame sacrifice,https://lichess.org/LF6UwsXM/black#42,
MATpb,r7/4rpk1/1pQ2bp1/3p4/1R1P1P2/q2NPR2/6PP/6K1 w - - 0 30,b4b6 e7e6 c6a8 a3a8 b6e6 f7e6,2061,75,85,135,advantage long middlegame,https://lichess.org/umYKGf1l#59,
wNlfb,r1bqnrk1/pp3pp1/2n4p/2pNP3/2B5/5N2/PPQ2PPP/R4RK1 b - - 2 14,e8c7 d5f6 d8f6 e5f6,2011,80,84,46,crushing kingsideAttack middlegame short,https://lichess.org/ZaMcAdlu/black#28,Queens_Gambit_Declined Queens_Gambit_Declined_Modern_Variation
GvJ4J,8/8/7r/2p2Pk1/2R3P1/6Kp/8/8 w - - 3 54,c4c5 h3h2 f5f6 g5g6,2029,75,87,708,advancedPawn crushing endgame rookEndgame short,https://lichess.org/ZJ1WOYGa#107,
9Jzx2,8/8/1p6/8/p6K/P6P/2p3Q1/1k6 w - - 4 59,g2c2 b1c2 h4g5 b6b5 h3h4 b5b4 a3b4 a4a3,1947,74,85,253,crushing endgame hangingPiece quietMove veryLong,https://lichess.org/KvgxBibw#117,
meGgP,1Q6/8/8/1pP3bk/3Pb3/P5P1/1K2r3/8 w - - 5 44,b2c3 g5d2 c3b3 e4d5 b3c2 d2f4,1910,154,38,12,crushing discoveredAttack discoveredCheck endgame long,https://lichess.org/0FXFNCWJ#87,
TdAQm,r4r1k/2n3pp/6p1/3p4/6P1/pP1P3P/q1PKQB2/3R3R w - - 0 30,d1a1 a2b2 h1b1 b2f6,1914,75,70,100,crushing middlegame short,https://lichess.org/rpBbQhvt#59,
umajC,3r2k1/p2rppbp/2p3p1/5b2/2P5/1P1P3P/P2K1PP1/1RB2B1R w - - 2 18,c1b2 f5d3 f1d3 d7d3 d2e2 d3d2,2088,76,96,3773,crushing long middlegame,https://lichess.org/w4Vh82g2#35,Sicilian_Defense Sicilian_Defense_Modern_Variations
oJsVW,r3r2k/p4Qpp/1p4b1/8/2pP4/P3q1N1/6PP/4RR1K w - - 2 23,f7e8 e3e8 e1e8 a8e8,1918,79,91,463,advantage middlegame short,https://lichess.org/qCy75bpA#45,
ETonX,r3r1k1/p1Qb1ppp/2nn2q1/8/8/2PN4/PP1NBPPP/R4RK1 b - - 0 16,e8e2 d3f4 g6h6 f4e2,2015,77,93,7342,advantage fork master middlegame short,https://lichess.org/IEk017SN/black#32,Ponziani_Opening Ponziani_Opening_Other_variations
896mR,rnb2k1r/ppp2ppp/4qn2/8/2P2p2/1P3N2/P1PQ2PP/R1B2R1K b - - 2 14,e6d6 c1a3 d6a3 d2d8 f6e8 d8c8,1990,101,89,43,advantage fork long opening pin sacrifice,https://lichess.org/lYdBKA0R/black#28,Kings_Gambit_Accepted Kings_Gambit_Accepted_Modern_Defense
l7JbH,8/1pp1q1bk/1pn3pp/5r2/Q4p2/P1P2N1P/1P1R1PPB/6K1 w - - 1 26,h2f4 b6b5 a4d1 f5f4,1919,75,93,1271,advantage master middlegame short,https://lichess.org/aVrwPL7M#51,
7MVMt,r1b2rk1/ppq2ppp/2n1pn2/2R1N3/3PN3/3B1Q2/2P2PPP/4K2R b K - 2 18,f6d7 e5d7 c8d7 e4f6,2031,75,83,88,crushing middlegame short,https://lichess.org/QivuAt4b/black#36,Sicilian_Defense Sicilian_Defense_Wing_Gambit
7r5Eq,r2q3r/1p1bbkp1/p1n1pn1p/2p2P2/P1B5/2PP2N1/1P4PP/R1BQ1RK1 b - - 0 14,c6a5 f5e6 d7e6 d1h5 g7g6 c4e6 f7e6 h5g6,1977,78,92,2487,advantage fork intermezzo middlegame pin veryLong,https://lichess.org/yOmY6IUU/black#28,Caro-Kann_Defense Caro-Kann_Defense_Other_variations
F9r3L,8/5Rp1/7p/2k5/2p2bP1/2K2P1P/3p4/8 w - - 0 39,f7d7 c5c6 d7d2 f4d2,1943,75,91,450,crushing endgame short,https://lichess.org/fFsijM15#77,
38bHV,r4rk1/2q4p/2p1p1p1/p2pR3/2b3R1/2N3QP/PPP2PP1/6K1 w - - 0 21,g4g6 h7g6 g3g6 c7g7 g6e6 f8f7,1962,77,73,54,crushing long middlegame,https://lichess.org/8umqy5zZ#41,
FAk5v,1r3rk1/3qppbp/1nbp2p1/4P1B1/1pBP4/1Q3N2/1P3PPP/R3R1K1 w - - 1 21,c4f7 f8f7 e5e6 f7f3,2027,77,86,345,advantage middlegame short,https://lichess.org/WRiK0etj#41,
1Ybca,8/8/4p3/3p1kp1/3P1N1p/4P3/5K2/8 w - - 0 57,f4h5 f5g6 h5g3 h4g3,2039,76,87,540,crushing endgame knightEndgame short trappedPiece,https://lichess.org/HL7tsYvp#113,
6cjNb,r7/p2n3p/2p1Q3/1p2P1k1/1P6/3q3R/P5PK/5r2 b - - 7 33,d3f5 e6h6 g5g4 h3g3,1920,203,29,14,endgame mate mateIn2 short,https://lichess.org/WDOwuRZ3/black#66,
MPkjk,2kr3r/b1p2ppp/2pp1n2/4p3/4P3/2PP1N1q/P4P2/RNBQR1K1 w - - 0 15,f3h2 a7f2 g1f2 h3h2,1947,77,79,62,attraction crushing deflection kingsideAttack middlegame short,https://lichess.org/C1jKhuKZ#29,Ruy_Lopez Ruy_Lopez_Morphy_Defense
mfEh3,2r2b2/pb4pk/4R2N/1q6/1p3QP1/1P5P/P1p2BBK/r7 w - - 1 32,g2b7 b5b7 f4f5 h7h8,2006,80,86,108,crushing master middlegame short,https://lichess.org/sDkybjay#63,
AmLUp,r1b1k3/p4p2/4p3/2P3p1/2Pp2n1/B5q1/P2NPRBr/2RQ2K1 w q - 7 25,d2e4 h2h1 g1h1 g3h2,1914,86,90,154343,attraction kingsideAttack mate mateIn2 middlegame pin sacrifice short,https://lichess.org/SatDZjwV#49,
pnyjP,2r3k1/4bpp1/p3p2p/1pq5/5B2/PQ4P1/5PBP/5R1K w - - 2 32,f1c1 c5c1 f4c1 c8c1 g2f1 c1f1 h1g2 f1a1,1992,75,70,417,crushing middlegame veryLong,https://lichess.org/0aYtUPvm#63,
tmvjY,2r2rk1/1q3pp1/4p2p/p3P1b1/3PN3/5Q2/1P3RPP/5RK1 b - - 0 27,g5d8 e4f6 d8f6 f3b7,1962,75,95,4448,crushing discoveredAttack middlegame short,https://lichess.org/HDhWpyf4/black#54,
u58bo,r3kb1r/pp1b1ppp/n4n2/1N1qp3/Q7/2P5/PP3PPP/R1B1KBNR w KQkq - 2 9,a4a6 d5e4 f1e2 b7a6,1909,79,90,423,crushing intermezzo master opening short,https://lichess.org/T8HE5Hvq#17,Sicilian_Defense Sicilian_Defense_Alapin_Variation
eueMo,7k/6rp/p7/1p2Qr2/4p3/2P2pPq/PP3P1P/R5RK w - - 2 31,e5e4 f5h5 e4e8 g7g8 e8h5 h3h5,1988,75,93,5179,crushing endgame long master quietMove,https://lichess.org/80iD7YvD#61,
OARBz,4r3/p1r2kpb/1pp2N1n/3p4/P2Pq3/4PRQP/1P6/5RK1 b - - 0 34,g7f6 f3f6 f7e7 g3c7,1922,77,88,387,fork mate mateIn2 middlegame short,https://lichess.org/07Q688zl/black#68,
3u3nT,r3qk1r/pb1p2p1/1p1PpnN1/5pQp/2P5/P6P/RB3PP1/1B3nK1 b - - 1 25,f8g8 g6e7 e8e7 d6e7,2058,81,89,1304,advancedPawn crushing kingsideAttack middlegame short,https://lichess.org/qsKXh4pB/black#50,
Q2FN7,5rk1/pp2rp1p/2p3B1/4b3/3q4/5Q1P/PP4P1/3R1R1K b - - 0 22,d4b2 g6h7 g8h7 f3h5 h7g8 h5g5 e5g7 g5e7,2090,77,92,853,advantage attraction fork middlegame sacrifice veryLong,https://lichess.org/XisOUjS5/black#44,
xQfFz,1r1r2k1/p3q1pp/8/8/P2Npp2/4PnP1/4RPKP/R2Q4 w - - 0 24,d4c6 f3h4 g2h1 d8d1,1905,75,87,225,crushing middlegame short,https://lichess.org/Ne6iWSl6#47,
isgWC,r2q1r1k/RQ2n1p1/2pN3p/2n4B/3p4/5P2/3BPP1P/4K1R1 w - - 0 26,b7e7 d8e7 a7e7 a8a1 d2c1 a1c1,2014,80,92,2725,advantage long middlegame,https://lichess.org/WuWTwzRz#51,
k7Dri,r2q1rk1/Bp4pp/3b1np1/3p4/8/1PNP4/1PP3PP/R2Q1RK1 w - - 0 16,a7f2 a8a1 d1a1 f6g4,1907,77,83,55,crushing middlegame short,https://lichess.org/Ee7coJG0#31,Bishops_Opening Bishops_Opening_Vienna_Hybrid
tPSJF,3r1rk1/pp3ppp/1bn5/6Q1/8/3B1N2/PqP2PPP/R4RK1 w - - 0 16,d3h7 g8h7 g5h5 h7g8 f3g5 b2c2,1994,77,89,530,advantage hangingPiece long middlegame,https://lichess.org/O9ylsV2m#31,French_Defense French_Defense_Knight_Variation
Pa8cH,7k/4q1pp/p5R1/8/1P6/P6Q/r4rPP/3R2K1 w - - 0 34,h3g3 h7g6 g3f2 a2f2,2048,75,81,207,crushing endgame short,https://lichess.org/LmkOUuRa#67,
V9Je4,r2q1rk1/p3ppbp/2np2p1/2p5/PpP1n3/1P5P/1BP1BPPN/1R1Q1RK1 w - - 0 15,b2g7 g8g7 d1d5 e4c3 d5c6 c3e2,1933,76,88,1017,advantage fork long middlegame,https://lichess.org/fOlyZlBp#29,Sicilian_Defense Sicilian_Defense_Other_variations
FaGNg,8/4rrk1/PR4Rp/8/5p2/4p3/7K/8 b - - 1 48,g7f8 b6b8 e7e8 b8e8 f8e8 g6g8,2093,77,96,473,attraction crushing endgame exposedKing long rookEndgame,https://lichess.org/ns0yIdzR/black#96,
nOWyE,4r1k1/p4r2/7p/1P4p1/8/4BqP1/2Q2P1P/3R2K1 b - - 0 30,e8e3 c2g6 g8f8 d1d8 e3e8 g6h6,2098,83,91,729,crushing endgame exposedKing long,https://lichess.org/KxnVU70K/black#60,
dfcU3,8/4k1p1/7p/4KP1P/8/8/8/8 w - - 5 51,f5f6 g7f6 e5d5 e7d7,1908,75,86,443,crushing defensiveMove endgame pawnEndgame short,https://lichess.org/e7MJeZZg#101,
LQapK,2n3Q1/2pk2b1/1p3p2/pPP1pPp1/3pP1P1/P2P2q1/3B2Br/2R2K2 w - - 13 37,g8g7 c8e7 c5c6 d7e8,1962,74,92,373,crushing defensiveMove middlegame short,https://lichess.org/pB9byf16#73,
hS15e,6rk/2p2p1p/3b3N/8/5P1P/4PQ1K/P7/q7 b - - 5 31,g8g6 f3a8 h8g7 h6f5 g7f6 a8h8,1942,75,95,1145,advantage endgame long,https://lichess.org/INBZqixn/black#62,
bXARa,r1b2Nk1/pp3ppp/2np1b2/8/2B1PP2/q7/6PP/2RQ1RK1 w - - 0 20,d1h5 a3c5 h5c5 d6c5,2035,76,92,4968,advantage middlegame short,https://lichess.org/7aTOHm5K#39,
dnJHW,8/1Q4pk/p4p2/P1P1p3/4P1K1/5P2/6q1/8 w - - 2 43,g4f5 g2h3,1944,119,60,95,endgame mate mateIn1 oneMove queenEndgame,https://lichess.org/yp93YeXc#85,
xetn4,8/8/p3pkP1/3pR2P/2pP2p1/Pr6/5PK1/8 b - - 2 44,b3a3 e5g5 f6g5 g6g7,2078,76,92,5728,advancedPawn crushing endgame master rookEndgame sacrifice short,https://lichess.org/7AmVy0ry/black#88,
GCEQz,5rk1/1p4p1/pq4Q1/3p2pP/4B1P1/P1P1rPK1/1P6/1R5R b - - 0 34,b6g6 e4d5 g6f7 d5f7,2079,86,90,496,crushing endgame master short,https://lichess.org/d3bp0Xyn/black#68,
XC90V,r2qk2r/3n2pp/p2pp3/np4P1/4P3/8/1P4PP/RNBQ1RK1 b kq - 0 15,d7e5 a1a5 d8a5 d1d6 a5d8 d6e5,2018,75,86,665,advantage deflection long master middlegame,https://lichess.org/GvJ8wNw4/black#30,Sicilian_Defense Sicilian_Defense_McDonnell_Attack
t6Le5,4r3/1P6/8/6Rp/1K2p2P/5kP1/8/8 w - - 0 48,g5g7 e4e3 g7f7 f3g2 b4c4 e3e2,1937,118,63,12,advancedPawn crushing defensiveMove endgame long rookEndgame,https://lichess.org/nJZei45x#95,
iVwT5,4r1k1/2p3pp/2q5/p7/Pn1pN3/1P1P1Q1P/1P4P1/2K2R2 w - - 4 24,c1b1 c6c2 b1a1 c2b3,2009,75,86,351,crushing endgame queensideAttack short,https://lichess.org/2hh4h7Eq#47,
z4FUh,7k/1ppr2p1/1q5p/1P6/2QN1P2/6PP/8/3R2K1 w - - 0 37,c4e6 b6e6 d4e6 d7d1,2023,75,81,82,advantage endgame short,https://lichess.org/P3iTotkF#73,
XaTvr,2r3k1/pp3p1p/6p1/3pNP2/3P2Q1/1Pq1P3/P4P1P/5K2 b - - 0 23,f7f6 f5g6 f6e5 g4e6 g8g7 e6f7 g7h6 f7h7,2092,78,89,447,crushing endgame sacrifice veryLong,https://lichess.org/4AU2BVej/black#46,
ytgkD,4r1k1/1p3p2/p4Qp1/3pP3/3NbR2/1P4K1/1q2N2r/8 b - - 2 40,h2g2 g3h3 e4f5 h3g2,2001,80,90,253,crushing middlegame short,https://lichess.org/jv4esI2N/black#80,
w86hP,8/7k/1p3RP1/7P/8/p5K1/1r6/8 b - - 0 65,h7g7 f6f7 g7h6 f7h7 h6g5 g6g7,1943,76,93,1122,advancedPawn crushing endgame exposedKing long rookEndgame,https://lichess.org/Y04qA2Zw/black#130,
EgyJJ,2r3k1/3q3p/p6B/1p2Qp2/4n3/7P/P5P1/5RK1 b - - 0 37,c8e8 f1f5 d7d1 g1h2 d1d6 f5g5 g8f7 g5g7,2009,76,98,374,crushing endgame veryLong,https://lichess.org/y1XkFydv/black#74,
XpqLw,r7/5pkp/6p1/q3p3/Pr2Q3/1P6/2PR1PPP/1K1R4 w - - 1 30,d2d5 b4e4 d5a5 a8a5,2025,79,91,463,advantage endgame master short,https://lichess.org/6Z6dEP0U#59,
CrSeV,2r2r1k/6pp/p1pb1q2/1p5P/3P1B2/1BP2QP1/PP3P2/4R1K1 b - - 0 28,g7g5 e1e6 g5f4 e6f6,2098,74,87,276,advantage middlegame short,https://lichess.org/wVlgBSl4/black#56,
VF41G,5rk1/pp4pp/3p1q2/3P4/1Q6/3P3P/P3rPP1/R4RK1 w - - 1 23,b4b7 e2f2 b7b1 f2f1 b1f1 f6d4,1940,77,93,1314,crushing endgame fork long,https://lichess.org/EpyMBMuc#45,
JuFba,rb3rk1/2q3p1/p1p2p1p/2Pp4/1P1Qn1b1/P3PN2/1B2BPPP/R2R2K1 w - - 2 18,h2h3 g4f3 e2f3 c7h2 g1f1 b8e5,2017,78,92,3147,advantage clearance kingsideAttack long middlegame,https://lichess.org/GHiknqJg#35,Queens_Gambit_Declined Queens_Gambit_Declined_Other_variations
UVyS1,8/2R4P/4P3/8/3p4/3P1k2/6pr/2K5 w - - 0 53,c7g7 h2h7 g7h7 g2g1q,2014,76,83,70,advancedPawn crushing deflection endgame promotion rookEndgame short,https://lichess.org/6BPQI9vK#105,
flTf2,r2q1r1k/8/2p2PQ1/pp1n4/Pn1P1p2/5R2/1P4PP/R3N1K1 b - - 0 28,d8d7 f3h3 d7h3 g6g7,1929,78,88,591,mate mateIn2 middlegame sacrifice short,https://lichess.org/TQVGndLC/black#56,
nfaHQ,8/5p2/2pk1p2/p2b1K2/Pr5P/2R2P2/2B3P1/8 w - - 7 37,g2g3 d6e7 c2e4 d5e6 f5f4 f6f5,2079,81,90,1778,advantage endgame long master pin,https://lichess.org/cQkSalts#73,
VMXHk,r3k2r/1ppb1p2/p3p1np/4P1qQ/4N3/1B6/PPP2PP1/3RK2R b Kkq - 1 18,g5h5 e4f6 e8f8 f6d7 f8e7 h1h5,1912,75,93,3347,advantage deflection fork long master middlegame,https://lichess.org/AtlvtWTO/black#36,Modern_Defense Modern_Defense_Two_Knights_Variation
s33lG,8/8/7p/6p1/1K4P1/1P5k/8/8 w - - 0 67,b4c4 h3g4 b3b4 g4f5,2098,75,87,729,crushing defensiveMove endgame master pawnEndgame short,https://lichess.org/zUMmCOYE#133,
g5RJ3,8/5kp1/ppN2pn1/2pP2p1/2P3q1/P2Q2P1/1P3PKP/8 w - - 2 35,d3e3 g6f4 e3f4 g5f4,1977,76,88,1013,crushing endgame pin short,https://lichess.org/Ks3aPqAk#69,
ICTe2,2b2rk1/5p2/6P1/p3b1N1/1p2P3/2p2R2/1PP1K1Q1/q2B4 b - - 1 32,c8a6 e2e1 a1c1 g6f7 f8f7 g5f7,1940,77,55,58,advancedPawn crushing defensiveMove discoveredAttack discoveredCheck long master masterVsMaster middlegame,https://lichess.org/B7bqV95T/black#64,
WM3nS,6r1/2p2p2/5npp/1B2k3/P1Pb2P1/8/R3K2r/3Q4 w - - 2 36,e2f3 h2a2 d1e1 e5d6,1999,113,60,14,crushing defensiveMove hangingPiece middlegame short,https://lichess.org/AEcpPdI5#71,
w3ypT,8/p7/2R2p2/4kp2/PPPr4/2K5/8/8 b - - 6 51,f5f4 c6e6 e5e6 c3d4,1932,80,92,325,crushing deflection endgame rookEndgame short,https://lichess.org/Y19JdTVC/black#102,
dPxrx,8/1p4b1/6k1/3pPqpp/4n3/3BP2P/7B/1Q4K1 w - - 0 36,b1b7 f5f2 g1h1 f2f3,1954,78,82,67,crushing endgame master short,https://lichess.org/WSAQF9So#71,
978yu,3r4/p4rkp/2pN1qp1/Q1P2pn1/4p3/P3P1P1/3R1P1P/3R2K1 w - - 0 31,d6f7 d8d2 a5d2 g5f3 g1g2 f3d2,1990,79,93,738,advantage attraction fork long middlegame,https://lichess.org/Jbj0DjyU#61,
VX05F,3k4/2r2p1p/3n1Pp1/1p1P4/5q2/Q7/P5PP/1R5K b - - 4 38,d6c4 a3f8 d8d7 f8e7 d7c8 e7e8 c8b7 e8b5 c4b6 b5b6,1979,199,83,15,crushing endgame exposedKing veryLong,https://lichess.org/z5K3BDwq/black#76,
TzJOC,5r1k/q1r3p1/3R1p1p/p1p1PQ2/1p6/P1P3R1/1P4PP/6K1 b - - 0 32,c7e7 e5f6 c5c4 g1f1,1903,75,88,308,advantage defensiveMove endgame short,https://lichess.org/J2Lmkif5/black#64,
rldzn,5rk1/1b2bppp/2n1p3/qN1nP3/1pBP4/3Q1N2/2P2PPP/2B2RK1 w - - 1 18,c4d5 e6d5 b5d6 b7a6,2000,74,84,452,advantage master middlegame short,https://lichess.org/939mQRAj#35,Queens_Pawn_Game Queens_Pawn_Game_Zukertort_Variation
wbLx9,5r2/1p1q2k1/p4Rp1/4Q2p/3p3P/3Pp1P1/PPr1B1K1/1R6 b - - 0 28,c2e2 f6f2 g7h6 f2e2,1909,75,88,776,crushing discoveredAttack discoveredCheck endgame short,https://lichess.org/5lVP6Vsc/black#56,
lBy47,2r2rk1/1q2n1pb/4p1p1/p2pP2P/N2N2Q1/bP6/P1P5/1K1R1R2 w - - 0 26,f1f8 c8f8 g4e6 g8h8 h5g6 e7g6,1953,91,64,60,advantage long middlegame,https://lichess.org/ekT0r8EA#51,
6h09N,8/p6p/4k1p1/1pP1p3/2n1K3/P7/B5PP/8 b - - 2 37,a7a5 a3a4 e6d7 a4b5,2040,75,94,7351,crushing endgame master short,https://lichess.org/WxuOMeyr/black#74,
uft3O,8/6p1/8/pp1k1pPp/5P2/PP1K2P1/8/8 w - - 0 41,d3e3 a5a4 b3a4 b5a4,2067,80,92,569,crushing endgame master pawnEndgame short,https://lichess.org/NVpSAE98#81,
pltNr,8/p1p5/1p2k3/3pP3/PP1P4/3K4/8/8 b - - 1 37,c7c6 b4b5 c6c5 d4c5 b6c5 a4a5,2020,76,87,290,crushing defensiveMove endgame long pawnEndgame,https://lichess.org/O3TC5r42/black#74,
RdvoH,r2q1rk1/ppp2pp1/3p1P1p/4p1bQ/2B1P3/2NP3R/PP6/n1B3K1 b - - 0 17,d8f6 c3d5 g5c1 d5f6,1963,75,93,1754,advantage kingsideAttack middlegame short,https://lichess.org/OgSaF6vy/black#34,Kings_Gambit_Declined Kings_Gambit_Declined_Queens_Knight_Defense
l0TM0,r5k1/ppqnRp2/2p2n1p/3p1Qp1/3P4/2N2B1P/PPP3P1/6K1 b - - 5 21,a8e8 f5f6 d7f6 e7c7,1913,74,88,851,advantage middlegame short,https://lichess.org/7silVUSs/black#42,
YgPhL,3r2k1/6pp/4q1P1/5p2/3p3Q/3p3P/r1P3P1/3R3K b - - 0 29,e6f6 h4h7 g8f8 d1e1 f6g6 h7g6,2041,80,91,510,crushing endgame long quietMove,https://lichess.org/RWAHsUrx/black#58,
GdeJr,8/7p/4k1p1/1PPp1pP1/p1n5/p3P2P/B3K3/8 b - - 1 34,e6e5 a2c4 d5c4 b5b6 a3a2 b6b7 a2a1q b7b8q,2072,77,91,239,advancedPawn crushing endgame master promotion veryLong,https://lichess.org/JdHp9bKK/black#68,
DV4HE,6k1/r5b1/1p1p1p1p/1N1Pp1pP/1qP3P1/1P3P2/1RQ1K3/r6R w - - 4 29,b5a7 a1h1 c2f5 b4e1,1939,77,91,785,advantage hangingPiece middlegame short,https://lichess.org/YI0hCZKn#57,
rStWD,2r5/p4ppk/1p5p/5Q2/7P/P5q1/1P3b2/4R2K b - - 1 29,h7g8 f5c8 g8h7 c8f5 g3g6 f5f2,1991,78,89,226,advantage deflection endgame hangingPiece long,https://lichess.org/5gUjnlvx/black#58,
jV8Xf,r1q5/p3p1k1/2p1P3/2Np1Q1p/1p1P1pr1/8/PPP5/2K2R2 b - - 3 28,c8f8 f5h5 f8f6 h5g4,1938,78,88,50,crushing endgame master short,https://lichess.org/RCr0NSx9/black#56,
yeTK3,8/8/7R/4p2p/3r2p1/3k2P1/5PKP/8 b - - 2 50,d4d5 h6h5 d3e4 h5g5,1980,76,82,317,crushing endgame master rookEndgame short,https://lichess.org/BfQh6Git/black#100,
n0hpx,6k1/2b2qp1/3p1nrp/PB1P4/3P4/4Q2P/1B3P1K/4R3 w - - 0 37,e3e7 f6g4 h3g4 f7f2 h2h3 f2f3,2004,76,89,1057,advantage discoveredAttack fork long middlegame sacrifice,https://lichess.org/czfc8U8B#73,
Ilkrt,2k4r/8/4b1p1/2p1p3/1p1bP1p1/pP4R1/P1PBN3/1R2K3 w - - 2 34,d2e3 d4e3 g3e3 h8h1 e1d2 h1b1,2036,75,84,251,advantage exposedKing long middlegame skewer,https://lichess.org/K2pHxUrL#67,
7xW7b,8/pp1Qqk1p/2p1p1r1/8/2P2P2/1P6/P6P/3R3K b - - 0 33,g6f6 d7c8 f6f4 d1d7 e7d7 c8d7,1976,75,93,651,advantage clearance endgame long pin,https://lichess.org/6scqgnI5/black#66,
iRwn8,6k1/2b1q1pp/2p3b1/1pP5/1P6/2N5/3QB1pP/B1R3K1 w - - 0 33,c1e1 e7h4 d2a2 g8f8,2045,76,82,65,crushing defensiveMove middlegame short,https://lichess.org/S7v1iGcx#65,
typSd,6k1/5pp1/p3p2b/8/P1N4r/1P1n4/2P1QP2/R6K w - - 0 31,h1g2 d3f4 g2f3 h4h3,2074,74,78,131,crushing endgame fork short,https://lichess.org/1acjQw6w#61,
gkjEi,8/p4p1p/2pk4/6r1/N3R3/PbP2P2/1P1K3P/8 w - - 2 27,e4d4 g5d5 d4d5 c6d5,2050,76,91,658,advantage defensiveMove endgame short,https://lichess.org/b53yMNqk#53,
fxCos,4k2r/p1pr1ppp/2Q1p3/2B5/4P3/7q/PPP1KP2/R7 b k - 1 19,e6e5 a1d1 h3h5 f2f3 h5h2 c5f2,1990,75,78,76,advantage defensiveMove endgame long,https://lichess.org/jiQkCDwO/black#38,
YUukB,r5k1/p5pp/1p3b2/2p5/4K3/2PP1NPq/PPQ2P1P/R1B5 w - - 3 22,c1f4 a8e8 f4e5 h3g4 e4e3 f6e5,1918,76,90,483,advantage deflection long middlegame,https://lichess.org/eohYkSsD#43,
T0mbF,3r2k1/Q4pqp/6p1/4nb2/8/P2p4/4BPPP/R4RK1 w - - 0 24,e2d1 e5c6 a7b6 g7a1,2047,114,0,21,advantage discoveredAttack middlegame short,https://lichess.org/Rdxqbce1#47,
Ykazd,r7/2qnkp2/2p1pn1r/p5p1/P3N1p1/1R1B2P1/2PP1PN1/3Q1RK1 w - - 2 21,g2e3 a8h8 e3g4 f6g4,1916,198,100,4,advantage middlegame quietMove short,https://lichess.org/EiHPIXhF#41,
JJOtO,4rk1r/p4pp1/1p3n2/3pNR2/7q/7P/P4QP1/4R2K w - - 6 30,f2h4 h8h4 f5f6 e8e5 e1e5 g7f6,2069,86,91,911,advantage intermezzo long master middlegame,https://lichess.org/BOkcZUS6#59,
vGgad,2krr3/pppq1ppp/2n2P2/2b5/2B5/1QP2N1P/PP3PP1/R1B1K2R w KQ - 1 13,c4e2 e8e2 e1e2 d7d3 e2e1 d8e8 c1e3 c5e3 f2e3 e8e3,2082,76,92,917,advantage attraction middlegame sacrifice veryLong,https://lichess.org/hsMnb8QG#25,Scandinavian_Defense Scandinavian_Defense_Modern_Variation
MK8pl,2R5/5Pk1/8/2pB3p/2P2Kp1/3P2P1/5q1P/8 w - - 17 56,f4g5 f2f6 g5h5 f6f5 h5h4 f5c8,1978,83,92,783,advantage endgame fork long,https://lichess.org/anRtBI7a#111,
4OHOf,r2qr3/ppknb1pp/2p1Qn2/8/PPBP1BP1/2P4P/5P2/R3K2R b KQ - 2 19,c7c8 e6c6 d8c7 c6c7,1983,77,88,856,mate mateIn2 middlegame queensideAttack short,https://lichess.org/vvMaQNj6/black#38,Caro-Kann_Defense Caro-Kann_Defense_Two_Knights_Attack
JuCVa,4r1k1/2q3pp/p2p4/1p1P1Q1P/8/5P2/PpP1r3/1K1R3R b - - 3 29,e8e4 f5e4 e2e4 f3e4,1998,75,88,65,advantage endgame short,https://lichess.org/GMECWtib/black#58,
gAPg9,1kBr4/4nppp/1N4q1/1N1Pp3/1P6/8/2b2PPP/R1R3K1 b - - 0 26,d8c8 b6d7 b8b7 a1a7,2022,83,58,96,mate mateIn2 middlegame queensideAttack short,https://lichess.org/YoBbiLWX/black#52,
8tqkc,7Q/4kb1p/3p1n2/2p1nP2/1p4P1/8/2r4P/1RB3K1 w - - 1 25,c1g5 e5f3 g1f1 f7c4,1994,79,76,216,fork mate mateIn2 middlegame morphysMate short,https://lichess.org/4CrqJP7C#49,
DQoy8,1rr3k1/p4ppp/b3p1n1/3pP3/Nq6/1P3N2/P2Q1PPP/R3R1K1 b - - 2 18,g6e5 e1e5 b4d2 f3d2,1978,76,88,380,advantage hangingPiece middlegame short,https://lichess.org/9u3oOJTX/black#36,Sicilian_Defense Sicilian_Defense_Nyezhmetdinov-Rossolimo_Attack
ow38E,rn2kb1r/pp3ppp/3p4/4pb2/2P5/1NNB4/PPK2qPP/R1BQ3R w kq - 6 13,d1e2 f2e2 c3e2 e5e4,2038,76,95,715,advantage middlegame pin short,https://lichess.org/6sOzo3hh#25,Sicilian_Defense Sicilian_Defense_Prins_Variation
UrAdj,8/7r/3kp1rP/p2p1p2/P1pK1P2/2P1P2R/8/7R w - - 0 39,h3h2 g6g4 e3e4 g4f4 d4e3 f4e4,2056,78,92,1072,crushing endgame long rookEndgame,https://lichess.org/6a3ERAlw#77,
jSggv,8/8/8/7p/2P5/7k/K7/8 w - - 0 61,a2b3 h3g4 c4c5 g4f5 c5c6 f5e6 b3c2 h5h4 c6c7 e6d7 c7c8q d7c8,1976,76,93,1554,crushing endgame pawnEndgame quietMove veryLong,https://lichess.org/csCNF4hg#121,
2h2mk,8/1R6/5qk1/5p2/3rp3/3p1PP1/P2Q1PK1/8 w - - 4 50,f3f4 f6c6 d2e3 c6b7 e3d4 e4e3,2065,92,84,38,crushing discoveredAttack discoveredCheck endgame long,https://lichess.org/89Jzda8F#99,
6gnIc,r6k/1bpp1pqp/p6b/1p2PQ2/3N1P2/1P2K3/P1BN2r1/R3R3 w - - 1 29,e1h1 g7g3 d2f3 g3f2 e3d3 b7f3,2048,77,89,1457,crushing deflection long middlegame,https://lichess.org/26XpZlbp#57,
MzIKj,5r1k/pp4p1/2nRB2p/1N4b1/4R3/8/bP3PPP/2K5 w - - 5 26,f2f4 f8f4 e4f4 g5f4 c1d1 f4d6,2066,74,85,376,advantage fork long middlegame,https://lichess.org/M5CDLahU#51,
X3xwe,r2q1rk1/ppp2ppp/2n5/2b1P3/6b1/3B1NP1/PPP4P/R1BQ1R1K w - - 3 14,d3h7 g8h7 f3g5 d8g5 c1g5 g4d1,2031,80,91,1555,advantage hangingPiece long opening,https://lichess.org/oZCw0K5M#27,Vienna_Game Vienna_Game_Vienna_Gambit
FE2F0,8/8/6pk/4Qp1p/3q1P1P/8/6PK/8 b - - 1 41,d4e5 f4e5 f5f4 h2g1 h6g7 g1f2,2032,88,38,41,crushing defensiveMove endgame long,https://lichess.org/3KPiVl34/black#82,
wlQSu,5Q2/8/pq3K2/8/2k5/5P2/8/8 w - - 6 75,f6e5 b6e3 e5f6 e3f3 f6g7 f3f8,2025,75,97,624,crushing endgame interference long queenEndgame,https://lichess.org/jUHAp1EZ#149,
Pq5UT,3r2k1/pp3pp1/8/2n3qp/1Q6/4PB2/PP3PPP/5RK1 w - - 0 24,f1c1 c5d3 h2h4 g5f6,1914,75,89,1385,advantage endgame fork short,https://lichess.org/3fNAGofL#47,
g0PnY,4r3/6k1/8/4p2P/1P4P1/4R2K/p7/8 w - - 0 42,e3e1 e5e4 e1a1 e4e3 a1a2 e3e2,1981,77,90,1206,advancedPawn crushing endgame long quietMove rookEndgame,https://lichess.org/L5mqOocs#83,
WmR9O,r1b1r1k1/1p5p/p2p2p1/2pP1P1n/P2b1P1q/2NB1Q1P/1P4PK/R1B2R2 b - - 0 18,c8f5 d3f5 g6f5 g2g3 h4e7 f3h5 d4c3 b2c3 e7e2 h5e2,2012,77,83,223,advantage master middlegame veryLong,https://lichess.org/y3Sz4fPp/black#36,Benoni_Defense Benoni_Defense_Hromadka_System
DPQHD,7R/pp4r1/2pk1q2/3p3R/2n2P2/2N2BP1/PPP3K1/8 b - - 12 39,f6d4 h5d5 c6d5 c3b5 d6c5 b5d4,2075,75,93,3668,advantage fork long middlegame sacrifice,https://lichess.org/tHwh9YMX/black#78,
y9WfO,rnbq1rk1/pp3pp1/4pn1p/8/2QN1B2/3BP3/PP3PPP/R3K2R w KQ - 3 13,h2h3 e6e5 f4e5 d8a5 b2b4 a5e5,1993,76,91,3643,advantage fork long middlegame,https://lichess.org/9trENTyc#25,Horwitz_Defense Horwitz_Defense_Other_variations
CqruQ,8/p2p4/1p2p1p1/4P3/P2P2kp/4K3/8/5B2 b - - 1 48,g4g3 f1b5 h4h3 b5d7 h3h2 d7c6,1965,78,94,13217,bishopEndgame crushing defensiveMove endgame long,https://lichess.org/B7K39FRT/black#96,
jCT7C,1r2r1k1/5p1p/6p1/3qb3/Q1bB4/2P5/5PPP/2R1R1K1 b - - 5 24,e5d4 e1e8 g8g7 e8b8 d4f2 g1h1,2072,75,95,152,advantage long middlegame,https://lichess.org/3dERH9SV/black#48,
qRwux,3rr2k/p4pp1/1p6/nP2p1b1/2P1B3/q3P2P/5QPN/2R2RK1 w - - 0 27,f2f7 a3e3 g1h1 e3e4 f7h5 g5h6,2069,80,89,185,advantage fork long middlegame,https://lichess.org/wRtymEag#53,
UdYUP,5rk1/5pp1/4p1qp/pp5R/2pP2P1/P1Pn4/1P4Q1/1K3R2 w - - 2 27,h5b5 d3e1 b1a2 e1g2,1936,77,93,151,crushing discoveredAttack discoveredCheck endgame short,https://lichess.org/5ncOrDxi#53,
qBWiR,8/1p6/1p3k2/2p2pp1/P1P5/1P2K1PP/8/8 w - - 3 44,g3g4 f5g4 h3g4 f6e5 b3b4 c5b4,1937,74,88,169,crushing endgame long pawnEndgame zugzwang,https://lichess.org/lKjbDkCt#87,
Q724K,4rr1k/p5pp/3b4/8/6Q1/7P/PPq2PP1/R1B2RK1 w - - 0 19,b2b3 c2f2 f1f2 e8e1 f2f1 e1f1,2049,78,93,6153,long mate mateIn3 middlegame pillsburysMate sacrifice,https://lichess.org/LYfTDP2S#37,Caro-Kann_Defense Caro-Kann_Defense_Tartakower_Variation
p9n22,5rk1/5pp1/p3p2p/2bp3P/6Q1/5RP1/3B1PK1/q7 b - - 11 38,g8h7 d2c3 a1c3 f3c3,1973,74,95,6415,crushing endgame short,https://lichess.org/aavLQsHG/black#76,
i9SqI,3r2bk/p5pp/1p1n4/4Q3/4B2P/2P1P3/P2r2P1/6RK w - - 1 36,h4h5 d8e8 e5e8 d6e8,1935,77,92,577,advantage master middlegame short,https://lichess.org/nGUWbkwm#71,
JGFEU,r1b1k2r/pp1p1ppp/1qn1p3/8/3Pn3/5N2/PPQ1BPPP/RN3RK1 b kq - 1 11,c6d4 c2e4 d4f3 e4f3,1913,75,92,2973,advantage hangingPiece opening short,https://lichess.org/kSJfZ7qD/black#22,Sicilian_Defense Sicilian_Defense_Smith-Morra_Gambit
QNkn5,2r1Nrk1/1p1b1pp1/pq2p3/3p2R1/P7/2Q5/1P3PPP/2R3K1 b - - 0 23,c8c3 e8f6 g8h8 g5h5,1913,82,90,223867,kingsideAttack mate mateIn2 middlegame pin short,https://lichess.org/qBYITkcZ/black#46,
glOGl,1r2k2r/3p4/pp2p3/2p2p2/P1Pq2p1/2NPR1P1/1P1B2K1/3B1R2 b k - 1 27,e8e7 c3d5 e7d6 d2c3 e6d5 c3d4,2067,80,78,48,advantage clearance long middlegame pin trappedPiece,https://lichess.org/ojAAIKYT/black#54,
f2YAB,1brk3r/1p3Qp1/p1p1p1p1/4P2p/3P2Pq/2P4P/PP1B4/R4RK1 w - - 2 22,f7g6 h4g3 g1h1 g3h3 h1g1 h3g3,1988,74,93,666,crushing exposedKing kingsideAttack long middlegame,https://lichess.org/M4JPsPib#43,
wWEMd,4rrk1/ppq2ppp/2pb1p2/3n3P/3P4/3QBP2/PPP1N1P1/2KR3R w - - 1 16,h5h6 e8e3 h6g7 e3d3,2055,77,85,221,advantage middlegame short,https://lichess.org/iMcToohI#31,Caro-Kann_Defense Caro-Kann_Defense_Main_Line
qSnSd,6rk/1R4p1/p1p4p/5P2/3P1QK1/P5P1/8/3q4 w - - 6 46,g4h4 g7g5 f5g6 d1h1 h4g4 g8g6 g4f5 h1h5,2087,80,90,1010,crushing endgame fork intermezzo veryLong,https://lichess.org/zzcH4jWR#91,
axqnP,r3r1kb/4pp1p/p2p2p1/1pp1n3/4P1n1/2PPBN1q/PP1QBP1N/R4R1K w - - 4 21,e3f4 e5f3 e2f3 g4h2 f3g2 h2f1 g2h3 f1d2,1925,79,93,3449,advantage discoveredAttack discoveredCheck exposedKing fork middlegame veryLong,https://lichess.org/0ZW8TjIq#41,
RwELn,8/8/3k1p2/3p2p1/3P2Pp/7P/4KN2/4n3 b - - 5 41,e1g2 f2d3 d6c6 e2f3 c6b5 f3g2,2049,76,91,557,crushing endgame knightEndgame long quietMove,https://lichess.org/n93wP6zA/black#82,
I9qw6,2q3n1/5pk1/p2Q1RP1/1p2P3/1P3P2/P5KP/4r3/8 b - - 0 53,c8c3 g3h4 c3e1 h4h5 e2e5 f4e5,1945,95,79,28,crushing defensiveMove endgame long,https://lichess.org/4IMLMwbp/black#106,
A0Nmr,8/7p/4k3/6PP/p1N1pK2/P1n5/8/8 b - - 1 38,e6d5 g5g6 h7g6 h5h6 d5c4 h6h7,2064,79,94,4719,advancedPawn crushing endgame knightEndgame long sacrifice,https://lichess.org/fkS65vHY/black#76,
hNbS1,1k1r1r2/pbp5/1p2Rn1p/5Bp1/3B1q2/2P2P2/P1Q3PP/R5K1 w - - 5 26,e6f6 f8f6 d4f6 d8d2 c2d2 f4d2,2069,75,87,663,crushing long middlegame,https://lichess.org/t6ol1W17#51,
cnpXZ,2q1r1k1/Qb3ppp/p3pb2/2B1n3/2P5/2N4P/PPR3P1/5RK1 w - - 3 24,b2b3 e5c6 a7b6 f6d8 b6b7 c8b7,2049,77,91,2090,crushing long master middlegame trappedPiece,https://lichess.org/v7TP4vYN#47,
5gPO3,5r2/2p3kp/3p2pn/pB1Pp1R1/1p2Pq2/1P6/P1P2r2/1K1R2Q1 b - - 0 28,h6f7 g5f5 f2d2 f5f4 d2d1 g1d1,1933,77,88,197,advantage long middlegame pin,https://lichess.org/GtQQ1NC3/black#56,
rqxjq,r7/p2q1p2/kp6/2p2P2/4Q1Pb/P2P1P2/1P5P/R1BK2Nb w - - 1 26,c1f4 a8e8 e4c4 b6b5 c4c3 e8e1 c3e1 h4e1,1963,77,92,459,advantage defensiveMove exposedKing fork middlegame veryLong,https://lichess.org/BRQOhHs9#51,
HXjlN,6r1/5p2/2k1pP2/3pP3/2n5/p1QRr3/1qP1KP2/R7 w - - 0 42,f2e3 g8g2 e2f3 g2c2 c3b2 a3b2,1935,81,84,64,advancedPawn crushing endgame long,https://lichess.org/qOUiIuhd#83,
0eoa1,3r3k/ppb3p1/2p1P2p/7Q/2B2q2/1P6/P4P1P/5RK1 b - - 2 27,d8d6 e6e7 d6g6 g1h1 f4e4 f2f3 e4e7 h5g6,1988,76,92,2313,advancedPawn crushing defensiveMove endgame veryLong,https://lichess.org/t86ypZ7N/black#54,
kd8e4,6k1/5p2/7p/2n1Q1p1/2B4P/2BP2K1/3P1PP1/1r5q b - - 4 30,g5h4 g3f3 h1d1 f3f4 c5d3 c4d3,1971,75,85,1239,crushing defensiveMove endgame long,https://lichess.org/Yl5syohe/black#60,
KhVdx,4rr1k/5pp1/1p3n2/pB5n/3Np2P/3PKR2/PPP5/7R w - - 0 30,d3e4 e8e4 e3d3 h5f4 f3f4 e4f4,1900,75,87,664,crushing long middlegame,https://lichess.org/grSvJnzK#59,
jYYkZ,rn2r2k/4q2p/1p1p2Q1/p1pP4/8/2N2N2/PPP2n2/2KR3R b - - 1 19,f2d1 f3g5 a8a7 h1h7,2097,74,84,137,advantage kingsideAttack middlegame pin short,https://lichess.org/uV7O51mx/black#38,Indian_Defense Indian_Defense_Other_variations
0mVBm,r3k2r/pN2bpp1/3p4/5q2/2P1nPnp/2Q1B3/PP2B1PP/3R1R1K w kq - 1 22,c3d3 e4g3 h1g1 f5d3,2064,81,91,1879,advantage discoveredAttack middlegame short,https://lichess.org/bnMZJ5La#43,
2hpvl,r1b3r1/2p2qbk/p1p3np/2N1p3/2P2P2/1P6/PBQRNP1P/3R2K1 b - - 0 21,e5f4 d2d7 c8d7 d1d7 f7d7 c5d7,1966,75,85,98,advantage long middlegame sacrifice,https://lichess.org/V5xmYe47/black#42,
gOFAV,8/p7/1p4P1/5N1p/P6k/3K4/1b6/8 b - - 0 41,h4g4 f5d4 g4g5 g6g7,1930,76,98,106,advancedPawn crushing endgame quietMove short,https://lichess.org/4WcuBFdR/black#82,
Z9EZj,2r5/1p3P2/p3P1kp/8/2PK3P/6r1/8/5R2 b - - 4 37,g3g4 d4e5 g4c4 f7f8q c8f8 f1f8,2083,163,60,14,advancedPawn crushing defensiveMove endgame long promotion rookEndgame,https://lichess.org/dbGJVzad/black#74,
MepNP,3k4/8/1P4p1/2K1P2p/3n4/7P/7P/8 b - - 0 44,d4e6 c5d6 e6d4 b6b7 d4f5 d6c6,2023,75,95,1558,advancedPawn crushing defensiveMove endgame knightEndgame long,https://lichess.org/cQ1BzVcs/black#88,
wvry0,8/pp1q1kp1/2p2r1p/4N3/5Q1P/P7/1P6/6K1 b - - 1 38,f7e6 f4g4 e6e5 g4d7,1925,74,88,84,advantage deflection endgame short skewer,https://lichess.org/XBLtLrOz/black#76,
JSjwL,8/8/4R3/2r5/1K1bkp2/3r3R/1P6/8 b - - 3 58,e4d5 h3d3 d5e6 d3d4,1902,294,56,4,endgame equality pin short,https://lichess.org/YB6zY32w/black#116,
90tNY,8/5k2/6p1/5pK1/5P2/5P2/8/8 w - - 4 56,g5h6 f7f6 h6h7 g6g5 f4g5 f6g5 h7g7 f5f4,1901,75,80,548,crushing defensiveMove endgame pawnEndgame veryLong zugzwang,https://lichess.org/I2vGrEAk#111,
UCvWA,1r3k2/5pb1/b3p1q1/3pPP2/1P1P4/4Q2B/2rB1R1K/8 b - - 0 37,g7h6 e3h6 g6h6 d2h6 f8e8 f2c2,1947,90,75,22,advantage long middlegame,https://lichess.org/TJ9v6DfS/black#74,
WPTCx,6k1/5p1p/4p1p1/pQ2N3/P2P4/2q3nP/6P1/3K4 b - - 3 34,g3e4 b5e8 g8g7 e8f7 g7h6 f7f4,2056,76,93,1573,advantage endgame long,https://lichess.org/yfs82zEa/black#68,
MHGSj,R7/4pk1p/1P3pp1/2P5/8/pr2p1P1/7P/4K3 b - - 1 36,f7e6 c5c6 b3b6 c6c7,1977,76,91,1628,advancedPawn advantage endgame master masterVsMaster rookEndgame short,https://lichess.org/3WZOQ6N8/black#72,
D5ZDI,1Q6/8/6pk/8/8/6P1/1p3PK1/3q4 b - - 14 57,b2b1q b8h8 h6g5 f2f4 g5f5 h8e5 f5g4 e5g5,1908,75,96,3082,endgame master masterVsMaster mate mateIn4 queenEndgame veryLong,https://lichess.org/yvGdkLef/black#114,
w7xxK,r1bq1rk1/1ppnppbp/p4np1/3pN3/3P1B2/3BPN2/PPP2PPP/R2QK2R b KQ - 7 8,f8e8 e5f7 g8f7 f3g5 f7g8 g5e6 d7e5 e6d8,1959,75,80,136,attraction crushing kingsideAttack opening sacrifice trappedPiece veryLong,https://lichess.org/GVBVkn8s/black#16,Queens_Pawn_Game Queens_Pawn_Game_London_System
krL9q,r4rk1/pb3pp1/1p5p/2bn4/3N4/4Q3/PP4PP/2R2RK1 w - - 0 19,e3d3 d5b4 d3d1 a8d8 c1c5 b6c5,1998,76,92,1213,crushing long middlegame,https://lichess.org/XjnkxDj0#37,Slav_Defense Slav_Defense_Slav_Gambit
pSq4e,8/3r1k2/8/4Pb2/3R1pp1/2K3P1/2B2P2/8 b - - 2 44,d7d4 c2b3 f7e7 c3d4 f4g3 f2g3,2051,74,95,2662,advantage endgame intermezzo long,https://lichess.org/Q6ezDcOY/black#88,
zC0eK,r1bq1rk1/1pp2ppp/2n2n2/p2p4/1b1PpN2/1BN1P3/PPPB1PPP/R2QK2R w KQ - 2 9,f4d5 f6d5 c3d5 b4d2 d1d2 a5a4,2002,76,91,1993,advantage long opening,https://lichess.org/JmIlzyhF#17,Vant_Kruijs_Opening Vant_Kruijs_Opening_Other_variations
Rk23B,2r4r/pp3pk1/2n1b1p1/3p3q/3P1B2/P2B1PR1/3Q3P/6RK w - - 6 30,d3g6 f7g6 g3g6 h5g6 g1g6 g7g6,1989,75,88,649,advantage long middlegame,https://lichess.org/DnhENkFl#59,
G1Xyi,6r1/p2P2BB/2P1k2p/8/7p/8/P4K2/6r1 w - - 0 45,f2g1 g8g7 g1h2 e6e7 h7f5 e7d8,1928,74,97,3642,advantage endgame fork hangingPiece long master,https://lichess.org/YGaZ7ITF#89,
ew6x1,6kr/4pp1p/b5qQ/1N1p4/4nR2/8/1PP3PP/5BK1 w - - 2 28,h6h3 g6b6 g1h1 e4f2 f4f2 b6f2,2076,83,91,2108,crushing fork long middlegame,https://lichess.org/7by1boZW#55,
nXmWF,Q6r/4bkpp/pR1nq3/2p1n3/8/N1P5/P2P1PPP/2B1K2R w K - 1 20,b6d6 e5d3 e1d1 d3f2,2096,77,90,179,crushing deflection discoveredCheck doubleCheck master middlegame short,https://lichess.org/q5Vz0jkZ#39,
gYYT6,5bkr/ppN4p/4b3/7Q/3nN1n1/2P3BP/Pq1KPPP1/3R1B1R w - - 3 23,d2d3 b2c2 d3d4 c2d1 e4d2 d1d2,2021,77,92,365,crushing fork long middlegame,https://lichess.org/NGnuuzw0#45,
jd0of,rk2r3/1p2n3/p1nP3p/6b1/3P1p2/1QPb1B1P/PP1B1qP1/R2KR3 b - - 0 27,e7d5 e1e8 b8a7 e8a8 a7a8 b3d5,1963,78,86,85,advantage hangingPiece long master middlegame queensideAttack,https://lichess.org/D2M0p0DW/black#54,
DlUMS,r5k1/p6r/4p3/1B1p1p2/3P1Npp/2P5/PPn3P1/R3R2K w - - 4 31,b5d7 h7d7 a1c1 c2e1,1934,76,91,749,crushing hangingPiece middlegame short,https://lichess.org/47xVFAZ0#61,
sOR4c,3rr1k1/1p3pp1/p1p3qp/6n1/1P6/P2RP2P/2Q1NPP1/5RK1 w - - 14 28,e2f4 g5h3 f4h3 g6d3,2044,85,67,27,advantage deflection kingsideAttack middlegame pin short,https://lichess.org/VxEqNZzX#55,
NKSSo,8/7Q/4Pp2/3p1kp1/3P4/2P4P/6PK/r3Bq2 b - - 0 32,f5f4 e1d2,1900,81,91,5639,endgame mate mateIn1 oneMove,https://lichess.org/xJsZJiSN/black#64,
yURJo,5rk1/4qpp1/p1r3bp/np1B2b1/5B2/2P2PP1/1P1QN1PK/3R3R b - - 0 29,f8d8 f4g5 h6g5 d5f7 g6f7 d2d8,2031,76,92,3367,crushing discoveredAttack kingsideAttack long middlegame,https://lichess.org/o8eLaHvo/black#58,
thtPK,r2q1rk1/ppp2ppp/5n2/2bP4/1nP3b1/1B3N2/PP1PQ1PP/RNB2RK1 w - - 1 12,g1h1 f8e8 e2d1 b4d3,2014,74,88,547,crushing opening short,https://lichess.org/G5cQENAO#23,Italian_Game Italian_Game_Two_Knights_Defense
rBU9P,rn6/1p5R/1p6/1P1p3R/1K1pk3/P4pP1/2P1r3/8 b - - 1 40,d4d3 h7e7 e4d4 c2c3,2061,75,96,14918,endgame mate mateIn2 short,https://lichess.org/PHE8R5hi/black#80,
MmXAX,4rrk1/p1p5/1p2p3/3pPq1p/3P1npP/2P1Q3/PP3RPK/7R b - - 1 30,e8e7 h1f1 e7f7 f2f4,2049,159,100,33,equality middlegame quietMove short,https://lichess.org/wp2OCCQu/black#60,
ZKu74,7k/4r1p1/7p/P7/1pQ2p2/6qP/2P3P1/R6K w - - 0 37,c4b4 f4f3 a1g1 f3g2,1988,82,84,67,advancedPawn crushing endgame short,https://lichess.org/jHXH8jkx#73,
CnuIy,3r1rk1/1q2bppp/pp2p3/2p5/2P1N3/1P1nPQP1/PB5P/3R1RK1 b - - 1 20,d3b2 d1d8 e7d8 e4f6 d8f6 f3b7,2033,77,94,10210,advantage discoveredAttack long master middlegame,https://lichess.org/wTIXDegl/black#40,
Aa3rf,8/5p2/6p1/r3PkP1/3p4/pP6/P1PK4/4R3 b - - 0 35,a5e5 e1e5 f5e5 d2d3 f7f6 g5f6,1905,77,92,660,crushing endgame long rookEndgame,https://lichess.org/3AoymH5v/black#70,
MxsG3,b5k1/4b1p1/6rp/5p2/2N4r/1P1P2BP/P1P2PP1/R4RK1 w - - 3 30,g3h4 g6g2 g1h1 g2f2 h1g1 f2g2,1986,79,91,3652,advantage deflection discoveredAttack discoveredCheck long middlegame,https://lichess.org/GicHW63e#59,
F2OoS,r7/pp2kpp1/4p1qp/2b5/1nPp4/5N1P/P4PP1/R2Q1RK1 w - - 0 18,f3d4 a8d8 d1f3 d8d4,2047,83,91,985,crushing middlegame short,https://lichess.org/VBmw6mnv#35,Scandinavian_Defense Scandinavian_Defense_Mieses-Kotroc_Variation
aEAbr,8/8/8/4p1Bp/7P/5pk1/3K4/8 w - - 4 55,d2e1 f3f2 e1e2 g3g2,2058,75,79,78,advancedPawn bishopEndgame crushing defensiveMove endgame short,https://lichess.org/R9uA9Sx5#109,
rOe5h,8/p2k4/b1p1p3/3p1r2/3q3p/P6Q/1P3PPP/R4RK1 w - - 1 24,a1d1 f5f2 h3e6 d7e6 f1e1 f2e2 d1d4 e2e1,1997,81,90,1296,crushing deflection discoveredAttack discoveredCheck endgame veryLong,https://lichess.org/d0oQx0nW#47,
UEkFk,r2q1rk1/5ppp/p1n5/1p3b2/3N4/2nP1P2/PP1QB1PP/R4RK1 w - - 0 20,d4c6 c3e2 d2e2 d8b6,2087,77,90,1101,advantage kingsideAttack middlegame short,https://lichess.org/258uGUjC#39,
CrT4P,8/2r2p2/p7/kpq5/2p5/P4BPP/1P1Q1PK1/8 b - - 2 38,c4c3 b2b4 a5a4 d2c2 a4a3 b4c5,1944,77,88,77,crushing endgame fork long master,https://lichess.org/z9bSSQws/black#76,
hdoYW,8/8/8/8/7k/6p1/1R2K1B1/r6q w - - 0 71,g2h1 a1h1 e2f3 h4h3 b2b7 h1f1,1977,75,94,841,crushing endgame long,https://lichess.org/xANXH9sk#141,
9hgBp,r3k2q/1p1bb3/2p2p2/1p2p3/N3P3/PB3Q2/1PP3PP/3R2K1 w q - 0 24,a4b6 e7c5 g1h1 c5b6 b3f7 e8e7,2007,75,87,285,advantage fork long middlegame,https://lichess.org/eYGSVvHq#47,
QxP07,3r1r1k/4q2p/pp2B3/2pPp3/2P1Pn1P/1P3R2/P5Q1/5RK1 w - - 7 39,g2g5 f8g8 e6g8 d8g8 g1f2 g8g5,1984,75,92,400,advantage long middlegame pin sacrifice,https://lichess.org/ps9SfQ1p#77,
Fs1Zt,8/8/8/1R2k1p1/6P1/5P2/1p4K1/1r6 b - - 4 42,e5f4 g2f2 b1f1 f2f1 b2b1q b5b1,2078,76,88,193,crushing endgame long rookEndgame,https://lichess.org/ZmBLy0rQ/black#84,
gk2D1,1Q2kb1r/p5np/8/4Nq2/1n3N2/4B1P1/PP5r/3K4 b k - 1 27,e8e7 e3c5 e7f6 b8d8 f8e7 d8e7,1976,101,80,49,exposedKing fork long mate mateIn3 middlegame,https://lichess.org/qxZ4Ixqe/black#54,
g7CY4,rr4k1/p1p2ppp/2Qb4/3P4/8/4B3/PP2KPq1/2R3R1 b - - 1 22,b8b2 e2d3 g2f3 c6a8,2044,87,87,29,advantage defensiveMove middlegame short,https://lichess.org/Xmf3Acau/black#44,
gZR7y,2k5/pp1q1p2/7p/3pp3/P6n/1NPP2P1/5Pr1/1R1Q1K2 b - - 0 24,g2g3 f2g3 d7h3 f1e1 h3g3 e1d2,2091,75,93,3166,advantage defensiveMove endgame hangingPiece long,https://lichess.org/TaWDXq76/black#48,
hQwVi,2r2k1r/3Q1pb1/1p2p2p/p2pNbp1/P2P4/q1P4P/5PPB/5RK1 b - - 3 23,g7e5 d7c8 f8e7 c8b7,1970,83,88,969,advantage hangingPiece middlegame short,https://lichess.org/x1lF01B0/black#46,
yP2Ba,2k1r3/2p2pb1/2pr2pp/NpB5/4Pn2/2PP1P1P/PP2KP2/R6R w - - 3 21,e2e3 d6d3 e3f4 g7e5 f4g4 h6h5 g4h4 d3f3,1921,77,91,803,crushing deflection middlegame sacrifice veryLong,https://lichess.org/sb6ReelY#41,
s0AOn,8/7p/1p6/pPb2P2/P1k4P/2B1pP2/4K3/8 w - - 1 43,c3e1 c4b3 f5f6 b3a4 f6f7 a4b5 e1c3 c5f8,2071,76,87,380,advantage bishopEndgame defensiveMove endgame veryLong,https://lichess.org/wtX1ZUkL#85,
Ywl6t,rr4k1/5pp1/P1NRp2p/3p4/2p5/B3P2P/1n3PP1/5K2 b - - 1 29,b8e8 a3b2 a8a6 c6e7 e8e7 d6a6,1968,80,86,58,advantage discoveredAttack endgame long,https://lichess.org/oiC7J88J/black#58,
8lQaO,r2r2k1/4P1b1/p1p3pp/q7/2n2P2/2N5/PP6/2KRQ2R b - - 0 24,d8e8 e1e6 g8h7 h1h6 g7h6 e6f7,1911,82,64,69,advantage exposedKing fork long middlegame sacrifice,https://lichess.org/1hMmuYVN/black#48,
US0U4,r5k1/2p1b1p1/p7/1p2pr1p/2b3Q1/2PqB2P/PP1N1PP1/R3K2R w KQ - 0 19,g4d1 d3e3 f2e3 e7h4 g2g3 h4g3,1935,75,94,2158,long mate mateIn3 middlegame sacrifice,https://lichess.org/ygZwrNSS#37,
WeVqD,6r1/1R2b2k/7p/4Np2/P2PnP2/4P3/P1r4P/2B2RK1 w - - 1 42,g1h1 e4f2 f1f2 c2c1 f2f1 c1f1,1972,75,87,472,deflection long master mate mateIn3 middlegame,https://lichess.org/5efmS8YY#83,
ZC84g,2k4r/p1q2p1p/1pPbp3/7b/2P1n1r1/1Q2BN2/PP2BPP1/2R2RK1 w - - 0 20,f3e5 g4g2 g1g2 h5e2,1928,83,67,34,crushing discoveredAttack kingsideAttack middlegame short,https://lichess.org/sNwLAQnV#39,
ijA56,1qr5/p2nQpk1/1p2p1p1/3pP2r/5PR1/2N1P2P/PP5K/2R5 b - - 7 32,c8h8 g4g6 g7g6 c1g1 g6h6 e7f7,1960,74,85,421,attraction crushing deflection long middlegame pin sacrifice,https://lichess.org/ynnaWqqe/black#64,
aQjcW,r1bqk2r/3pnppp/4p3/1N2P3/3Q2PP/8/PPP2P2/2KR3R b kq - 0 14,a8a2 b5d6 e8f8 d4f4,1904,77,85,56,crushing middlegame short,https://lichess.org/cyJayXpV/black#28,Sicilian_Defense Sicilian_Defense_Taimanov_Variation
8jLUn,1Rk4r/p1P2p2/Q3p1p1/P6p/8/4bBq1/3r4/5K1R b - - 2 35,c8c7 a6c6 c7b8 c6b7,1979,76,95,2185,mate mateIn2 middlegame sacrifice short,https://lichess.org/joue8LNd/black#70,
iuhg8,r2qr2Q/1b2kpp1/p2p1b1p/1p1P4/8/8/PPB2PPP/R1B2RK1 w - - 7 21,f1e1 e7d7 c2f5 d7c7 h8e8 d8e8 e1e8 a8e8,2064,76,80,221,advantage middlegame veryLong,https://lichess.org/LVIuoINu#41,
e0JjX,8/5k2/6p1/3P1p1p/4pP1P/7K/5P2/8 w - - 0 47,h3g3 f7e7 f2f3 e4e3 g3g2 e7d6 g2f1 d6d5,1969,76,84,62,crushing endgame pawnEndgame veryLong,https://lichess.org/LZ2qemEo#93,
vV2Nq,1r4k1/6p1/3bN3/2pP1Pp1/P1P5/2q5/1pB3Q1/1R4K1 w - - 0 39,e6g5 c3e3 g1h1 e3c1 g2g1 c1c2,1973,76,92,2737,crushing deflection exposedKing long middlegame,https://lichess.org/cgt62D3V#77,
Ajwis,Q2r1bnr/1pp1kp1p/3p1qp1/1B1P4/8/4B3/PPP2PPP/2KRR3 b - - 5 14,d8a8 e3g5 e7d8 e1e8,2048,79,88,88,discoveredAttack discoveredCheck mate mateIn2 middlegame operaMate pin short,https://lichess.org/6RqUIE9T/black#28,Three_Knights_Opening Three_Knights_Opening_Other_variations
avDAe,2rr2k1/1bp2ppp/1p2p1n1/p2qP3/3P3N/P2Q4/1PB2PPP/2R2RK1 b - - 3 18,g6h4 d3h7 g8f8 h7h8 f8e7 h8h4,1913,74,40,149,advantage fork long middlegame,https://lichess.org/o9gdOW9j/black#36,Queens_Gambit_Declined Queens_Gambit_Declined_Three_Knights_Variation
y7Aof,3q1k1r/R3bp2/5p2/3p4/1p1P4/3QP1N1/5PPP/7K w - - 1 26,g3f5 d8b8 h2h4 b8a7,1941,75,75,99,advantage endgame master short,https://lichess.org/X0Smwpne#51,
GtKSp,3q2k1/1p4p1/p2pR3/3p3p/P2Q3P/8/1P3PPK/2r5 b - - 2 26,c1c4 d4d5 d8h4 h2g1 c4c5 e6e8 g8h7 d5g8 h7g6 e8e6,1967,76,100,82,crushing doubleCheck endgame veryLong,https://lichess.org/O3prNUzb/black#52,
IO21n,5rk1/4pp1p/p2p1bp1/1p4n1/1B3K2/PP2P1P1/7P/1R3R2 w - - 3 27,h2h4 e7e5 f4g4 h7h5,1932,77,96,2146,endgame mate mateIn2 short,https://lichess.org/JokaOtu0#53,
D6wFN,2r2k2/2PRbp1p/1pR5/pP4r1/P7/7P/5PP1/6K1 b - - 6 33,g5c5 c6c5 e7c5 d7d8 f8e7 d8c8,1962,75,88,120,crushing endgame long,https://lichess.org/2dc8SagZ/black#66,
LrkFZ,8/p4p2/4p3/8/1P3k2/5P1K/P7/8 w - - 1 42,a2a4 f4f3 b4b5 f3e4,1950,78,70,58,crushing defensiveMove endgame master pawnEndgame short,https://lichess.org/VZZtzLpI#83,
m0UCh,6r1/8/1k6/2R5/1Bpn4/6Pp/P1P2P2/6K1 w - - 3 38,c5c4 d4f3 g1h1 g8d8 c4e4 d8d1 e4e1 f3e1,1989,75,70,85,advantage endgame quietMove veryLong,https://lichess.org/FfzEZLoW#75,
RgjDW,3r1r2/pp2qpk1/6p1/2p1bb2/4N2P/2PBP3/PPQ2PP1/1K1R3R w - - 3 21,e4g5 d8d3 d1d3 c5c4 e3e4 c4d3,2022,73,94,11922,advantage attraction long middlegame sacrifice,https://lichess.org/sHTYN9Zf#41,
dclWt,4r2k/4nQ2/1q4p1/pp1BP3/1P4P1/P7/7K/4R3 w - - 1 31,f7f4 e7d5 f4f7 b6e6 f7e6 e8e6,1940,75,74,203,advantage endgame hangingPiece long,https://lichess.org/fAo2VbBG#61,
6sh4O,5rk1/pRp2ppp/8/2b1r3/8/5Q2/PPPP2P1/RNB1KB1q w - - 3 22,e1d1 f8e8 d2d4 e5e1 d1d2 e1f1,2071,80,74,66,advantage long middlegame quietMove,https://lichess.org/SDWAjPsA#43,
qkFqH,Q1R2nk1/p3q1p1/1p4r1/3Ppp2/5P2/4PKNp/PP5P/8 w - - 0 34,g3f5 e5e4 f3f2 g6g2 f2f1 e7b4 c8f8 b4f8 a8f8 g8f8,2036,75,92,1297,advantage endgame veryLong,https://lichess.org/Yg2lyRDV#67,
3cwAS,1rbb1k2/pp2r2p/2pN2p1/2q1PP2/3p4/1Q1P4/PPP3PP/R4RK1 b - - 0 21,c5e5 f5g6 f8g7 d6e8 g7g6 b3g8,2024,135,26,12,crushing discoveredAttack discoveredCheck exposedKing long middlegame,https://lichess.org/h7zypunP/black#42,
7vtB0,3r1rk1/p4p1p/2q3p1/4Q3/3p4/1P6/P1P2PPP/3RR1K1 w - - 1 22,d1d4 d8e8 e5e8 f8e8 e1e8 c6e8,1952,74,95,4089,advantage endgame long,https://lichess.org/AsyRW9QU#43,
0ETs8,1r2k2r/p1p1n1p1/1p2Qpb1/2N1p3/6P1/P2PB2P/1qP2KB1/2R5 b k - 3 24,b6c5 e3c5 b2d4 c5d4,1962,76,87,107,advantage middlegame short,https://lichess.org/dnTQWbsp/black#48,
XZ5PF,4k2r/pQ1rn1pp/2p2p2/8/3P1pb1/5N2/qPP3PP/2K1RB1R w k - 3 16,b7c6 a2a1 c1d2 a1e1 f3e1 e7c6,2015,75,98,363,advantage long middlegame,https://lichess.org/rmFD3XBw#31,Kings_Gambit Kings_Gambit_Other_variations
YMdv8,8/7p/3pp1p1/4k3/4P1P1/4PK1P/8/8 w - - 0 37,h3h4 h7h6 g4g5 h6h5 f3e2 e5e4,1923,75,88,93,crushing endgame long pawnEndgame quietMove zugzwang,https://lichess.org/Mn60WWAz#73,
RKIKY,3q2k1/4b1pp/Q3n3/4P3/P2p4/3Pp1BP/3r2P1/5RK1 b - - 2 28,e3e2 a6e6 g8h8 f1f7 d2d1 g1h2,2044,85,73,37,advantage defensiveMove hangingPiece long middlegame,https://lichess.org/jDIFy5vF/black#56,
499jg,5r1k/4Q1pp/1pR5/p7/P2P2qP/4RpP1/3n1PK1/8 w - - 0 37,g2g1 g4g3 f2g3 f3f2 g1h2 f2f1q,1954,75,88,147,advancedPawn advantage deflection endgame long promotion sacrifice,https://lichess.org/YHNSN6IY#73,
L6KHz,4r1k1/1q4Pp/4R3/ppb5/2p2BQ1/P1Pp3P/1P4P1/7K b - - 0 33,e8e6 g4e6 b7f7 e6c8 g8g7 f4e5,2042,75,96,737,crushing endgame fork long,https://lichess.org/spkc6Fih/black#66,
rsBoz,r1bq1rk1/pp2n2p/1n4p1/2BP1p2/4p3/2R4P/PP2BPPN/3QK2R b K - 0 16,b6d5 e2c4 c8e6 c5e7 d8e7 c4d5 a8d8 d5e6,2036,77,89,197,advantage kingsideAttack middlegame pin veryLong,https://lichess.org/Kg77x5RS/black#32,Alekhine_Defense Alekhine_Defense_Exchange_Variation
Csbj0,8/5p1k/1p1b2pp/8/1qP1N3/p5P1/Q4PPK/8 w - - 0 51,e4d6 b4b2 a2b2 a3b2,1916,74,95,10965,advancedPawn crushing endgame master short,https://lichess.org/XYM6KPyM#101,
q6cSl,r1b2r2/pp4pk/2pq4/3p4/3Pp1pP/4P1P1/PPB1QP1K/R4R2 w - - 2 23,f2f3 g4f3 f1f3 c8g4 f3f8 g4e2,2003,76,88,433,crushing long middlegame,https://lichess.org/0aURT292#45,
513tH,5rk1/p5pp/b7/3R4/2P5/Pq2P1NP/1P2Q1P1/4K3 w - - 1 36,d5d3 b3c4 d3c3 c4c3 b2c3 a6e2,1972,74,88,742,advantage endgame exposedKing long,https://lichess.org/5U71SzIG#71,
ixAlu,2rq1rk1/p4R2/1p1Pp1p1/4P2p/2B1Q3/7P/PP4P1/6K1 b - - 0 26,g8f7 e4b7 c8c7 d6c7,2026,84,81,32,advancedPawn advantage endgame short,https://lichess.org/FTmaR4QW/black#52,
6vhAK,r2q1rk1/p1p1bp1p/2p3pQ/8/2B1pBb1/2N5/PPP2P1P/R5K1 b - - 1 14,g4f5 a1d1 e7f6 d1d8,1902,75,88,425,advantage middlegame short,https://lichess.org/EKEiMMkF/black#28,Scotch_Game Scotch_Game_Scotch_Gambit
3eeIJ,8/R7/2p3pk/1p1p3p/1Pnq1r2/1R6/4QPPP/6K1 w - - 0 32,g2g3 f4e4 b3d3 d4a7,2036,75,98,545,advantage endgame short,https://lichess.org/CvvzZrvD#63,
eLX8M,5rk1/p1q2r2/8/1ppB2n1/2P2N2/PP1P2K1/1b3Q2/5R2 w - - 1 32,d5f7 f8f7 f2b2 g5e6,1939,74,86,1843,advantage middlegame pin short,https://lichess.org/cLzQ7eJG#63,
56jqu,4rr1k/p5bp/1p1q2p1/P1pp4/3n2P1/QP1P1N2/2P2PB1/4RR1K w - - 0 29,f3d4 e8e1 f1e1 g7d4,2049,76,87,305,crushing intermezzo middlegame short,https://lichess.org/cYwDDhjK#57,
SYyF5,2r2rk1/pp1b2pp/1q2p3/n2pP2P/8/PP1Q1N1R/4NbP1/R1BK1B2 w - - 1 19,e2d4 f2d4 d3d4 b6d4 f3d4 f8f1,2010,78,94,1406,advantage exposedKing long master middlegame,https://lichess.org/lGx2Atkr#37,
uPd1r,r4rk1/1p2ppb1/1q1p2pp/1Nn5/p1n1P1P1/P1N2P2/1PP1QB1P/2KR3R b - - 6 18,c4b2 c1b2 c5d3 e2d3,2094,79,89,1217,advantage hangingPiece middlegame short,https://lichess.org/FlycLO54/black#36,Sicilian_Defense Sicilian_Defense_Dragon_Variation
0vv5Z,r1bk1b1r/pppp1pp1/5n1p/1N2q3/2B1P3/5Q2/PPP2PPP/R1B1K2R b KQ - 1 9,f6e4 c1f4 e4g5 f4e5 g5f3 g2f3,1901,75,84,118,advantage long opening,https://lichess.org/FFDEc0Gu/black#18,Italian_Game Italian_Game_Anti-Fried_Liver_Defense
QIC7b,8/p3n3/1p1p1k2/4pB1R/2N1Pb2/2P5/PP3K2/3r4 w - - 4 40,c4e3 d1d2 f2f3 d2d3,1941,75,89,913,advantage endgame short,https://lichess.org/VlhhYF8e#79,
JVUeC,8/2p5/1b6/pP6/P1Nkp3/1P4p1/4K1P1/8 w - - 8 46,c4b6 c7b6 b3b4 a5b4 a4a5 b4b3 a5b6 b3b2 b6b7 b2b1q,2071,75,86,166,advancedPawn crushing endgame promotion veryLong,https://lichess.org/PBVHNvQt#91,
r6UQL,2r5/p5k1/1p1q2p1/4pRQ1/8/6RP/P5PK/2r5 b - - 2 35,e5e4 f5d5 c8c5 d5d6 c5g5 g3g5,1955,79,80,41,crushing endgame long,https://lichess.org/ClCwcPiw/black#70,
Qg4tk,1r3rk1/p4ppp/4P3/2pq4/5B2/1PQ5/P1P2PPP/4R1K1 b - - 0 19,b8e8 e6e7 e8e7 e1e7,1991,74,94,3367,advancedPawn crushing endgame master short,https://lichess.org/0BjW9PLs/black#38,Scotch_Game Scotch_Game_Scotch_Gambit
CqYzW,2kr3r/pp2nppp/2n5/2b5/5B2/2N4P/PPP2PP1/R3KB1R w KQ - 2 13,f1c4 d8d4 c4d3 d4f4,1954,84,76,29,advantage fork middlegame short,https://lichess.org/2RE4sxxz#25,Caro-Kann_Defense Caro-Kann_Defense_Two_Knights_Attack
iPHYT,8/6k1/3R3p/8/1P3PP1/3pN2P/2r4n/5K2 w - - 2 48,f1e1 c2e2 e1d1 e2e3,2064,76,92,3729,advantage endgame fork short,https://lichess.org/aUGzCcOs#95,
MgazV,8/8/p3p3/2Pk1pKp/P7/6PP/8/8 w - - 1 41,g5f6 h5h4 g3h4 f5f4 h4h5 f4f3,2010,79,91,466,crushing endgame long pawnEndgame quietMove,https://lichess.org/z29uIUs0#81,
445lT,3Q1b2/5pk1/4p1pp/3pP3/3P4/q3BP1P/5PK1/8 b - - 8 41,a3d3 e3h6 g7h6 d8f8 h6h7 f8f7,1967,76,80,250,attraction crushing deflection endgame long,https://lichess.org/x4dtWS21/black#82,
sUXFK,2r3bk/pp1n2p1/2pP1pqp/2P1p3/1P3n2/P4N2/1B1Q1PPP/2R1R1K1 w - - 5 27,f3h4 g6g5 e1e3 g5h4,2028,77,88,70,crushing master middlegame short,https://lichess.org/ZHQ7eVoO#53,
SZzj3,1k1rr3/1p3p2/p2p1B1p/n2P4/2Q5/P4P2/4BPqP/3RKR2 w - - 2 26,c4h4 g2f3 f6e7 f3c3,1904,75,91,1709,crushing middlegame pin short,https://lichess.org/Iw6FfZA9#51,
wYeLD,2kb4/R7/1P6/1KP5/5r2/8/8/8 b - - 2 54,f4e4 a7a8 c8b7 a8d8,2017,103,77,21,crushing deflection endgame short skewer,https://lichess.org/ZQnddMnT/black#108,
Kwb2v,2r2r2/pp4pp/8/3pk3/4pN2/7P/PPRR2P1/6K1 w - - 2 29,f4e2 e4e3 c2c8 e3d2 c8f8 d2d1q,1994,78,92,4527,advancedPawn crushing endgame long promotion,https://lichess.org/jUnJw88D#57,
N3Gnf,r2k4/pp1bqp2/2pb4/8/3P2n1/2P2Q2/PP2NPPP/RN2K2R w KQ - 0 22,e1g1 d6h2 g1h1 e7h4,1902,76,87,51,crushing kingsideAttack middlegame short,https://lichess.org/kNXsJqJA#43,
W8ZwY,r3k2r/1pp2pp1/p1p3n1/2b1p3/4P2q/3P4/PPPNQNP1/R1B1R1K1 w kq - 1 15,d2f3 h4h1,1927,77,87,99,mate mateIn1 middlegame oneMove pin,https://lichess.org/dPtgmNnY#29,Ruy_Lopez Ruy_Lopez_Exchange_Variation
ocycV,r3k1r1/5p1p/pp6/2Bppbq1/8/1KP5/PP2B3/2RQ3R w q - 0 24,d1d5 f5e6 d5e6 f7e6 c1g1 b6c5,2029,74,83,78,advantage long middlegame pin,https://lichess.org/NySLMpsV#47,
dTfHl,r4bnr/pp3kpp/2p2q2/4p3/6Q1/2p5/PP3PPP/RNB1R1K1 b - - 0 12,f8c5 g4c4 f6e6 c4c5 c3b2 c1b2,2045,78,92,1874,crushing fork long middlegame,https://lichess.org/ZdOZrC4k/black#24,Scotch_Game Scotch_Game_Goring_Gambit
i4W3I,3r2k1/P2q1p2/1P1b1p1p/3p4/8/3Q4/5PpP/3R2K1 b - - 0 32,d6c5 d3d5 d7d5 d1d5,1980,74,75,100,crushing endgame short,https://lichess.org/JappwbtU/black#64,
Mlf16,r3k2r/2qnbpp1/3p1n2/p3pPBp/Npb1P3/1N1B4/PPPQ2PP/1K1R2R1 w kq - 1 16,d2e2 c4d3 c2d3 c7c6,1920,75,89,948,crushing master middlegame short,https://lichess.org/Zdci4dWn#31,Sicilian_Defense Sicilian_Defense_Najdorf_Variation
CjUbt,r1b1kb1r/pp3ppp/1qN1pn2/8/Q1pp4/6P1/PP2PPBP/RNB2RK1 b kq - 0 9,b7c6 a4c6 b6c6 g2c6 c8d7 c6a8,2013,76,93,3224,crushing fork long middlegame,https://lichess.org/Cy8PfURM/black#18,Queens_Pawn_Game Queens_Pawn_Game_Symmetrical_Variation
8TY0K,8/pR6/5rpk/2p5/4Q3/4P2P/P4qP1/7K w - - 2 34,b7a7 f2e1 h1h2 f6f1 e4f4 f1f4,2020,75,86,313,clearance crushing endgame long quietMove,https://lichess.org/ZkF3lpQA#67,
0EosU,6k1/5ppp/p1b5/n7/4P3/1pP3PP/5PB1/R5K1 w - - 2 30,e4e5 c6g2 g1g2 b3b2,2031,75,86,59,advancedPawn crushing endgame master short,https://lichess.org/DCVk49H8#59,
NhkmQ,4rrk1/p4ppp/1bQ5/8/5Bnq/6NP/PPP3P1/3R1R1K w - - 3 23,g3f5 g4f2 f1f2 h4f2 c6c3 f7f6,2029,79,88,115,advantage defensiveMove fork long master middlegame,https://lichess.org/v9JgQeSl#45,
315pA,6rk/rb5n/1pq5/p2R1p1Q/N1Pp1P2/P2P2P1/1P5P/4R1K1 b - - 5 27,c6a4 e1e7 a4d1 h5d1,2007,75,82,123,crushing middlegame short,https://lichess.org/cv8uVDxv/black#54,
mDYod,r1b1k2r/pp1p1pp1/3B4/3P1n2/8/2N3PP/PP2NqB1/R2Q3K w kq - 1 18,d1f1 f2f1 g2f1 f5d6,1948,111,65,30,advantage middlegame short,https://lichess.org/QAOUJO3n#35,English_Opening English_Opening_Symmetrical_Variation
T5Sr8,1k1r4/ppp2pp1/5nbp/8/3rP1PB/qN1B3P/2P1QP2/1K1R3R w - - 2 20,d3c4 f6e4 d1d3 d4d3,2046,91,85,42,crushing middlegame short,https://lichess.org/3OLJCJML#39,
Br2si,rnb2k1r/1p2bBpp/2p2n2/p1q1P3/5P2/1QN5/PP4PP/R1B2R1K b - - 0 14,f6g4 f7h5 g4f2 f1f2,2058,78,74,90,advantage middlegame short,https://lichess.org/v47AmeWP/black#28,Queens_Gambit_Accepted Queens_Gambit_Accepted_Saduleto_Variation
GK3j1,5qk1/1p4p1/p6p/P1pP4/2P5/2N3nP/1PQ3P1/6K1 w - - 0 34,c3e4 f8f1 g1h2 g3e2 c2e2 f1e2,1969,75,82,150,crushing endgame long quietMove,https://lichess.org/dGZ5J6kH#67,
ckVzM,8/1K4Bp/4p1pP/8/4kP2/1p6/8/8 w - - 3 46,g7e5 g6g5 f4g5 e4e5 g5g6 b3b2,2015,75,91,77,advancedPawn bishopEndgame crushing deflection endgame long,https://lichess.org/ydcpX7Xr#91,
okpur,1q5k/r1R3p1/p3N2r/8/p7/2P5/2Q2PPP/4R1K1 w - - 1 28,c2a4 h6e6 a4h4 e6h6 c7c4 h6h4,1948,79,93,1372,advantage long middlegame,https://lichess.org/tK6hcqhc#55,
Rfn5o,3r1rk1/ppp2ppp/1b4q1/3N4/3pQ3/4BP2/PP3P1P/R4RK1 w - - 2 17,g1h1 g6e4 f3e4 d4e3,2092,82,90,897,advantage middlegame short,https://lichess.org/b0IAeazw#33,Ruy_Lopez Ruy_Lopez_Classical_Variation
ML7cZ,1r4k1/1r4b1/3pQ1p1/1qp3Pp/p4P2/P7/1P4R1/K1B1R3 b - - 1 35,g8h7 f4f5 b5b3 e6g6,1985,78,93,5727,crushing middlegame short,https://lichess.org/Yl4KGS9J/black#70,
hrJb6,r5k1/5p2/2p2QBp/p2bN3/1P6/P6P/q4bP1/4R1K1 w - - 0 27,g1h2 f2e1 g6f7 d5f7,1912,77,90,74,advantage hangingPiece middlegame short,https://lichess.org/FfI2UUy9#53,
Ftaum,r2q1rk1/1b1pbppp/p1n1p1n1/1p6/4P3/1N1BBP2/PPP1N1PP/R2Q1RK1 w - - 2 12,b3c5 d8b6 c5b7 b6e3,1907,75,82,86,advantage opening short,https://lichess.org/YFJjHzPw#23,Sicilian_Defense Sicilian_Defense_Taimanov_Variation
dAoZn,2r3k1/ppP3b1/3N3p/4p3/4Q2p/8/q4rPB/2R4K b - - 1 29,a2a3 e4c4 g8h7 d6c8,2093,80,92,1299,crushing middlegame short,https://lichess.org/BSyFal91/black#58,
ZhWKZ,6k1/1B3pbp/1p1p2p1/p4b2/1P1PnP2/4BN2/1P4PP/7K b - - 1 27,a5b4 g2g4 e4f2 e3f2,1940,95,69,25,crushing endgame master short,https://lichess.org/Ryf9Znnp/black#54,
MbCB8,r1bq1rk1/pp2bppp/3p1p2/2p1n3/5N2/1PN1PQ2/P1PP1PPP/R3KB1R w KQ - 6 9,f3h5 c8g4 h5h4 f6f5 h4g3 e7h4,1963,78,93,4815,clearance crushing long opening quietMove,https://lichess.org/ozkUl7gl#17,Vant_Kruijs_Opening Vant_Kruijs_Opening_Other_variations
oGtkY,r1b2rk1/pp3qb1/2p1npQ1/4p2p/4P2P/2NB1P1N/PPP5/2KR2R1 w - - 4 19,g6h6 e6g5 h4g5 g7h6 g5h6 g8h8,1973,75,86,146,crushing defensiveMove long middlegame trappedPiece,https://lichess.org/pQ92M25C#37,Pirc_Defense Pirc_Defense_Other_variations
GnNf8,6k1/5pp1/2p4p/P1B2p2/8/1RP2PK1/2r4P/4n3 b - - 0 29,c2a2 b3a3 a2g2 g3h3,1954,74,79,106,advantage defensiveMove endgame short,https://lichess.org/6GK1PBjl/black#58,
v4U0A,2r3k1/3q4/1Rb3Q1/p4p2/4p3/P2p3P/1P3PB1/7K b - - 1 37,d7g7 g6e6 g7f7 e6c8,1951,82,92,3742,crushing endgame fork master short,https://lichess.org/y8jJxIfj/black#74,
XyJEz,rn1q3r/p4kpp/2p5/1p2Q3/2b1NB2/8/PP3PPP/R3K2R b KQ - 2 16,h8e8 e4d6 d8d6 e5e8 f7e8 f4d6,1901,77,89,950,advantage deflection discoveredAttack fork long middlegame,https://lichess.org/WLbL0J63/black#32,English_Opening English_Opening_Mikenas-Carls_Variation
QvOmX,r4rk1/p5b1/1pp2p2/2Pp1q1p/1P2pN2/P3P3/3B1P1Q/4K1R1 b - - 1 30,g8f7 f4h5 g7h6 h2c7,2047,77,87,87,crushing middlegame short,https://lichess.org/J41AqI6l/black#60,
LClks,5rk1/6p1/1q4B1/p2pP3/2p3Q1/2p4P/PP2RbP1/7K w - - 0 34,b2c3 f2g3 e2e1 g3e1,1982,76,91,122,crushing endgame short,https://lichess.org/qflHdNGf#67,
IBe8D,6k1/5p2/6pp/2P1Q3/6K1/P5P1/7P/5q2 w - - 0 35,e5f4 f7f5 g4h4 g6g5 f4g5 h6g5,1925,75,95,1685,crushing endgame fork long master queenEndgame,https://lichess.org/gbA6HgtM#69,
twSbw,r1b1Qbkr/1p5p/p7/2pqRpB1/P7/3P4/1PP3PP/5RK1 b - - 0 19,c8d7 e8f8 a8f8 e5d5,1934,76,91,2633,advantage kingsideAttack middlegame short,https://lichess.org/zXREqBY5/black#38,
rWisk,r3k1r1/3p1p2/p4p1p/1pp2P2/4P1n1/5Nq1/PPP2RB1/R2Q2K1 w q - 1 19,f2e2 g4e3 d1d2 g3f3 e2e3 g8g2 d2g2 f3e3,1954,76,90,964,advantage deflection discoveredAttack exposedKing fork middlegame pin veryLong,https://lichess.org/5tWeibED#37,Sicilian_Defense Sicilian_Defense_French_Variation
EAUHs,4r3/5pk1/1p4p1/p1qNr2p/2P1n3/1P1R4/PQ4PP/5R1K b - - 7 29,e4f2 f1f2 c5f2 b2f2 e5e1 f2g1,1997,77,92,2624,crushing long middlegame,https://lichess.org/E8ZE2BOG/black#58,
YW85U,r5kr/pp2Rppp/1qpQ1n2/5p2/2B5/2N5/PPP2PPP/6K1 b - - 7 19,a8d8 c4f7 g8f8 e7d7,2087,80,74,60,discoveredAttack discoveredCheck kingsideAttack mate mateIn2 middlegame short,https://lichess.org/lpAbTFvz/black#38,
ALdr3,3r1rk1/Rpp3pp/8/1P6/3np3/3P4/1PPK1PBP/4R3 w - - 0 17,e1e4 f8f2 d2e3 f2e2,1938,78,91,1430,crushing endgame fork short,https://lichess.org/v4ggtOeH#33,Four_Knights_Game Four_Knights_Game_Other_variations
6kUJt,r2qr1k1/ppp2ppp/1b4b1/8/3pN3/3Q2N1/PP3PPP/R1BR2K1 w - - 6 17,d1e1 f7f5 c1g5 f5e4 d3b3 g6f7 g5d8 f7b3,1984,77,88,1021,advantage middlegame veryLong,https://lichess.org/nXIV2JtW#33,Italian_Game Italian_Game_Two_Knights_Defense
RI0Jc,2r2k2/pp1r1b2/4q1p1/4P1Qp/P4P2/1Pp1B3/2B2K2/6R1 b - - 0 42,c8d8 g5h6 f8g8 c2g6 f7g6 g1g6 e6g6 h6g6,2056,78,92,9090,crushing exposedKing fork middlegame veryLong,https://lichess.org/zQ4jwSkJ/black#84,
VIzQJ,8/8/2r2p2/6k1/5Rp1/3K2P1/5P2/8 w - - 3 70,d3e4 c6c4 e4e3 c4f4 g3f4 g5f5 e3d3 f5f4,1934,76,90,631,crushing endgame master rookEndgame veryLong zugzwang,https://lichess.org/jUs6KYsb#139,
UMJsb,2r5/6kp/4p3/3p1B1Q/qbnP4/1p2P2P/1P3PP1/5RK1 b - - 0 30,a4e8 h5h7 g7f6 h7h6 f6e7 h6e6,1993,75,84,100,crushing long master middlegame,https://lichess.org/zh8CWijF/black#60,
WqLqP,3k1n2/1pp1q1Rn/p1b1P2Q/8/3P1P2/2P1K2P/8/8 b - - 2 36,e7f6 e6e7 f6e7 g7e7,2022,78,94,12488,advancedPawn advantage endgame fork short,https://lichess.org/2giTleJV/black#72,
Mp4ZK,kr6/p5p1/P6p/2Pq1P2/Q7/1pb1B2P/6P1/5R1K w - - 0 36,f1d1 d5d1 e3g1 d1d5,1936,74,86,83,crushing endgame hangingPiece short,https://lichess.org/hL3JJihD#71,
z3RRs,5k2/8/2B2PK1/1p5P/3n4/6p1/2P5/8 w - - 0 48,h5h6 d4c6 h6h7 c6e5 g6g5 e5f7 g5f4 g3g2,1952,75,95,10008,advancedPawn crushing endgame hangingPiece veryLong,https://lichess.org/MSbnUyRH#95,
tEd0c,r1b1kb1r/1pq2p1p/p2p1np1/4pN2/4P3/2N2QB1/PPP2PPP/R4RK1 w kq - 0 13,f5d6 c7d6 a1d1 d6e6,2046,75,78,117,advantage hangingPiece middlegame short,https://lichess.org/FNQofE3X#25,Sicilian_Defense Sicilian_Defense_Four_Knights_Variation
JgJ9g,1k3q2/1p6/1p2n3/1P2P3/7p/P4p1P/6PB/2Q4K w - - 0 44,g2f3 f8f3 h1g1 e6d4 e5e6 b8a7 h2b8 a7b8,1937,75,78,177,crushing endgame veryLong,https://lichess.org/msRfhsdt#87,
YlTrF,2r3k1/1p1r1p1p/p3pB2/2bb2Pp/5P2/2P1p2R/PPB4P/1K5R w - - 0 25,h3h5 d5h1 c2h7 g8f8 h7d3 f8e8,1965,74,85,315,crushing defensiveMove long middlegame,https://lichess.org/WdZ80PJv#49,
HlNLU,2r2Bk1/5pP1/4p3/3n4/R3Q1p1/2p2PK1/3q4/8 b - - 3 41,g4f3 e4h7 g8h7 a4h4 d2h6 h4h6 h7h6 g7g8q c8f8 g8f8,1902,80,92,605,advancedPawn advantage attraction discoveredAttack discoveredCheck endgame promotion sacrifice veryLong,https://lichess.org/uCXUuasP/black#82,
hTHKI,r3k1nr/pp1n1pp1/2p1p1p1/4q3/6P1/1BP1BQ1P/P1P2P2/2KR3R b kq - 0 16,e5c3 d1d7 c3a1 c1d2 a1f6 f3f6,1951,75,84,98,advantage long middlegame,https://lichess.org/rbrrfLZg/black#32,Scandinavian_Defense Scandinavian_Defense_Main_Line
s53hP,1R2R3/5ppk/6p1/p7/1p4P1/1P3P1P/2r4r/3K4 b - - 5 31,h7h6 f3f4 h2d2 d1e1 d2e2 e8e2,2058,84,90,287,crushing endgame long quietMove rookEndgame,https://lichess.org/2Kuzq1Xl/black#62,
5v1n4,2r5/2q2ppk/n2Rp2p/4N3/3R1P2/7P/rP1Q2P1/6K1 w - - 3 29,d6a6 c7c1 d2c1 c8c1 g1h2 a2a6,2040,78,88,269,advantage long master middlegame,https://lichess.org/6CxoTkIK#57,
V4cDE,5k2/4p1bp/1q1p4/5PPR/2r5/5P2/pP1QN3/K7 b - - 0 30,c4b4 f5f6 e7f6 g5f6 g7f6 d2h6,2020,74,89,123,clearance crushing endgame long,https://lichess.org/SHyfjdks/black#60,
p6xD6,r1bq1bnr/2pk1ppp/p1p5/8/4Q3/1P2PN2/PBPP1PPP/R3K2R b KQ - 2 10,g8f6 f3e5 d7e8 e4c6,1924,75,68,66,advantage deflection middlegame short,https://lichess.org/HeZyXkhT/black#20,Nimzo-Larsen_Attack Nimzo-Larsen_Attack_Modern_Variation
LrWNw,R4b2/6kp/6p1/p1p5/P1pp3N/6Pb/1P3P1P/6K1 w - - 0 33,a8a5 c4c3 b2c3 d4c3,2075,76,90,2331,crushing endgame short,https://lichess.org/sUV95yYU#65,
wgZfd,4rrk1/5n1p/p5p1/1p3N2/5RP1/3q4/PP4QP/5R1K w - - 0 30,f5d4 g6g5 f4f7 f8f7,1973,74,86,507,crushing master masterVsMaster middlegame short,https://lichess.org/rs1azVzI#59,
7j8GY,8/p4p2/1pk1p1p1/6Np/3P2nP/3K1PP1/P7/8 b - - 0 35,f7f6 f3g4 f6g5 g4h5 g6h5 h4g5 c6d7 d3e4 d7e7 e4e5,1992,77,91,768,crushing endgame knightEndgame veryLong,https://lichess.org/83NDComw/black#70,
goVZC,5k2/pppq1p1R/8/4n3/1PP5/P1B1P3/2Q2KPP/3r4 w - - 1 25,b4b5 e5d3 f2g3 d7d6 g3h3 d6e6,2057,81,55,38,advantage endgame long,https://lichess.org/lF5quAJy#49,
0FBj5,2b4N/1p1k2pp/2n1pn2/2qp4/8/5P1N/4Q1PP/4KB1R w K - 4 23,h3f4 c5c1 e1f2 c1f4,1970,76,95,3949,advantage fork middlegame short,https://lichess.org/VLpgtVcf#45,
nhdsK,8/8/8/ppk1K3/8/3B4/8/8 w - - 0 52,e5e4 a5a4 d3b1 c5c4,2019,123,74,50,bishopEndgame crushing defensiveMove endgame quietMove short,https://lichess.org/zXMe4QYX#103,
NUA9M,3r2k1/1p2bppp/p1b3q1/4P3/2Q3n1/1BN3R1/PP3PPP/6K1 b - - 0 24,c6b5 c4g4 g6g4 g3g4,2030,124,100,32,equality middlegame short,https://lichess.org/Lz5iTQKT/black#48,
BmgBc,r1b2rk1/1ppp1ppp/1b5B/p7/1PB5/P2p1N2/2P3PP/qN1Q1R1K b - - 0 14,d3c2 d1c2 g7h6 b1c3 a1f1 c4f1,2030,75,85,87,advantage long opening quietMove sacrifice,https://lichess.org/aRP8tUVV/black#28,Scotch_Game Scotch_Game_Other_variations
bJrAh,8/1pb2p2/8/PP6/6kp/8/3B1P2/6K1 b - - 0 42,g4f3 a5a6 c7b8 d2e3,2037,74,84,76,bishopEndgame crushing defensiveMove endgame short,https://lichess.org/xlQGs3JK/black#84,
0JDMM,r1q2rk1/n3npbp/4p1p1/ppppP2N/3P4/2PB1Q1P/PP3PP1/R1B1K2R w KQ - 0 15,d4c5 g6h5 f3h5 e7g6,1942,75,88,187,advantage middlegame short,https://lichess.org/FK19G7fz#29,Modern_Defense Modern_Defense_Other_variations
Xejet,r1b2r1k/pp1p2pp/2p5/4P3/2PBQ3/6n1/P5PP/RNq2BKR w - - 3 19,h2g3 f8f1 g1h2 f1h1,1936,82,90,2104,kingsideAttack mate mateIn2 middlegame short,https://lichess.org/WuGp8tQ8#37,Ruy_Lopez Ruy_Lopez_Schliemann_Defense
E84Vk,1r5k/p3pp1p/1rppbnpP/8/4P1P1/qPN1QP2/P1P5/1K1R1B1R w - - 5 21,h1h2 e6b3 c2b3 b6b3 b1a1 b3c3,2076,80,88,71,advantage long middlegame queensideAttack,https://lichess.org/WuHNNL3Z#41,
bRsRX,r2qk2r/pp1nbppp/2p1p3/3p4/3PbBnP/2P1PP2/PP1NB3/R2QK1NR w KQkq - 0 10,f3e4 e7h4 e1f1 g4f2,2081,77,86,177,advantage opening short,https://lichess.org/X91BLuE3#19,Queens_Pawn_Game Queens_Pawn_Game_Other_variations
HHFok,4r1k1/6pp/1p2p1r1/1N3p2/2P1n2q/1P3Q1P/P4PP1/3RR1K1 w - - 3 29,b5d6 e4g5 f3g3 g5h3,1939,86,79,30,advantage kingsideAttack master middlegame short,https://lichess.org/TQnkbryQ#57,
9YfdF,8/p4pkB/1p2p1p1/3p3P/6P1/4P3/P2K1P2/8 w - - 1 27,h5h6 g7h6 h7g8 h6g7 g8f7 g7f7,2013,83,92,603,bishopEndgame crushing endgame long trappedPiece,https://lichess.org/cLpte8FW#53,
anyKT,2bqr1k1/p5pp/1p3P2/2b5/3P1Q2/P1P5/5pPP/1N1K1B1R b - - 2 21,d8f6 f1c4 g8h8 f4f6 g7f6 d4c5,1972,76,88,136,crushing intermezzo long middlegame,https://lichess.org/j1cuhrWY/black#42,
eYADa,8/4b3/ppK1Pk2/8/P1P5/1P6/8/8 b - - 5 54,e7c5 a4a5 f6e6 a5b6,2041,81,92,2478,bishopEndgame crushing endgame short,https://lichess.org/f0SgKmfB/black#108,
qSDLU,8/8/p1p5/P1P2k1p/2P1p1p1/4K1P1/7P/8 w - - 1 43,e3d4 h5h4 g3h4 f5f4 h4h5 e4e3,2075,74,87,124,crushing endgame long pawnEndgame,https://lichess.org/6qIv4RwY#85,
sjPkX,3r3k/5qBp/4nP2/5Q2/8/3p3P/7K/6R1 b - - 1 45,e6g7 g1g7 f7g7 f6g7,2012,78,92,195,advancedPawn crushing endgame master short,https://lichess.org/fd6spASO/black#90,
4Us0K,3r1k1N/p4p1p/Pp3Q2/3p4/3P4/b4P1P/1P4PK/4q3 b - - 0 27,e1e7 h8g6 f8e8 g6e7,1995,76,88,247,advantage endgame pin short,https://lichess.org/1rLSAdNo/black#54,
BpL2K,r1b2rk1/pp2qppp/2np1n2/4p3/2B1P2B/8/PP3PPP/R2QNRK1 b - - 1 12,c8g4 h4f6 e7d7 f2f3 g4e6 c4e6,2059,75,94,5488,crushing long middlegame,https://lichess.org/INAImEYh/black#24,Sicilian_Defense Sicilian_Defense_Smith-Morra_Gambit
SW2Ji,2kr2r1/p1pp1p2/1p1B4/4P3/3q2B1/1P5P/P7/2R2R1K b - - 1 33,c7c6 c1c6 c8b7 c6c7 b7a6 g4e2 b6b5 d6c5,1953,75,98,300,advantage middlegame pin queensideAttack veryLong,https://lichess.org/ASmuWv9N/black#66,
NgZ5r,5rk1/2p2ppp/1pn1pn2/1q6/1P5P/2Q1PN1R/3P1PP1/B5K1 b - - 4 16,c6b4 c3f6 g7f6 h3g3,2072,80,91,1307,master middlegame,https://lichess.org/bfLmTdt6/black#32,English_Opening English_Opening_Anglo-Indian_Defense
TSnxP,2r1k2r/p4qbp/1pn3p1/1Qp2p2/8/1P1NP1P1/PB3PKP/1R3R2 w k - 6 20,d3e5 g7e5 b2e5 f7d5 g2g1 d5e5,2076,83,74,40,advantage fork long middlegame,https://lichess.org/fepVIpjv#39,
keO0G,8/R4pkp/2P3p1/4p3/2q5/5QP1/3r1PKP/8 b - - 0 40,d2d3 a7f7 g7h6 f3f6 c4e4 g2h3,2093,84,91,707,crushing defensiveMove endgame long,https://lichess.org/QIYUoWsw/black#80,
5jdKn,3r2k1/1p1q3p/p3p1p1/1p1nP3/6B1/PQ4P1/P6P/3R3K w - - 3 28,d1d5 d7d5 b3d5 e6d5,1903,75,82,106,crushing endgame master short,https://lichess.org/SSLvLZmC#55,
EXh93,8/pp4pp/3k4/2p2K2/2PP4/6P1/P6P/8 w - - 0 34,d4d5 b7b5 c4b5 d6d5,1935,75,88,194,crushing deflection endgame master pawnEndgame short,https://lichess.org/wOAjaLGa#67,
2rbqv,r3k2r/2q2pBp/4p1p1/1R1pn3/5R2/p1P5/2P1QPPP/6K1 b kq - 1 25,h8g8 g7e5 a3a2 e5c7 a2a1r e2f1,1906,80,93,7442,crushing long middlegame,https://lichess.org/oXoZixQd/black#50,
undOn,1r3rk1/ppbq1ppp/2b2P2/2p4Q/3p4/PP1P2NP/6PK/R1B2R2 b - - 0 25,d7d6 c1f4 d6f4 f1f4,2062,75,84,79,advantage middlegame short,https://lichess.org/D7z2OfLY/black#50,
TSTRl,R7/2k2p2/p4r2/3Pp3/2p4p/3P2pP/5bP1/3Q1K2 w - - 2 38,d1b1 f2d4 f1e1 d4c3 e1e2 f6f2 e2d1 f2f1,2046,75,87,131,advantage discoveredAttack discoveredCheck endgame veryLong,https://lichess.org/Bbmzi5yX#75,
JavJE,r3r3/ppk4p/2B1pp2/1Q6/3q4/8/P4PPP/1KR5 b - - 0 24,b7c6 b5c6 c7d8 c6c7,1988,78,86,744,endgame mate mateIn2 short,https://lichess.org/YRoxXJIs/black#48,
xTlJM,r4rk1/p5pp/8/4Q2n/4P3/2N3Pq/PPP4P/R5RK w - - 1 22,g3g4 h3f3 g1g2 h5f4,2025,75,91,731,advantage middlegame short,https://lichess.org/CzNX1J4Q#43,
gJocR,3q1k2/2r2p2/Q3p3/p2pN2p/1p1Pb3/4P3/PP6/3K2R1 b - - 7 34,d8c8 a6d6 c7e7 e5c6,1996,75,90,205,crushing endgame master short,https://lichess.org/GXBhXl67/black#68,
54aVq,r4r2/p6k/1pq2b1p/5Np1/8/3Q2P1/PP5P/3R1RK1 b - - 4 28,a8d8 f5d4 h7g7 d4c6 d8d3 d1d3,2098,76,93,5019,crushing discoveredAttack discoveredCheck long middlegame,https://lichess.org/SK1HGWPf/black#56,
S3VK0,8/1k1R1p2/p5pp/1r2B3/1pb5/1P5P/P4PP1/6K1 b - - 3 47,b7b6 e5d4 b6c6 b3c4,2087,85,86,47,advantage endgame short,https://lichess.org/Mzq7jnmS/black#94,
Jv8Ut,r2q1r1k/pp3pbp/2n2Np1/3R4/4N3/P1Q5/1P3PPP/R5K1 b - - 0 24,d8d5 c3h3 h7h6 f6d5,1962,75,92,505,advantage intermezzo middlegame short,https://lichess.org/JJxOVlI5/black#48,
ucrhT,r5k1/pp3ppp/2n4q/2p2Q1P/3p4/P2P1NPR/1PP1rP2/2KR4 w - - 1 20,f3g5 f7f6 f5d5 g8h8 f2f4 f6g5,1901,76,92,7280,advantage defensiveMove long middlegame,https://lichess.org/QOwwBYVm#39,
BdqN4,2rr2k1/4qp2/4p1pp/2NnR3/1pQ2P2/P5P1/7P/4R2K w - - 0 36,e5d5 e6d5 e1e7 d5c4,1976,75,83,118,crushing middlegame short,https://lichess.org/x1M8KM3a#71,
BZt6w,8/8/R5p1/6kp/8/6P1/p4PK1/r7 b - - 5 37,g5g4 a6a5 a1g1 g2g1 a2a1q a5a1,2005,75,89,115,crushing endgame long rookEndgame,https://lichess.org/2G16zvWp/black#74,
ADAyb,r1bq4/ppppnkp1/3b3p/3P4/3P4/8/PP3PPP/R1BQ1RK1 b - - 0 13,e7d5 d1h5 f7f8 h5d5,1953,78,93,1720,advantage fork middlegame short,https://lichess.org/yF11eaqY/black#26,Three_Knights_Opening Three_Knights_Opening_Other_variations
ACm5f,8/3q1k1Q/1p5p/2p3pP/P3p3/3rP3/1BK3P1/8 b - - 8 38,f7e8 h7e4 e8f8 e4d3,1903,77,95,10290,crushing endgame master short,https://lichess.org/VG4SpNA4/black#76,
6Tawc,8/2Q1k3/4p1pK/1p1p3p/1PpP1Pq1/2P5/8/8 b - - 11 63,e7f6 c7g7 f6f5 g7e5,2068,75,85,574,endgame mate mateIn2 queenEndgame short,https://lichess.org/iV75JPFy/black#126,
xPXIo,8/1k3bp1/1P5p/4P3/N2p2K1/8/8/8 b - - 0 50,f7b3 a4c5 b7b6 c5b3 d4d3 g4f5,2017,94,84,35,crushing defensiveMove endgame fork long,https://lichess.org/hWoH5Ie6/black#100,
uDrA6,6k1/5ppp/4p3/2Pp4/qn2n3/r1PQ1N1P/3B1PP1/1R4K1 w - - 0 24,b1b4 a4b4 c3b4 a3d3,2007,77,83,50,advantage middlegame short,https://lichess.org/evUsmhr9#47,
FUSG1,5r2/4ppn1/3p2pk/1pp4p/r3PP1N/2PPK1R1/1P6/6R1 b - - 2 29,a4a2 h4g6 f7g6 g3g6 h6h7 g6g7,1900,77,93,3823,crushing endgame long,https://lichess.org/SVeHk4Y3/black#58,
7unu0,r3b1k1/pp5p/1q2p1pP/1Bnp4/7N/P1b2Q2/1PP3P1/1K3R2 b - - 1 27,e8b5 f3f7 g8h8 f7f8 a8f8 f1f8,2057,76,95,9382,kingsideAttack long mate mateIn3 middlegame sacrifice,https://lichess.org/UcAgFYII/black#54,
6Rr5s,6r1/8/p1r1kR2/1p6/6p1/P7/1P3R2/1K6 b - - 1 41,e6d5 f2d2 d5e4 f6c6,1992,79,91,1559,advantage deflection endgame rookEndgame short,https://lichess.org/Tlm0YVhe/black#82,
SXbnO,1r3rk1/p3p1b1/2p2nQ1/q2n2Bp/3P2bP/2P2N2/P3NPP1/1R3RK1 b - - 0 19,g4f3 g5h6 f6e8 b1b8,1987,75,91,144,advantage interference middlegame short,https://lichess.org/jbZsC906/black#38,
biZnR,2r1kb1r/p1p1pppp/1p3nq1/1NRP1b2/Q4B2/8/PP2PPPP/4KBNR b Kk - 0 11,b6c5 b5d6 e8d8 d6b7,2010,76,88,182,discoveredCheck doubleCheck mate mateIn2 middlegame short,https://lichess.org/dNt6lYwf/black#22,Queens_Gambit_Declined Queens_Gambit_Declined_Baltic_Defense
DtOwB,8/1p6/p4p2/P1p1kp1p/8/1PP1K1PP/8/8 b - - 0 34,e5d5 e3f4 c5c4 b3b4 d5e6 h3h4,2024,76,95,2222,crushing defensiveMove endgame long pawnEndgame quietMove zugzwang,https://lichess.org/yhErkvQI/black#68,
U0Rm6,2rkrq2/pb1p4/1p3p2/4pN2/4P3/1B6/PK1Q1PPP/2R5 b - - 7 26,b7e4 c1c8 d8c8 f5d6 c8c7 d6e4,2028,81,91,1035,advantage attraction fork long middlegame,https://lichess.org/qb7ipNI1/black#52,
L720S,2r3k1/3Qbp1p/pq2p1pB/1p6/8/P4P1P/1P3PK1/3R4 b - - 3 26,b6c5 d1c1 c5c1 h6c1 c8c1 d7e7,1937,77,93,228,advantage endgame long,https://lichess.org/hRdHNqYr/black#52,
ZdOj7,5rk1/5ppb/p6p/8/2n1p2P/2n1BKP1/P3NPB1/R6R w - - 0 22,f3f4 c3e2 f4g4 c4e5 g4h3 h7f5,1927,196,85,11,advantage hangingPiece long middlegame,https://lichess.org/l6yVPHzB#43,
EiIxv,r1b3k1/p1q3pp/2p4r/3p4/4pp2/BN4Q1/P1P2PPP/3R1RK1 w - - 0 19,g3c3 f4f3 g2g3 c7d7,1965,77,93,8849,crushing defensiveMove middlegame short,https://lichess.org/YfOQm6br#37,Sicilian_Defense Sicilian_Defense_Lasker-Pelikan_Variation
F8VhM,2b2r2/1r1kb2R/Q3p3/3pB3/8/8/PPP2qPP/R6K b - - 0 27,b7b4 a6d6 d7e8 d6e7,2020,78,88,775,mate mateIn2 middlegame pin short,https://lichess.org/Dj7jGchR/black#54,
SOmy9,1Q2Rb1r/6pk/3p1pq1/1p1P3p/pP6/P1N3Pb/R2P1P1P/2B3K1 w - - 2 25,e8f8 h8f8 b8b5 f8e8 f2f3 e8e1,1944,132,100,32,equality long middlegame quietMove,https://lichess.org/RP3vkHBs#49,
F8kDX,rn2qrk1/pbpp2pp/1p1bp3/5BB1/2PP4/2P2N2/P1Q2PPP/R3R1K1 b - - 0 12,b7f3 f5h7 g8h8 h7g6,1906,77,92,402,advantage kingsideAttack middlegame short,https://lichess.org/zjHtB9Sa/black#24,Dutch_Defense Dutch_Defense_Rubinstein_Variation
5ezOH,r1bqkbnr/ppp2ppp/1Nnp4/8/2B1P3/1Q6/PP3PPP/R1B1K1NR b KQkq - 4 8,a7b6 c4f7 e8e7 f7g8,2061,84,87,62,attackingF2F7 crushing opening short,https://lichess.org/SHwC1BsA/black#16,Danish_Gambit Danish_Gambit_Other_variations
jdHYF,2r4k/2n3p1/3Q3n/2pPp3/1pB1P3/6B1/1PKN4/q7 b - - 0 34,h6g4 d6d7 g4e3 c2d3,1901,86,40,35,advantage fork middlegame short,https://lichess.org/Uq1Ek3Vo/black#68,
QT6p3,8/2r1k2p/Pr4p1/4pp2/RPK5/6P1/5P1P/R7 w - - 4 33,c4d5 b6b5,1900,84,91,5149,endgame master mate mateIn1 oneMove rookEndgame,https://lichess.org/qozI1UOX#65,
LLeHC,1r3rk1/3bn1bp/1qnpppp1/1p4BP/1P2P3/2NP2P1/3QNPB1/1R2K2R w K - 0 17,g5h6 g7h6 d2h6 g6g5,1926,76,91,1353,crushing defensiveMove master middlegame short,https://lichess.org/5UXlJmfP#33,Sicilian_Defense Sicilian_Defense_Staunton-Cochrane_Variation
RpTeq,1k5r/1pb3Rp/p3p3/2p5/2Q5/P1B4q/1PP5/1K6 b - - 0 30,e6e5 g7c7 h3h1 b1a2,2065,75,87,152,advantage defensiveMove endgame short,https://lichess.org/VZC3qzHT/black#60,
9IbDi,r2k1b1r/pbp2ppp/8/1B2p1q1/8/5P2/PPPP2Pn/RNBQ1RK1 b - - 0 10,f8c5 d2d4 c5d4 d1d4 e5d4 c1g5,1982,75,95,9031,crushing defensiveMove long middlegame,https://lichess.org/mftNzLjj/black#20,Italian_Game Italian_Game_Two_Knights_Defense
entyC,5qk1/r5b1/p5Q1/1p2p2R/4P3/8/PPP2P2/2K5 b - - 2 32,f8f2 g6h7 g8f8 h5f5 a7f7 f5f2,1966,76,95,15905,advantage endgame exposedKing fork long,https://lichess.org/nj70DYcu/black#64,
l3py9,2kr4/p4qp1/2pbp3/1bp1P2p/Q7/8/PPPN1PP1/R3R2K w - - 2 19,a4h4 d6e7 h4g3 d8d2,1931,75,88,684,advantage discoveredAttack middlegame short,https://lichess.org/qnTqgFmp#37,Sicilian_Defense Sicilian_Defense_Nyezhmetdinov-Rossolimo_Attack
o6iFC,5Qnr/2p1p2p/6pP/4qbk1/2B5/P3p3/1PP2PP1/3R1RK1 w - - 1 26,f2e3 g8h6 f8h8 e5h8,2019,75,95,15618,advantage middlegame short trappedPiece,https://lichess.org/rIqELZm0#51,
zLJGh,1r3rk1/p3pp1p/3p2p1/3P2BP/1qb1PP2/p1p2Q2/2P1N3/K2R3R w - - 4 25,d1b1 b4b2 b1b2 c3b2 a1b1 a3a2,1954,77,90,820,advancedPawn collinearMove exposedKing long mate mateIn3 middlegame sacrifice,https://lichess.org/G54XS9Qk#49,
WueSs,r2q1r2/pp2ppk1/3p2p1/4n1N1/3pQ3/1P6/P1P2RP1/R5K1 b - - 1 18,e7e6 f2f7 f8f7 g5e6 g7g8 e6d8,2053,83,75,37,advantage fork long middlegame sacrifice,https://lichess.org/bcY9zGRD/black#36,Sicilian_Defense Sicilian_Defense_Modern_Variations
5dRch,3r3k/ppr4p/6p1/3B4/2P5/5b2/PP1R3P/K1R5 w - - 3 28,b2b3 d8d5 d2d5 f3d5,2073,77,91,1061,advantage endgame short,https://lichess.org/zwKmNywy#55,
A1DAt,7k/p5p1/6qp/p1p1p1P1/3PP1Q1/P1P1P3/3K1r2/R6R w - - 5 28,d2d3 c5c4 d3c4 g6c6 c4d3 c6b5 c3c4 b5b3,2021,76,94,11193,attraction endgame mate mateIn4 veryLong,https://lichess.org/dH2LnsBj#55,
7uPJJ,6kr/1p2qpp1/p1n1pP2/3pP3/3P1Q2/P6R/1P3PP1/6K1 b - - 0 30,e7f8 f6g7 f8g7 h3g3,1935,77,97,540,advancedPawn advantage endgame master pin short,https://lichess.org/PCszeiyX/black#60,
i0LWo,4k3/5p2/1p2p3/4P1p1/P1nP1r1n/2BR1P1p/5P1P/R5K1 w - - 5 33,c3d2 c4d2 d3d2 h4f3,1914,85,87,41,advantage endgame short,https://lichess.org/x78ciXha#65,
A1x9G,8/2Nk4/R2Pr3/6p1/1P3pP1/7P/5K2/4n3 w - - 19 44,b4b5 e1d3 f2g1 e6e1 g1g2 e1e2,1925,77,84,202,crushing endgame exposedKing long,https://lichess.org/jCMGKpke#87,
SrPPt,5k1r/p4r2/2R1N3/4P3/3PK3/8/PP5p/8 b - - 1 39,f8e7 c6c7 e7e8 c7c8,2020,75,91,1251,crushing endgame short,https://lichess.org/TAfGify2/black#78,
bISIr,7r/1p6/4p1k1/p2pP3/Pq1P1pP1/1P2R3/5KP1/3Q4 w - - 0 45,e3h3 h8h3 g2h3 b4c3,1924,91,89,26,advantage endgame short,https://lichess.org/UXnpe7vT#89,
m59dh,8/pp6/3k2pp/5p2/PP3P2/2P3P1/5K1P/8 w - - 2 34,c3c4 a7a5 b4a5 d6c5 f2e3 c5c4 a5a6 b7a6,2061,76,94,8363,crushing endgame pawnEndgame veryLong,https://lichess.org/tBiT8blS#67,
KAhL2,r4rk1/ppqn1ppp/5n2/2b3B1/2Np2b1/5N2/PPP1BPPP/R2Q1RK1 w - - 8 13,f3d4 c5d4 e2g4 c7c4,2019,80,75,61,crushing discoveredAttack middlegame short,https://lichess.org/LXJnTCUe#25,French_Defense French_Defense_Knight_Variation
jZQFZ,3B4/8/8/8/4k1Kp/6b1/6P1/8 b - - 1 74,e4e5 d8h4 g3h2 h4g3 h2g3 g4g3,2065,80,92,1105,bishopEndgame crushing endgame long master,https://lichess.org/SOnch5RK/black#148,
e2ZEK,8/8/5p1p/2k2Pp1/2ppK1PP/1n6/1P6/3R4 w - - 0 36,h4g5 h6g5 e4f3 c4c3 b2c3 d4c3,2076,75,81,105,crushing endgame long zugzwang,https://lichess.org/vWY1YwGN#71,
bLz7t,8/8/8/2kp1p2/1p3P1p/1P1KP2P/8/8 b - - 1 44,d5d4 e3e4 f5e4 d3e4 d4d3 e4d3 c5d5 d3e3,1965,84,91,47,crushing defensiveMove endgame pawnEndgame veryLong zugzwang,https://lichess.org/6tik6ATn/black#88,
VctfX,rnb3k1/ppp3pp/8/8/1q1p2n1/3P2K1/PPP3PP/RNBQ1R2 w - - 1 15,c2c3 b4d6 c1f4 d6g6,1958,76,91,2175,advantage middlegame short,https://lichess.org/8NAFpHEe#29,French_Defense French_Defense_La_Bourdonnais_Variation
eCIzm,2rr4/pb3pk1/1p1q1npp/2pPNp2/2P2QP1/1P6/P5BP/3R1RK1 b - - 0 25,d8e8 f4h6 g7h6 e5f7 h6h7 f7d6,1956,75,78,454,attraction crushing deflection fork long middlegame sacrifice,https://lichess.org/XwqKJSHg/black#50,
epm9D,1r4k1/5pqp/2R3p1/8/3P4/8/p3rPPP/Q4RK1 b - - 0 32,b8b1 c6c8 g7f8 c8f8 g8f8 f1b1,1900,80,89,227,crushing endgame long,https://lichess.org/Of0GaIyo/black#64,
FOebp,1b2r2k/p4qp1/2p4p/2B1nr2/4Qp2/5P2/PPPR2PP/4RNK1 w - - 10 28,c5d6 b8d6 d2d6 e5f3 e4f3 e8e1,2097,85,89,270,advantage deflection discoveredAttack kingsideAttack long middlegame skewer,https://lichess.org/ooVLdeYf#55,
UDbha,r7/7p/6p1/1pN2k1n/1P3p1P/P2RpP2/4K1P1/8 w - - 12 49,g2g4 f4g3 d3d5 f5f6,1996,79,91,2964,crushing enPassant endgame master short,https://lichess.org/lb7ortFi#97,
y9W9v,2br2k1/pp3pb1/2p3np/8/2pq2P1/2N2BBP/PP5K/3RQ3 b - - 1 25,d4b6 c3a4 d8d1 e1e8 g6f8 a4b6,2041,86,91,1121,crushing fork long middlegame sacrifice,https://lichess.org/ElGImOWx/black#50,
4G192,r2qr1k1/pbpn2bp/1p3pp1/8/3n1B2/2NP1NP1/PPP2PBP/R2Q1RK1 w - - 2 14,f1e1 d4f3 g2f3 e8e1 d1e1 b7f3,2003,81,91,292,advantage fork long opening,https://lichess.org/jZ2QeoSD#27,Hungarian_Opening Hungarian_Opening_Other_variations
JH39V,8/5p2/4p1pp/4P3/p3kPPP/2Kp4/8/2B5 w - - 0 43,c1d2 a4a3 d2c1 a3a2 c3b2 e4f3,1995,80,87,57,advancedPawn bishopEndgame crushing endgame long,https://lichess.org/KeabNFe0#85,
P8Gdh,5r1k/p5p1/1p5p/8/2QPp2P/q3PrP1/5P2/2R1KR2 b - - 2 30,f3e3 f2e3 a3e3 e1d1,2090,75,95,2415,crushing endgame short,https://lichess.org/AeV4I9dO/black#60,
YeKfK,3Q4/5p1k/pp2pBb1/4P3/P1P1Pb2/5PpK/2q5/8 b - - 1 45,g6f5 e4f5 c2f5 h3h4 f4g5 f6g5,1934,75,83,192,crushing endgame long,https://lichess.org/2hE67vVi/black#90,
qJkTU,8/8/p5pp/1p2k3/2p1p1P1/2P1K2P/PP3P2/8 w - - 0 38,b2b3 c4b3 a2b3 a6a5,1918,74,77,138,advantage defensiveMove endgame pawnEndgame short,https://lichess.org/tfQO3vJK#75,
ZcxiZ,q7/8/2p1k1p1/1p1pP3/1P1BnPp1/4P3/4Q1K1/8 b - - 3 47,g4g3 e2g4 e6f7 e5e6 f7e7 g4g6,1997,76,89,78,crushing deflection endgame long,https://lichess.org/KvjwcH0a/black#94,
o1AEq,r1b1k2r/2p2pp1/2p2n2/ppb4p/4P3/P2P2qP/1PPNBPP1/R1BQ1RK1 w kq - 2 11,d2b3 c8h3 e2f3 f6g4,1914,75,87,162,crushing opening pin short,https://lichess.org/uZMfwykI#21,Russian_Game Russian_Game_Stafford_Gambit
ay55k,6k1/5p2/pp2q2B/5N2/5Q2/1P3PPK/P1r4P/3r4 b - - 0 32,c2c5 f4g4 e6g6 f5e7 g8h7 e7g6,2030,75,100,58,crushing endgame fork long master pin,https://lichess.org/rs3GfY2L/black#64,
lkuto,3r2k1/2p3p1/p1B4p/5p2/2P2P2/1P1p3P/P4q2/2Q1R2K w - - 0 36,c1d1 d3d2 e1g1 d8d3,2086,80,91,1093,advancedPawn clearance crushing endgame short,https://lichess.org/H850O5gI#71,
mwrUm,r7/3r3p/1p1p1pkP/1Pp2Rp1/p1P1PnP1/K4P2/P2R4/3B4 b - - 13 31,f4e6 e4e5 f6e5 d1c2,2087,93,84,31,crushing endgame short,https://lichess.org/yQ8z21ED/black#62,
m0yGN,q6r/1pp1kpQp/8/3Pp3/3nP3/2b1B3/5PPP/5RK1 b - - 0 19,h8g8 g7e5 e7d7 e3d4 c3d4 e5d4,1917,78,91,2329,crushing long middlegame,https://lichess.org/gS0P97ja/black#38,Queens_Gambit_Declined Queens_Gambit_Declined_Chigorin_Defense
Sk5jg,r4r1k/p1p3pp/3p4/4b3/2PpP3/QP4Pq/P4P1P/1RB1R1K1 w - - 1 21,b3b4 f8f2 g1f2 h3h2,2030,76,90,3862,advantage attraction deflection kingsideAttack middlegame sacrifice short,https://lichess.org/yGVDtgjC#41,
u1yZO,2kr2r1/2pp1p1p/1p4p1/2q1P3/1n2bP2/1P2N1Q1/1KP3PP/3RRB2 w - - 7 23,g3f2 b4c2 e3c2 c5f2,2059,78,90,757,crushing middlegame short,https://lichess.org/1mkjFVEN#45,
shdXE,8/8/p1p3p1/P4p1p/1k1K1P1P/1P4P1/8/8 b - - 3 39,c6c5 d4d5 b4b5 d5d6,2022,76,82,117,crushing defensiveMove endgame pawnEndgame short,https://lichess.org/nk9RqKNK/black#78,
xRYmP,2rqk2r/1p1b1pb1/3Q2pp/pBpNp3/P2nP1PP/5N2/1PP2P2/2KR2R1 w k - 5 20,f3e5 d7b5 d6d8 c8d8,1928,76,84,98,advantage master middlegame short,https://lichess.org/YMmr6R0Y#39,
Ff75r,3r2k1/1p3rp1/2b2p2/p3pQ1R/P3P1pP/1B1P4/3q4/1R5K b - - 7 36,d2d3 h5h8 g8h8 f5h5 h8g8 h5f7 g8h8 f7h5,2016,77,96,891,attraction fork master mate mateIn4 middlegame pin sacrifice veryLong,https://lichess.org/YbWGBItI/black#72,
35J7l,5r1k/p1p3pp/2B5/1P6/3Q1r2/P2P2q1/6P1/3RR2K w - - 1 34,d4e3 f4h4 h1g1 g3h2,1903,80,91,2796,mate mateIn2 middlegame short,https://lichess.org/dXYhan6n#67,
AtqQP,r1bq1rk1/5ppp/p1pb1n2/2p1N3/4P3/2NP2Q1/PPP3PP/R1B2RK1 w - - 1 13,c1f4 f6h5 e5f7 f8f7,2093,79,91,1874,advantage middlegame short,https://lichess.org/yGSi7FSw#25,Sicilian_Defense Sicilian_Defense_Closed
hVBLm,3r2k1/p1p2pp1/1p1brq1p/2p1p2Q/4P3/2PP2RP/PP1B1PP1/R5K1 b - - 3 22,g8h7 d2g5 f6g6 h5g6 f7g6 g5d8,1944,90,79,42,advantage long middlegame pin,https://lichess.org/r7FBrm6G/black#44,
zyZfd,8/5p1p/5b2/1k6/7P/5NP1/2K5/8 w - - 0 41,f3g5 f6g5 h4g5 b5c4 c2d2 c4d4,1939,83,74,69,crushing defensiveMove endgame long,https://lichess.org/Q9p7JhTT#81,
jBACw,r1bq1rk1/bp3p2/p5pp/2pnP2N/3pQ3/1N1B4/PPP2PPP/R4RK1 b - - 1 16,c8f5 e4d5 d8d5 h5f6 g8g7 f6d5,1955,77,81,94,advantage attraction fork long middlegame sacrifice,https://lichess.org/wrI2mcbG/black#32,Mieses_Opening Mieses_Opening_Other_variations
PHKwK,8/8/8/7p/2nk1P2/1p6/1N2K1PP/8 w - - 2 46,f4f5 c4b2 f5f6 b2d3 f6f7 d3f4,2037,84,89,64,crushing endgame hangingPiece knightEndgame long quietMove,https://lichess.org/Di7xT2z0#91,
Kc8UP,8/1p6/p7/2n3pk/8/1P3RR1/1PP2K2/2r5 w - - 6 48,f3f5 c5e4 f2f3 e4g3 f3g3 c1c2,1942,80,92,2206,crushing endgame fork long,https://lichess.org/VcVAISKV#95,
jDS8J,2k4r/1q3Q2/p3pR2/1p2b3/8/P1N1B1r1/1PP4P/R5K1 w - - 0 25,h2g3 b7h1 g1f2 h8h2,1965,78,95,15988,mate mateIn2 middlegame short,https://lichess.org/ZAo0xoLi#49,
PbVAc,8/8/5p2/8/6kP/2K3P1/8/8 b - - 0 50,g4g3 h4h5 f6f5 h5h6 f5f4 h6h7 f4f3 h7h8q f3f2 h8h1,2095,75,87,203,advancedPawn crushing defensiveMove endgame pawnEndgame promotion quietMove veryLong,https://lichess.org/ZXDGOunP/black#100,
uq2Qp,r4rk1/pR1R1pbp/2n3p1/4qp2/4p3/1BP5/PP2QPP1/6K1 b - - 1 26,e5f6 d7f7 f8f7 b7f7 f6d8 f7d7 g8h8 d7d8,1970,73,93,8339,advantage discoveredAttack discoveredCheck kingsideAttack middlegame veryLong,https://lichess.org/aKiV85nR/black#52,
LFBGN,R4r2/1qp4k/8/1p1p1p1p/1P2pP2/1QPnB2P/6R1/5K2 b - - 0 32,f8a8 b3d1 a8a1 d1a1,1923,76,95,3164,crushing endgame short,https://lichess.org/wJt4W7jq/black#64,
5o7qI,6k1/2RP1p1p/8/3r3B/2pp4/4n3/6PK/8 b - - 0 40,d4d3 h5f7 g8f8 f7d5,2011,74,95,1274,crushing endgame short,https://lichess.org/DRWxXwKB/black#80,
pX7hB,4k3/1b2P3/p2q2p1/2p3r1/5P1p/P1P4P/B1P2QPK/5R2 w - - 1 36,f1e1 g5g2 f2g2 d6f4 h2g1 b7g2,2034,81,92,8738,crushing deflection endgame fork long sacrifice,https://lichess.org/JM0zqCel#71,
ORO0a,r2qr1k1/pbb2pp1/4pn1p/1Pp5/P3N3/2PB1N2/5PPP/R2Q1RK1 w - - 0 18,e4c5 b7f3 d1f3 d8d6 g2g3 d6c5,1986,76,89,384,advantage long opening,https://lichess.org/pfNlmBlr#35,Indian_Defense Indian_Defense_London_System
VmWGi,r1b1r1k1/p2p1p1p/2p1p1pQ/q1B1P3/2P5/2nB4/P1P2PPP/R3K2R w KQ - 2 15,c5d4 c3b5 h6d2 a5d2 e1d2 b5d4,2017,78,91,1777,advantage discoveredAttack discoveredCheck long middlegame,https://lichess.org/Vxm5e2Io#29,Sicilian_Defense Sicilian_Defense_Taimanov_Variation
p0JhG,3Q4/3R1p1k/6p1/7p/4PK1r/5P2/6P1/4q3 w - - 0 39,f4g5 e1g3 g5f6 h4f4,2083,76,83,159,advantage endgame master short,https://lichess.org/Adrb5DPz#77,
7cxfz,7r/3b1pk1/3p2p1/1p1P4/4P2q/5P1n/3QN2P/1R3NK1 w - - 0 39,g1g2 h4f2 g2h1 f2f3,2007,85,92,2242,deflection master mate mateIn2 middlegame short,https://lichess.org/2Rxa00VS#77,
WGGpM,r5k1/pp4bp/1qp1Nnp1/3p1r2/5P2/8/PPPB2PP/1R1Q1R1K b - - 3 19,a8e8 e6g7 g8g7 g2g4 f6g4 d1g4,2095,73,92,6476,advantage long middlegame,https://lichess.org/MtMnvC0L/black#38,Four_Knights_Game Four_Knights_Game_Scotch_Variation_Accepted
6iBDt,7k/3b2bB/p2p2Np/2pPp2q/2P5/3Q2P1/Pr4P1/5RK1 b - - 4 29,h8h7 g6f8 h7g8 d3h7,1914,75,94,10028,discoveredCheck doubleCheck fork master mate mateIn2 middlegame short,https://lichess.org/03MgSrrx/black#58,
DmRas,7r/1p2bk2/p3p1p1/3pPp2/QP3P2/P3q2P/3N2PK/2R4R w - - 3 27,a4d1 h8h3 g2h3 e3f2,2058,77,93,1927,epauletteMate mate mateIn2 middlegame sacrifice short,https://lichess.org/C9SZkcyp#53,
PZt74,2r2rk1/1b5p/p2p2pb/1pnPpp2/1P2P3/4PN2/P1BN1KPP/R4R2 b - - 0 21,f5e4 b4c5 e4f3 c5c6 b7c6 d5c6,2094,79,91,706,advantage long master middlegame,https://lichess.org/QzeA9FWc/black#42,
QQu5X,4r1k1/2Q2p2/2p3p1/7p/p2R4/P1P4P/1q3PP1/6K1 w - - 0 25,c7c6 e8e1 g1h2 b2f2 c6f3 f2g1 h2g3 e1e3,2018,77,92,2470,crushing deflection endgame master pin veryLong,https://lichess.org/xKVbNJF0#49,
B0qoa,2r2rk1/1p3pbp/p1p1qBp1/4P3/3P4/1P3Q2/P5PP/2R2RK1 b - - 2 20,c8c7 d4d5 c6d5 c1c7 e6b6 g1h1 b6c7 f6g7 g8g7 f3f6,2039,76,86,115,attraction crushing middlegame veryLong,https://lichess.org/Bly7m1ry/black#40,
uetlJ,8/2p2p1p/3k4/3b4/8/4NP2/5KPP/8 w - - 0 39,e3d5 d6d5 f2e3 d5c4,1919,77,78,63,crushing defensiveMove endgame short,https://lichess.org/aGahLSne#77,
9N2Yx,r1b1k2r/4q2p/p3Nbp1/1p1N3Q/4P3/8/PPP3PP/R6K b kq - 1 22,e7f7 d5c7 f7c7 e6c7,1929,84,90,1215,crushing fork middlegame short,https://lichess.org/osDc3SCV/black#44,
VuzIy,2k4r/ppp2p2/3p1N2/5q2/2nK2Pr/8/PPP5/R2Q1R2 b - - 0 25,h4g4 d1g4 f5g4 f6g4,1940,134,69,17,crushing middlegame pin short,https://lichess.org/hXJ0ewI2/black#50,
XTSoR,5r1r/8/k6p/3pP1p1/PppP2P1/4P2R/1P5P/R5K1 w - - 0 29,a1f1 f8f1 g1f1 c4c3 b2c3 b4b3,1901,75,84,135,crushing endgame long rookEndgame,https://lichess.org/jQYu5aTV#57,
ftmKN,8/8/8/1k3p1p/2p2P1P/2P5/2K5/8 w - - 6 44,c2d2 b5a4 d2e3 a4a3 e3d4 a3b3 d4e5 b3c3,2014,172,48,8,crushing endgame pawnEndgame veryLong zugzwang,https://lichess.org/3OasEZ20#87,
jMop5,r4rk1/1R3ppp/p1P1p3/8/1Pn5/P4R2/6PP/6K1 b - - 0 26,a8b8 f3f7 f8f7 b7b8 f7f8 c6c7,2063,84,75,49,advancedPawn advantage deflection endgame long,https://lichess.org/xKyQ2xKe/black#52,
Ocf5f,5k2/pN5p/6p1/2P1pq2/2Qp4/1B1Kb1P1/PP5P/8 w - - 5 32,d3e2 f5f2 e2d3 e5e4 d3e4 f2f5,2053,75,94,4582,attraction endgame exposedKing long mate mateIn3,https://lichess.org/hr2PPHOH#63,
IQmHz,8/6pp/8/1pk5/5PP1/2K5/7P/8 w - - 0 34,f4f5 c5d5 g4g5 d5e5,2049,75,88,1450,crushing endgame pawnEndgame short,https://lichess.org/0D9S7UD0#67,
gxTCy,R5k1/1p2nr1p/1q4p1/1P2Q3/4P3/2P3P1/3r1P1P/5RK1 b - - 2 31,f7f8 a8f8 g8f8 e5f4 f8e8 f4d2,1902,78,91,2927,attraction crushing fork long middlegame,https://lichess.org/GET7jwBY/black#62,
necgw,5q2/1b1Q4/1kpRp2r/1p2Pp2/2p3p1/2P3P1/5PB1/6K1 b - - 3 31,f8c8 d7c8 b7c8 d6c6 b6a5 c6c8,2026,80,91,2254,crushing endgame fork long,https://lichess.org/tZt2X6W2/black#62,
MU1n5,6k1/2r3p1/R3p2p/P2p4/2pPp3/4PbPB/P4P1P/6K1 w - - 3 29,h3e6 g8f8 a6b6 c4c3 b6b1 c3c2 b1c1 c7b7,2035,85,64,35,advancedPawn crushing defensiveMove endgame veryLong,https://lichess.org/wpyKh7ac#57,
2wOXS,3r1rk1/1bq2pbp/p3p1p1/1p2Pn2/3N1P1Q/PBP5/1P1B2PP/R4RK1 w - - 1 19,d4f5 d8d2 f1f2 d2f2,1954,80,92,2143,advantage hangingPiece middlegame short,https://lichess.org/Oy1y5FkV#37,Sicilian_Defense Sicilian_Defense_Closed
MH9am,1r3bk1/p2B1pp1/2r5/qn1pB2P/b7/1PPN1P2/PK2Q3/4R1R1 b - - 6 32,b5c3 g1g7 f8g7 e2g2,1989,75,91,1872,crushing master middlegame sacrifice short,https://lichess.org/da63wF1I/black#64,
W9Nco,8/8/2k4P/1p1p4/3P4/2P2K2/6pr/4R3 b - - 0 46,h2h1 e1e6 c6d7 f3g2,1951,77,94,7994,crushing endgame rookEndgame short,https://lichess.org/aMbIL5XF/black#92,
qzTbY,3r1k1r/5p2/4pqp1/7n/Q3PN2/1P6/P7/1K4RR w - - 5 30,g1f1 h5f4 h1h8 f6h8 a4b4 f8g8,2012,91,81,37,middlegame,https://lichess.org/vv0Z1ghv#59,
sIClB,8/5pb1/4r3/Pk1pPKP1/1Pp5/2B4r/8/2R1R3 w - - 5 51,e1h1 h3c3 c1c3 e6e5 f5g4 e5e4,2005,75,88,114,crushing endgame long,https://lichess.org/P0Iu7wc8#101,
61Sij,4r3/2r2kBp/4pP2/Q5R1/2p2q2/P6K/5PP1/8 b - - 13 39,e8g8 g5g4 f4g4 h3g4,2025,84,90,1269,crushing endgame short,https://lichess.org/cyO08AVx/black#78,
OiLLb,1k1r3r/p1q2p2/Bp1pbp1p/b3p3/N3P3/2P1QN1P/5PP1/1K1R3R w - - 1 20,d1c1 c7c6 c3c4 c6a4,2024,77,92,1120,advantage middlegame short,https://lichess.org/7Al1SjxV#39,
dGuXj,3bk3/5pp1/4p3/8/p2r1P1p/8/R2BKP2/8 b - - 1 43,d4e4 e2d3 e4f4 d2f4,1991,76,90,233,advantage defensiveMove endgame short trappedPiece,https://lichess.org/Zrio3DoW/black#86,
eFlIn,1r6/8/2R2k2/1p3p1p/2nNp2p/4P3/5PPK/8 b - - 1 49,f6g5 f2f4 e4f3 d4f3 g5g4 c6g6,2095,76,94,1115,endgame long master mate mateIn3,https://lichess.org/8kaKYEyu/black#98,
46055,1Q6/5q2/2r3k1/4p1p1/3pP1P1/5p1P/1R5K/8 w - - 0 59,b8e5 f7f4 e5f4 g5f4,1981,80,90,1568,crushing endgame master masterVsMaster short,https://lichess.org/ptweHOjE#117,
z6PU5,8/2B4p/4k3/2p5/p6K/2PP1PP1/7P/8 w - - 0 48,c7a5 c5c4 d3c4 a4a3,1918,75,92,3571,advantage bishopEndgame endgame short,https://lichess.org/FPyBXbLN#95,
0Njo3,2kr3r/ppp1bppp/2n1b3/3qP3/6n1/2P1BN2/PP1NBPPP/R2Q1RK1 w - - 0 12,e2c4 d5c4 d2c4 d8d1 f1d1 e6c4,2020,77,87,220,advantage discoveredAttack long middlegame,https://lichess.org/GRUqpE3W#23,Nimzowitsch_Defense Nimzowitsch_Defense_Declined_Variation
kdIq7,r2qkbnr/1b2pppp/ppnp4/8/8/2N2NP1/PP1PPPBP/R1BQK2R b KQkq - 1 7,c6e5 f3e5 b7g2 d1a4 b6b5 c3b5,1949,76,91,696,crushing long opening,https://lichess.org/ywpLGlkE/black#14,English_Opening English_Opening_Jaenisch_Gambit
DiyjP,r2q2nr/p1p2kpp/3p4/1Qn5/4P1b1/2P2NP1/PP1N2P1/R4RK1 b - - 1 15,a8b8 f3e5 f7e6 b5c4,2092,77,89,81,crushing discoveredCheck doubleCheck middlegame short,https://lichess.org/oO60RP1S/black#30,Kings_Gambit_Accepted Kings_Gambit_Accepted_MacLeod_Defense
QWtaH,6k1/2p3pp/1pN1p2q/1PPpPbb1/3Pp3/4P3/3KQ1P1/4B3 b - - 3 31,b6c5 d4c5 d5d4 c6d4,2015,75,88,155,advantage endgame short,https://lichess.org/AlaWg4TC/black#62,
RN2Al,8/7p/8/8/8/2K5/6kP/8 w - - 3 52,c3d3 g2h2 d3e3 h2g3 e3e2 g3g2,2056,76,89,170,crushing defensiveMove endgame long pawnEndgame,https://lichess.org/KdPsxthP#103,
zZKYi,r1b1r1k1/ppp2ppp/3p4/3P2q1/2B1n3/2PN4/PB3PPP/R2Q1RK1 w - - 4 14,d1f3 e4d2 f3f4 g5f4 d3f4 d2c4,1966,75,94,8501,advantage capturingDefender fork long middlegame,https://lichess.org/DYw9AElJ#27,Italian_Game Italian_Game_Giuoco_Piano
ipTeJ,5k2/5p2/1R1P2p1/7p/p1p5/P1P5/1Prr4/4R1K1 b - - 8 45,d2e2 b6b8 f8g7 e1e2 c2e2 d6d7,1936,80,92,5161,advancedPawn crushing endgame long rookEndgame,https://lichess.org/k7kCu2lC/black#90,
KdDaI,5k2/1bp2n2/4pNpp/1qP1P3/p5P1/Pp2Q2R/1P6/1K6 w - - 12 39,h3h6 b5f1 e3c1 f1c1 b1c1 f7h6,1997,75,89,102,crushing endgame long,https://lichess.org/3tVqMEik#77,
92YhQ,6r1/3B1pr1/1k3p1p/2pP1P2/1p2p3/1N4b1/1P5P/2RR2K1 w - - 0 32,h2g3 g7g3 g1f2 g3f3 f2e1 g8g1 e1e2 g1g2,2056,103,82,23,crushing endgame exposedKing fork veryLong,https://lichess.org/vRCnv3g4#63,
oDReT,r4rk1/3n1ppp/2p1q3/p2b1R2/1p3BP1/P6P/1PP2P2/R2Q1BK1 w - - 4 22,f1g2 d5g2 g1g2 g7g6,2049,79,86,41,advantage middlegame short,https://lichess.org/HkHKgiDT#43,
pDPfz,2r3k1/1p2p1bp/1q1p2p1/p2P4/3Pn3/1N6/PPr1BPP1/1K1RQ2R w - - 0 21,e2d3 c2b2 b1b2 g7d4 b2b1 e4c3,2012,78,91,456,attraction crushing long middlegame queensideAttack sacrifice,https://lichess.org/kIvDUy1V#41,
SwgPA,7R/p7/1r5P/5pp1/P5k1/1P6/5PK1/8 b - - 0 36,b6b3 h8g8 b3b7 g8g7,2072,98,89,34,crushing endgame rookEndgame short,https://lichess.org/0zEkwaYg/black#72,
0YE01,8/6p1/2p5/2k2p1p/2P2P2/3K3P/6P1/8 w - - 1 37,d3c3 h5h4 c3d3 c5b4,1901,74,86,185,crushing endgame pawnEndgame quietMove short zugzwang,https://lichess.org/NKX32CVM#73,
GgigN,r1b1r1k1/ppq2pp1/2n2bNB/3ppP1Q/8/3B4/PPP3PP/3R1RK1 b - - 0 17,f7g6 f5g6 c8g4 h5g4 g7h6 f1f6,2040,78,92,1669,advantage long middlegame,https://lichess.org/rwStyWbz/black#34,Caro-Kann_Defense Caro-Kann_Defense_Other_variations
zPhMx,r2qn1k1/3bb1pQ/2n1p3/pp1pP1P1/1PpP1r2/P1P5/3N1PP1/R3K2R b KQ - 1 18,g8f8 h7h8 f8f7 g5g6 f7g6 h8h5,2049,77,92,2007,attraction long mate mateIn3 middlegame,https://lichess.org/MJeq4sCo/black#36,Queens_Pawn_Game Queens_Pawn_Game_Accelerated_London_System
sJ2Lz,1k1r3r/pPp5/4p3/8/2Q1B3/P5P1/1P1q4/2R3KR b - - 2 34,h8h1 e4h1 d2e3 g1g2,1986,76,92,110,advantage defensiveMove endgame short,https://lichess.org/3dDC1NtY/black#68,
xQRCd,r4rk1/pp3p1p/2pNpQpP/4P3/6q1/8/PP6/4K3 b - - 0 36,g4b4 e1f1 b4f4 f6f4,1929,80,93,2128,crushing defensiveMove endgame short,https://lichess.org/WcF4PTFs/black#72,
ViNYJ,4r1k1/5ppp/2Rb4/q2pp3/4n3/1P2PN1P/2Q2PP1/B5K1 w - - 1 23,a1e5 d6e5 f3e5 a5a1 c2c1 a1e5,1945,74,93,6955,advantage fork long middlegame,https://lichess.org/JalCeBdF#45,
fqdP5,8/6R1/5P2/6Pk/4K3/8/p7/r7 w - - 6 45,g7h7 h5g5 f6f7 a1e1,1986,107,79,21,crushing endgame master rookEndgame short,https://lichess.org/M3t2UXYI#89,
3YYJu,3q4/3PPp1k/3Q2pp/4N3/6P1/6KP/1q6/8 b - - 2 49,b2c3 e5f3 d8a8 d6f4 a8f3 f4f3,1992,76,89,533,clearance crushing defensiveMove endgame long,https://lichess.org/Qv7yTkZ6/black#98,
AlYkD,r6k/pp1r2pp/2p2N2/3qp3/Pn3Q2/6R1/1P2B2P/2K3R1 w - - 1 26,f4h4 d5d2 c1b1 d2c2 b1a1 c2a4 g3a3 b4c2 a1a2 a4h4,1971,75,95,3537,crushing discoveredAttack fork middlegame veryLong,https://lichess.org/07os8dDa#51,
52okf,3k4/6p1/3P1p1p/2N1Pb2/2p5/1p4PP/3K2P1/8 w - - 0 47,e5e6 b3b2 c5b7 d8c8 d6d7 c8b7,1945,76,87,424,advancedPawn advantage endgame long,https://lichess.org/uVcDd0s0#93,
89sXZ,3r2k1/6pp/1b1q1p2/1Q1p2n1/1P3N2/P4rP1/1B4KP/2RR4 w - - 0 31,d1d5 f3f2 g2h1 g5f3 f4g2 d6d5 b5d5 d8d5,1938,87,73,50,crushing fork middlegame veryLong,https://lichess.org/8Yk4d06m#61,
9yqTN,r2q1rk1/ppp1npp1/4b2B/3p3Q/7R/2P5/P4PPP/RN4K1 b - - 0 17,e7g6 h6g5 f7f6 h5g6,2070,75,93,1148,advantage middlegame short,https://lichess.org/2pnmD0v5/black#34,Center_Game Center_Game_Kieseritzky_Variation
AFqPR,r2qr1k1/pp1nbppp/3N4/3np1B1/7P/5Q2/PP3PP1/R3R1K1 b - - 2 17,e7g5 f3f7 g8h8 f7d5,2073,79,91,67,advantage fork middlegame short,https://lichess.org/ai8OdbOY/black#34,Caro-Kann_Defense Caro-Kann_Defense_Other_variations
0GR9p,8/8/6PR/1brk4/p6P/8/1K6/8 b - - 0 56,c5c6 g6g7 a4a3 b2b3,2064,108,86,29,advancedPawn advantage defensiveMove endgame short,https://lichess.org/Y33G5TBF/black#112,
l9UQ5,8/7p/4b3/1k2p1PP/4Pp2/5K2/8/2N5 b - - 4 51,e6f7 g5g6 h7g6 h5h6,2078,86,74,28,crushing endgame short,https://lichess.org/QGOu2yqV/black#102,
NbY9d,r7/P4k1p/Q3pp2/3p4/7P/2p1P3/1q3PP1/R5K1 w - - 0 31,a1a2 c3c2 a2b2 c2c1q,2090,75,96,326,advancedPawn advantage endgame promotion short,https://lichess.org/N1OuYq92#61,
1yAsm,8/1p1k4/1Pq4p/2p3p1/2Q1p1Pn/1R2Nr2/PP6/2K5 b - - 2 34,c6d6 c4e4 f3f1 e3f1,2091,78,89,1570,crushing endgame master short,https://lichess.org/KLCKvaFJ/black#68,
IX6z8,4r1k1/p1p4p/8/1Qp1Npp1/2PPn3/8/PP4q1/2KR4 b - - 1 38,e8e7 b5b8 g8g7 b8d8,2036,76,91,1270,advantage endgame short,https://lichess.org/JlFmkHMu/black#76,
vtZcM,8/7p/8/5p1P/4p3/4P1K1/4kP2/8 b - - 2 45,e2f1 f2f3 f1e2 f3e4 f5e4 g3f4 e2d3 h5h6 d3d2 f4e4,2056,75,83,226,crushing endgame pawnEndgame veryLong zugzwang,https://lichess.org/ehOwXGRY/black#90,
b5xoV,r2r1bk1/1RQ2ppp/4p3/4B1q1/3PB3/7P/5PP1/6K1 b - - 4 34,g5h5 g2g4 h5g5 c7f7,1916,74,89,1333,advantage master middlegame short,https://lichess.org/iE9JH98F/black#68,
oDBau,8/5p2/7p/8/1npB4/k4P1P/2P2KP1/8 w - - 1 38,f2e3 b4c2 e3d2 c2d4 d2c3 d4f5,2092,77,84,102,crushing defensiveMove deflection endgame long,https://lichess.org/DXX9RXK6#75,
XW0Te,6RQ/5p2/2p5/pp3kp1/5q2/7P/PPPr2P1/6K1 w - - 9 33,h8h7 f5e6 g8e8 e6d7,2058,77,72,89,crushing defensiveMove endgame short,https://lichess.org/V5tUAl5m#65,
lD9dr,4r1k1/1p1q2p1/2pP3p/Q4p2/8/7P/6P1/3R2K1 b - - 0 35,e8e6 a5c7 e6e7 d6e7 d7d1 g1h2 g8f7 c7d8,2053,77,94,4238,advancedPawn advantage endgame veryLong,https://lichess.org/KgsOgNQD/black#70,
uRRch,1r3r2/p1q1npkp/2p3p1/2B1p2P/N2pP3/1P2n1NB/P1P2R2/1K4R1 b - - 8 24,e3c4 c5e7 c7e7 g3f5,1948,73,95,17855,advantage middlegame pin short,https://lichess.org/GIJng1m9/black#48,
ESoev,r4k2/ppn3r1/2p2q2/2PnNp2/8/P2P3Q/BP3PPP/4R1K1 b - - 16 30,a8e8 h3h8 f8e7 e5g4 c7e6 h8e8 e7e8 g4f6,2049,146,33,19,advantage attraction deflection discoveredAttack discoveredCheck exposedKing middlegame pin veryLong,https://lichess.org/pOdHLJJD/black#60,
HukSw,4r1k1/1pp3p1/7p/8/pPPN1p2/P2P2nP/6PK/3Q4 w - - 0 31,d1a4 e8e1 a4e8 e1e8,1920,76,90,368,crushing endgame quietMove short,https://lichess.org/qVYG4KFN#61,
ITNLy,r1b2rk1/ppB1bppp/2n1p3/3n1q2/3PN3/P1NQ4/1PP2PPP/2KR1B1R w - - 1 12,e4g3 f5d3 f1d3 d5c7,2030,76,84,146,crushing master middlegame short,https://lichess.org/cNJLnMnc#23,French_Defense French_Defense_Winawer_Variation
csHHY,2k3r1/Qbp2p2/1pB1p2p/2pP3P/2P1PPr1/7q/PR3RP1/6K1 b - - 7 29,b7c6 d5c6 g4g2 f2g2 h3e3 b2f2 g8g2 g1g2,2064,78,94,3976,crushing middlegame veryLong,https://lichess.org/ilASPXXh/black#58,
e8sVQ,2r2rk1/p4pp1/4pn1p/qpPp3P/3Q2n1/1P2B3/P1P5/2KR2R1 b - - 1 24,g4e3 d4f6 e3f5 g1g7 f5g7 d1g1 a5e1 g1e1,2007,76,88,474,advantage clearance middlegame pin veryLong,https://lichess.org/daWQLyYA/black#48,
YpAF1,3rr1k1/ppq3pp/5p2/4P3/2PBb3/P6P/4BQ2/R3K2R w KQ - 1 26,h1g1 c7a5 e1f1 f6e5 g1g7 g8g7,1939,76,75,82,advantage long middlegame,https://lichess.org/598CwA0A#51,
UsgDc,rn1q1rk1/1p1n1pbp/2pp2p1/p3p3/P2PP3/2N1BBPP/1PP2P2/R2Q1RK1 w - - 0 12,d1d2 d8f6 d4e5 f6f3,2064,75,92,422,crushing master middlegame short,https://lichess.org/tqtdZjul#23,Kings_Indian_Attack Kings_Indian_Attack_Symmetrical_Defense
ro4PJ,1q3rk1/pr1n1pbp/3Pp1p1/4B3/5P2/2NQ4/PP2RP1P/1K1R4 w - - 7 23,d3d4 f7f6 d4c4 f6e5,2074,81,91,797,advantage master middlegame short,https://lichess.org/Evm3vGld#45,
Mo59H,r1b2k1r/pp2p1b1/2n2nBp/8/3q4/2N3Q1/PP3PP1/R1B2RK1 b - - 3 16,c6e5 f1d1 d4d1 c3d1 e5g6 g3g6,1921,76,88,563,advantage long opening,https://lichess.org/X0CMMexY/black#32,Borg_Defense Borg_Defense_Borg_Gambit
gnqYO,r2q1rk1/p3bppp/2p1p3/3p2Bb/3Pn3/P1P2N1P/1P1N1PP1/R2Q1RK1 w - - 1 15,d2e4 d5e4 g5e7 d8e7,1901,75,93,1182,advantage middlegame short,https://lichess.org/RrqYv8AF#29,Caro-Kann_Defense Caro-Kann_Defense_Hillbilly_Attack
bnuDI,rbb3k1/p2q3p/5pnQ/1pBPrN2/2P3P1/3p4/PP1N1P1P/2KR3R w - - 1 24,d2f3 e5f5 g4f5 b8f4 h6f4 g6f4,1970,79,92,319,advantage clearance fork long middlegame sacrifice,https://lichess.org/UhREnZNV#47,
TuRuH,r6k/6pp/3b1p2/p7/3P2P1/2Pq1p1P/QP1B1P2/4R1K1 w - - 0 26,a2f7 a8f8 e1e8 d3b1 d2e1 b1e1 e8e1 f8f7,2035,81,91,178,advantage endgame veryLong,https://lichess.org/St8nphDv#51,
Ke1a4,4r1k1/3r1B2/5Q2/2p1P1bp/6b1/8/PPPq2PP/5R1K b - - 5 31,g8f8 f6h8 f8e7 h8e8,1990,82,78,84,epauletteMate mate mateIn2 middlegame short,https://lichess.org/6WsGhRj0/black#62,
S3sy3,7k/p1qn1ppp/8/5N2/3P4/3QP3/rr3PPP/R3KB1R w KQ - 0 20,a1a2 c7c1 d3d1 c1c3 d1d2 c3d2,1934,95,56,24,long mate mateIn3 middlegame,https://lichess.org/UWK99BDA#39,
EzkuT,8/4k3/2p5/p1P2K2/Pr3R2/8/8/8 w - - 6 46,f5e5 b4f4 e5f4 e7f6 f4e4 f6e6,1980,98,78,29,crushing defensiveMove endgame long rookEndgame zugzwang,https://lichess.org/V0Cdm4co#91,
nqhAq,8/4n3/8/1p1nk2P/1P2N3/2PpPB1q/3Q4/5K2 w - - 4 53,f3g2 d5e3 f1g1 h3g2 d2g2 e3g2,2010,81,91,1858,crushing endgame exposedKing fork long,https://lichess.org/MWztwVv8#105,
Cgc23,3rr1k1/p1p2pbp/1p1q2p1/3n4/2BP4/1P2BQ1P/P3RPP1/4R1K1 b - - 6 20,d5e3 c4f7 g8h8 f7e8,2004,77,91,1695,advantage fork middlegame short,https://lichess.org/Xy5Ceu60/black#40,
jEZZs,7k/8/p2n3p/4bP2/P7/8/4BP1p/1N5K w - - 3 44,e2a6 d6e4 f2f4 e5f4,1902,76,88,1052,crushing endgame short,https://lichess.org/ulrUmc5c#87,
sRlYj,5rk1/p7/1p2N2p/3p4/4n3/4n3/P5PP/B1R4K b - - 3 35,f8f7 c1c8 g8h7 e6f8 f7f8 c8f8,1994,82,89,1108,advantage endgame exposedKing long,https://lichess.org/wkLmKNKO/black#70,
R2UMJ,3n1k2/2R3R1/p1q4p/5p2/P7/5PP1/6KP/8 b - - 4 39,c6d6 g7d7 d6f6 c7c8,2086,80,82,41,crushing endgame master short,https://lichess.org/zYVWvDJl/black#78,
PlcdM,1r4k1/7p/4P3/1p6/pN2n3/8/7P/3R2K1 b - - 0 30,g8f8 e6e7 f8e7 b4c6 e7e6 c6b8,2067,81,33,38,advancedPawn attraction crushing endgame exposedKing fork long,https://lichess.org/vSYTWB97/black#60,
jHgLk,8/8/5ppp/1p1k4/1P3PP1/3K3P/8/8 b - - 0 44,h6h5 f4f5 h5g4 f5g6 d5e6 h3g4,2038,74,95,1991,crushing endgame long pawnEndgame,https://lichess.org/09OjHdeI/black#88,
RXSOa,r3k1r1/2p2p2/pN1p3p/1p5b/4Pp1q/1B3P1P/PP3P1K/R2QR3 w q - 3 23,d1e2 g8g3 f2g3 h4g3 h2h1 h5f3 e2f3 g3f3,1993,75,84,238,crushing fork middlegame sacrifice veryLong,https://lichess.org/7rKV1xqt#45,
NfgUV,4rr2/2Q2p1k/2Pp3p/6p1/2q5/2N2P1P/1P4K1/2B4R w - - 3 27,c3e4 e8e4 f3e4 c4e4,1916,76,87,445,crushing middlegame short,https://lichess.org/SJN3YfXr#53,
EQ58H,r6r/p1p2k1p/4q1p1/1Q1pp1B1/8/8/PPP3PP/5RK1 b - - 1 20,f7g8 f1f6 e6f6 g5f6,2049,76,94,3100,crushing endgame short,https://lichess.org/lu2T6nWX/black#40,
TzX1e,7k/6pp/3q4/p7/4Q3/1b4P1/2p2P1P/2R3K1 w - - 0 39,c1c2 d6d1 g1g2 d1c2 e4a8 b3g8,1943,79,92,1248,crushing endgame long,https://lichess.org/0eoMSvbW#77,
Ii0Tn,2r4r/6pp/1k6/p3p3/PbB5/2NP1b2/1PKBNq1n/R2Q4 b - - 6 26,e5e4 d2e3 f2e3 c3d5 b6b7 d5e3,1954,77,96,1434,advantage attraction fork long middlegame sacrifice,https://lichess.org/znNifBuH/black#52,
neRob,1k3r2/p4qp1/1p2p1N1/1P1pP1b1/3Q1B2/8/1P3K2/2R5 w - - 2 33,g6f8 g5f4 f8d7 b8b7 d7f6 f4c1,1966,75,81,106,crushing endgame long,https://lichess.org/9ydlg6tH#65,
mLrJA,3Q4/4ppk1/3p1q1p/2pPnB1P/4P3/6BK/4b1P1/8 b - - 4 40,e2h5 g3h4 h5g4 h3g3 g4f5 h4f6,1916,110,74,26,crushing defensiveMove endgame long master trappedPiece,https://lichess.org/dMk0xcYb/black#80,
O9SHZ,r5k1/1p2q1p1/p2Np2r/2pnPp1p/3p1P2/1P1P1Q1P/P1P2PRK/R7 b - - 5 21,e7h4 d6f5 h4f4 f3f4 d5f4 f5h6,1997,83,92,3172,crushing kingsideAttack long middlegame pin,https://lichess.org/Y5jYePfb/black#42,
FRkc4,8/4k3/4p3/4Pp1p/5P1P/5K2/4N3/4b3 w - - 9 55,e2g3 e1g3 f3g3 e7d7 g3f2 d7c6 f2e2 c6c5 e2d3 c5d5,1948,81,75,57,crushing endgame veryLong zugzwang,https://lichess.org/dFNGTvrp#109,
0hP0H,4r1k1/Q5p1/2p1q2p/3p4/P1pP4/2P5/6PP/5RK1 w - - 0 32,a7c7 e6e3 g1h1 e3f2 h2h3 f2f1,2091,80,91,286,crushing endgame long master,https://lichess.org/nI7rnUTQ#63,
lOyPV,8/8/2P5/1p4P1/5P2/kp2R3/6r1/1K6 w - - 1 56,b1c1 a3a2 e3b3 a2b3,2059,105,84,16,crushing endgame master rookEndgame short,https://lichess.org/5jNYoJrO#111,
XslUZ,3rq1k1/ppR3pp/4pp2/3b4/3P2N1/8/PP3PPP/2Q3K1 b - - 3 22,d5c6 c7g7 g8g7 c1h6 g7g8 g4f6 g8f7 f6e8,1960,75,96,1895,attraction crushing deflection endgame fork sacrifice veryLong,https://lichess.org/UBtgzcFk/black#44,
OKWhK,4rrk1/6pp/R7/4nq2/1P3p2/P4QP1/4PPNP/5RK1 w - - 1 31,f3f4 f5c8 b4b5 f8f4,1909,76,78,98,advantage discoveredAttack middlegame short,https://lichess.org/tIbxnTlY#61,
dFNmQ,r3r1k1/p1p1bppp/5n2/1q1P2Nb/3Q4/1P3P2/PB4PP/RN2R1K1 w - - 1 17,g5e4 e7c5 d4c5 b5c5 e4c5 e8e1,2032,75,87,295,advantage long middlegame pin,https://lichess.org/UuN0KGSN#33,Ruy_Lopez Ruy_Lopez_Berlin_Defense
WMMyk,r1bq2k1/pppp1ppp/2nn4/3N1r2/3P1Q2/1B6/PPP2PPP/R1BK3R w - - 1 13,f4g3 d6e4 g3c7 e4f2,2014,75,93,3186,crushing master middlegame short,https://lichess.org/3kPKKmFu#25,Vienna_Game Vienna_Game_Stanley_Variation
7AmW6,2rr2k1/1p2p2p/p1qpb1p1/8/n1P1P1P1/4BP2/P1PQB3/2KR3R w - - 0 22,h1h7 g8h7 d1h1 h7g8 e3d4 g8f7,2036,115,44,22,advantage defensiveMove hangingPiece long middlegame,https://lichess.org/bKkD8U5J#43,
CTInm,8/4Rpk1/2p1Qnpp/1p1p4/p7/1Pq4P/P5P1/6K1 b - - 7 34,c3d4 g1h1 d4a1 h1h2,2096,75,85,82,advantage defensiveMove endgame pin short,https://lichess.org/QShXLiWm/black#68,
tGJup,8/2k2p2/6p1/7p/1P1R4/3K1PP1/8/6r1 w - - 3 55,g3g4 g1d1 d3e3 d1d4 e3d4 h5h4,1963,76,97,2243,crushing defensiveMove endgame long master rookEndgame,https://lichess.org/0AApJ4rz#109,
OxKeJ,8/8/1p1k1qn1/pPpPp3/P1P3K1/3BQ3/8/8 w - - 0 48,e3h6 e5e4 d3e4 g6e5 g4h5 f6h6,2047,77,95,638,crushing discoveredAttack endgame long,https://lichess.org/n2bwzF6K#95,
SRJH6,6k1/5b2/p2b3p/2QPqpp1/P1N5/2N3PP/1P3PK1/8 b - - 4 36,e5c3 c5c8 g8g7 b2c3,2043,83,90,2115,crushing endgame intermezzo master short,https://lichess.org/I16aIHJK/black#72,
Q6oiF,5rk1/p2q1ppp/5n2/2bPp1B1/1r6/2N5/PP3PPP/1R1Q1RK1 b - - 7 15,f6d5 d1d5 d7d5 c3d5,1929,86,86,32,crushing middlegame short,https://lichess.org/rNo0Baw4/black#30,Sicilian_Defense Sicilian_Defense_Open
Ed5R4,1n1k4/1R6/2nNp2p/2P1p1p1/1pNpP3/3r3P/5PP1/6K1 b - - 1 37,d3c3 d6f7 d8e8 c4d6 e8f8 f7h6 c6d8 b7b8,1934,76,84,224,advantage endgame exposedKing pin veryLong,https://lichess.org/wf1WHeCl/black#74,
LB8tK,6k1/pp2r1p1/2p1p1Qp/3Pp3/1P5P/P4R2/3q2PK/8 b - - 0 26,e6d5 g6d6 e5e4 d6d8 g8h7 f3f8 e7f7 f8f7,1963,84,85,103,advantage endgame fork quietMove veryLong,https://lichess.org/LhGFZWtx/black#52,
2xw0b,r1b3rk/2q4p/p1p1pbp1/4ppN1/6Q1/4B2R/PPP2PPP/4R1K1 w - - 2 22,g5h7 f5g4 h7f6 g4h3,2035,75,84,75,crushing hangingPiece master middlegame short,https://lichess.org/BQqyLuJ4#43,
wsBhA,r2qkb1r/ppp2ppp/5n2/3N2B1/2p1P3/3n1B2/PP2KPPP/R2Q3R b kq - 0 11,f6d5 g5d8 d5f4 e2f1,2058,77,69,76,advantage defensiveMove middlegame short,https://lichess.org/wPfZACex/black#22,Queens_Gambit_Accepted Queens_Gambit_Accepted_Central_Variation
LFno2,1r1q1k2/3p1Pr1/3b4/p4Q2/4P3/4B1Pp/1PP4P/2KR4 b - - 0 28,d8e7 d1d6 e7d6 e3c5 d6c5 f5c5,1991,76,76,194,crushing long middlegame pin sacrifice,https://lichess.org/qHDZAtJh/black#56,
v7K01,8/p5k1/1p1n3p/7K/2B2P1P/1P6/P7/8 w - - 3 39,c4d5 d6e8 h5g4 e8f6 g4f5 f6d5,2013,74,95,911,crushing endgame fork long quietMove,https://lichess.org/zDi07J4r#77,
GfHdF,4rnR1/1p3Q2/2p1pp2/p2q1k2/8/P7/1PP5/K7 b - - 4 37,e6e5 f7h5 f5e6 h5e8,2049,77,94,1249,advantage endgame fork short,https://lichess.org/3439MeSD/black#74,
NWFxJ,2k1r3/ppp3p1/7p/2b5/3p4/1PP5/1P3PPP/RNB3K1 w - - 0 19,b1d2 e8e1 d2f1 d4d3 g2g4 d3d2 c1d2 e1a1,1918,75,86,1253,advancedPawn advantage endgame pin veryLong,https://lichess.org/abPdVum2#37,
fOB7i,4R3/p5rk/2pb1q1p/5b2/3P4/P1R2NP1/4QPKP/1r6 b - - 11 38,f6g6 f3h4 g6g4 h4f5 g4e2 e8e2,2034,131,87,15,advantage long middlegame,https://lichess.org/7h9aFyCS/black#76,
y9Vma,r2q2k1/p3nrbp/2p1Q1p1/4p1B1/8/N7/2P2PPP/3RR1K1 b - - 2 17,d8c8 d1d7 c8d7 e6d7,1905,76,92,2213,crushing master middlegame short,https://lichess.org/zK9jOjO9/black#34,Sicilian_Defense Sicilian_Defense_Nyezhmetdinov-Rossolimo_Attack
VtE09,r1n5/1p2q3/2pp2k1/5Qp1/4P3/1P6/1PP3P1/3R2K1 b - - 1 35,g6h6 g1f2 h6g7 d1h1,1992,75,89,424,advantage clearance defensiveMove endgame short,https://lichess.org/sNQTBxZm/black#70,
b6CP3,3r4/1k3R1p/pp2p1p1/2p1b2n/P1B1P3/N3K3/7r/R7 b - - 0 32,b7c6 c4b5 a6b5 a4b5 c6d6 a3c4,1969,181,82,14,long mate mateIn3 middlegame sacrifice,https://lichess.org/wr0V2Twx/black#64,
7CEkd,4Br2/1b3R2/1qk1pp2/1p1p2pQ/1p1P4/2n1P1P1/5PP1/K7 b - - 5 40,c6d6 f7d7 d6c6 d7d8 c6c7 h5h7 f8f7 h7f7 c7d8 f7d7,2070,83,92,200,discoveredAttack discoveredCheck mate mateIn5 middlegame veryLong,https://lichess.org/qjgyJEEO/black#80,
fTfBQ,7r/1k6/ppr1p3/3p1n2/NQ3pp1/P7/1P5P/4R1K1 w - - 2 33,a4c3 c6c4 b4c4 d5c4,1908,76,85,102,advantage endgame master short,https://lichess.org/50dFo8gb#65,
rMmG2,r4r1k/pq3p1p/1p2bN1b/1Bp2n2/P4NP1/3P4/1PPQ1P1P/R4RK1 w - - 3 20,g4f5 f8g8 f6g8 a8g8 f4g6 g8g6 f5g6 h6d2,2026,75,94,10123,crushing middlegame sacrifice veryLong,https://lichess.org/tN8an9uc#39,
o7ZZ3,1b2r1k1/2q2pp1/p5p1/3B4/2PQ2P1/P6P/4rP2/R4K1R w - - 3 33,a1b1 b8a7 c4c5 a7c5,1983,75,93,1521,crushing middlegame short,https://lichess.org/hpmg41hp#65,
pUz1d,3r1rk1/pbp2ppp/5n2/7q/2Q2B2/2N3P1/PP2PP1P/R4RK1 w - - 5 16,c4c7 d8d7 c7d7 f6d7,2026,85,81,95,advantage middlegame short,https://lichess.org/iDUpTflf#31,Catalan_Opening Catalan_Opening_Open_Defense
MqmKr,8/pp3ppp/8/P1P5/3PkP2/2P5/8/5K2 b - - 0 29,e4f4 a5a6 b7a6 c5c6,2006,81,92,1076,crushing endgame pawnEndgame short,https://lichess.org/BMqH4HMR/black#58,
SIbEK,4R3/6R1/p1rk2p1/1p6/2p2PP1/P3PK2/1r6/8 b - - 0 51,c4c3 g7g6 d6c5 g6c6 c5c6 e8c8,2023,75,93,8760,attraction crushing endgame exposedKing long rookEndgame,https://lichess.org/pmH02oS2/black#102,
MtIKC,5r1k/1ppq4/3p3p/p2P4/2PbN2P/6Q1/PP3NK1/R7 b - - 4 27,d4f2 g3c3 d7g7 c3g7 h8g7 e4f2,1910,80,72,59,crushing endgame exposedKing long,https://lichess.org/0XWxa6L3/black#54,
N7ex9,8/p3R3/1b3P1p/6p1/3kB1K1/r7/7P/8 b - - 0 47,a3a2 f6f7 a2f2 e4f3 h6h5 g4g3,1914,77,92,1838,advancedPawn crushing defensiveMove endgame long master quietMove,https://lichess.org/xbKKozVp/black#94,
8KbRH,r1k5/bpp5/p2pR3/3P3N/8/1Bp5/PP3p2/5K2 b - - 1 33,c3b2 e6e8 c8d7 h5f6,1952,76,84,264,endgame mate mateIn2 short,https://lichess.org/gYvS2Hs9/black#66,
icYmZ,3r1rk1/qb3pbp/p5p1/1p1n2N1/3p2P1/P5QP/1PP2PB1/2BRR1K1 b - - 6 26,d5f6 e1e7 d8d7 e7d7 f6d7 g3c7,1983,77,91,937,crushing long middlegame,https://lichess.org/UbKpz4vp/black#52,
bWOhu,5rk1/pbp2rp1/1pqp3B/7N/2nQ4/2P5/P4RPP/5RK1 b - - 0 23,g7h6 d4g4 g8h8 f2f7 f8f7 f1f7,2036,76,95,2856,crushing deflection kingsideAttack long middlegame,https://lichess.org/BSSwt5Dp/black#46,
GJkNh,4k3/pp3r2/3Qp3/8/3PKP2/8/PP4q1/1BR5 w - - 2 35,e4e5 g2e2 b1e4 f7f5 e5e6 e2e4 d6e5 f5e5,1966,76,89,333,advantage deflection endgame pin veryLong,https://lichess.org/38GJg1JN#69,
wS7lm,r1bq2n1/pppp2p1/3k4/2bPPQp1/8/8/PPP2PP1/RN2KB1r b Q - 0 13,d6d5 b1c3 d5c6 f5e4,1912,81,86,49,crushing master middlegame short,https://lichess.org/G93x9TZI/black#26,Nimzowitsch_Defense Nimzowitsch_Defense_Kennedy_Variation
4tSpD,8/5ppk/1PN4p/2K5/8/8/6rP/8 b - - 0 42,g2h2 b6b7 h2c2 c5b5,1970,76,86,97,advancedPawn advantage defensiveMove endgame short,https://lichess.org/Y4EPGiXg/black#84,
KLYnS,5rk1/3qppbp/p2p1np1/1p6/1PrBP3/2N2P2/PP1Q2PP/3R1R1K w - - 1 21,b2b3 f6e4 c3e4 c4d4,2074,83,71,57,advantage middlegame short,https://lichess.org/58lFNfzl#41,
EQwEw,4r1k1/pb1n1pp1/1p4qp/2p5/P1PpN2N/3P2Pn/BP3PKP/3QR3 b - - 4 23,b7e4 e1e4 g6c6 g2h3 e8e4 d3e4,1961,79,89,705,advantage long middlegame,https://lichess.org/07nbtM4g/black#46,
kWSyH,8/k3R3/P7/2p4p/5p2/2r4P/3r2P1/5BK1 b - - 3 45,a7b6 e7b7 b6c6 f1b5 c6d5 b7d7 d5e5 d7d2,1925,80,92,316,crushing endgame skewer veryLong,https://lichess.org/FooNkSWb/black#90,
77axO,8/8/5pk1/4p1b1/1P6/1K1B2R1/8/3r4 b - - 1 38,g6h5 d3e2 h5h4 g3g4 h4h3 e2d1,2048,77,94,6100,crushing endgame fork long,https://lichess.org/B1X5Zj05/black#76,
crAA2,1k2rb2/ppp5/7p/5Qp1/3p4/4qP1N/PPP3PP/R1KR4 w - - 3 28,d1d2 f8b4 f5d3 b4d2 d3d2 e3e1,1991,76,88,95,advantage long middlegame queensideAttack,https://lichess.org/1yad7UOt#55,
bP48n,4r1k1/5ppp/R7/8/3bqBQ1/7P/1P3PP1/6K1 w - - 0 31,g4f3 e4e1 g1h2 d4f2 f3f2 e1f2,1962,75,95,2238,endgame,https://lichess.org/cCm4ljQ1#61,
q4Pgx,5rk1/4npb1/2b1p1pp/2q5/2P1P3/1N1B1NQ1/6PP/r3RR1K b - - 7 38,a1e1 b3c5 e1f1 d3f1,1951,75,88,611,crushing hangingPiece middlegame short,https://lichess.org/3enJVFM9/black#76,
D7rn7,8/6k1/2P3p1/3np1Pp/7P/R3Br2/1K6/8 b - - 0 45,d5e3 a3e3 f3e3 c6c7,1971,74,87,89,endgame master,https://lichess.org/cXuwScir/black#90,
qKLaS,8/8/1p5p/p3k3/P1p4P/2P3P1/5KP1/8 w - - 0 41,f2f3 b6b5 a4b5 a5a4 b5b6 e5d6 f3e2 a4a3,2031,74,75,93,crushing endgame pawnEndgame quietMove veryLong,https://lichess.org/gfEGin2e#81,
juo70,3r1r2/1pp3pp/6k1/PP2q3/R2b4/1Q2B2P/1P3nP1/1N3RK1 w - - 0 22,e3f2 f8f2 a4d4 f2f1,2073,78,90,251,advantage kingsideAttack master middlegame short,https://lichess.org/o5BXBBFH#43,
UFZfP,rn2k2r/pp3pp1/2pbp3/3p2Bp/2P2PnP/2N1q3/PPN3P1/R2Q1R1K b kq - 4 15,g4f2 f1f2 e3f2 c3e4 f2b6 e4d6,1904,75,80,288,advantage long middlegame sacrifice,https://lichess.org/Y8PrPX8Z/black#30,Caro-Kann_Defense Caro-Kann_Defense_Advance_Variation
Z7QbB,2k2b1r/ppp2pp1/4p2p/2qrn3/4Q3/1NP2N2/PP4PP/3R1R1K b - - 1 17,d5d1 f1d1 c5c4 e4e5,1904,148,25,8,advantage middlegame short,https://lichess.org/tvlx5ofj/black#34,Nimzowitsch_Defense Nimzowitsch_Defense_Scandinavian_Variation
7dTEY,1r3r2/p1k2p1p/Bbp1p1p1/3n2N1/8/5R2/2P2PPP/3R2K1 b - - 5 27,d5b4 f3f7 f8f7 g5e6,1918,75,94,326,mate mateIn2 middlegame sacrifice short,https://lichess.org/3VRQEUvs/black#54,
mHrD3,7Q/1ppk1p2/p2p1N2/4p3/PP6/2PP3P/4q3/6bK b - - 3 31,d7c6 h8e8 c6b6 f6d7,2006,75,82,1167,crushing endgame short,https://lichess.org/zbJr0Vx8/black#62,
OgdU5,8/7k/p5p1/7p/3Pq3/1P2p3/P3Q3/R3K3 w - - 8 41,a1d1 e4h4 e1f1 h4h1,1920,75,94,16106,endgame mate mateIn2 short,https://lichess.org/bj82yT9s#81,
VH2PS,5r1k/6p1/p2P3p/1p2Q3/7P/q5PK/8/4R3 b - - 0 37,f8d8 e5e8 d8e8 e1e8 h8h7 d6d7 a3d3 d7d8q,2059,77,88,1367,advancedPawn crushing endgame promotion sacrifice veryLong,https://lichess.org/Q02vu6Md/black#74,
fl6mb,8/2Q2kp1/2p5/5PP1/2qp4/8/6K1/8 b - - 2 46,f7g8 c7d8 g8h7 g5g6 h7h6 d8h4,1901,75,88,108,endgame long mate mateIn3 queenEndgame,https://lichess.org/VyN6xXYB/black#92,
iPuA7,b4k2/5p2/8/3q1PQ1/8/3p3K/PP6/3B4 w - - 1 41,g5g3 d5h1 g3h2 h1d1,1925,76,92,1892,crushing endgame fork short,https://lichess.org/ubHuybzp#81,
h81qo,8/8/6k1/4p1Pp/4p2P/8/5K2/8 b - - 4 59,g6f5 f2e3 f5e6 e3e4 e6d6 e4f5 e5e4 f5e4,1955,77,94,10616,crushing endgame master pawnEndgame veryLong zugzwang,https://lichess.org/oyxbYkVO/black#118,
yT8pg,2k5/R7/1K6/1P6/8/8/8/2r5 w - - 7 54,a7a4 c8b8 a4g4 c1c8,1908,152,100,24,clearance defensiveMove endgame equality rookEndgame short,https://lichess.org/IcP6PGMQ#107,
IEzqq,6k1/pb5p/1b1Q2p1/5n2/1p6/5P2/6PP/B4K2 w - - 3 41,d6b4 f5e3 f1e2 b7a6 e2d2 b6a5 b4a5 e3c4 d2d3 c4a5,1949,87,79,41,advantage attraction discoveredAttack discoveredCheck endgame fork pin sacrifice veryLong,https://lichess.org/MCS92XDQ#81,
bBmh3,r4rk1/5pb1/p6p/1p1QN1p1/8/1PP3BP/1Pq2PP1/4R1K1 b - - 0 27,c2b2 e5f7 f8f7 d5a8,2018,79,91,2103,advantage deflection middlegame short,https://lichess.org/NzM46qwD/black#54,
SKN0s,6rk/pp3pr1/4p2p/3pQp2/3P1P1q/2P5/PP2R2N/3R3K w - - 0 35,d1g1 f7f6 g1g7 f6e5 g7g8 h8g8,1901,76,84,68,crushing long middlegame,https://lichess.org/S6RGj8Vq#69,
Zf7vh,3r4/6pk/2b1p2p/p4q2/Pp4R1/1B3P2/1PP1QP1P/6K1 w - - 0 31,b3e6 f5f3 e2f3 c6f3,1927,74,93,12504,advantage endgame short,https://lichess.org/iyjfm7vE#61,
jhLtq,6k1/6p1/2p3Kp/1p6/p3QPP1/P6r/2P2q2/8 b - - 1 42,h3e3 e4f5 f2f4 f5f4 e3e6 g6h5,2096,77,89,183,endgame,https://lichess.org/Mg326SJ5/black#84,
2mXSK,3R4/p1p5/1p3k2/7p/8/P1P5/1PB2qb1/2K5 b - - 3 32,h5h4 d8f8 f6e5 f8f2 h4h3 f2f5,1958,79,93,5157,crushing endgame long skewer,https://lichess.org/dnq5zmeG/black#64,
z2S31,4kb1r/4pp1p/p4np1/1p2Qb2/3P4/qP3N2/r3BPPP/2R2RK1 b k - 1 16,a3d6 e2b5 e8d8 f3g5,1939,192,0,5,advantage middlegame short,https://lichess.org/ouZHro2W/black#32,Caro-Kann_Defense Caro-Kann_Defense_Other_variations
LaCKF,rr4k1/2RR2pp/p3p2b/1q2Pp2/2N5/8/P1Q2PPP/6K1 w - - 7 27,c4d6 b5b1 c2c1 b1c1 c7c1 h6c1,1905,137,88,14,crushing long middlegame,https://lichess.org/19AmgvZr#53,
OqRbs,2r3k1/pp3ppn/1q1rpn1p/2p1N3/2PP1P1B/1P1Q4/P2R2PP/3R2K1 w - - 0 25,d4c5 b6c5 h4f2 d6d3 f2c5 d3d2,1954,74,89,140,advantage long master middlegame,https://lichess.org/hQZ9QzUS#49,
Bga5k,8/8/1Pk2P2/4B3/4K3/8/8/5r2 b - - 6 70,f1e1 e4f5 e1f1 e5f4,2093,76,93,6542,crushing defensiveMove endgame master short,https://lichess.org/anxQqLex/black#140,
PY9YG,r4rk1/pp1n1ppp/q3p3/3p2PQ/3R4/2B4P/1PP2P2/5RK1 b - - 3 23,g7g6 h5h7 g8h7 d4h4 h7g8 h4h8,1925,76,95,16756,attraction kingsideAttack long mate mateIn3 middlegame operaMate sacrifice,https://lichess.org/7zO1tmNl/black#46,
eb0dw,6k1/5pbp/1p2N3/p3n1PQ/2Pr4/1P6/P2r4/1K2R3 b - - 0 32,f7e6 h5e8 g7f8 e8e6 e5f7 g5g6 d2d1 e1d1 d4d1 b1c2,1954,82,90,1119,crushing endgame fork veryLong,https://lichess.org/sP49d2iZ/black#64,
TzITM,5k2/p4p2/2p5/8/2PPN3/rPKP4/5P2/8 b - - 1 35,f7f5 c3b2 a3a6 e4c5,1981,115,64,15,crushing endgame short,https://lichess.org/z9xHZTOJ/black#70,
DnEey,r2q1rk1/2p2ppp/pb6/1p2P3/3nB1b1/P4N2/1P3PPP/R1BQ1RK1 w - - 0 15,e4a8 d8a8 f3d4 g4d1,1945,76,91,1895,advantage middlegame short,https://lichess.org/XnR736YC#29,Ruy_Lopez Ruy_Lopez_Morphy_Defense
wZnaX,1R2k2r/4bppp/p3p3/8/p3P3/B1r5/5PPP/5RK1 b k - 1 20,e7d8 f1d1 c3a3 b8d8 e8e7 d8h8,1907,73,97,7417,advantage endgame long skewer,https://lichess.org/nYW4tUET/black#40,
GKyhs,2k2r2/1p2b2p/pq1p4/4p2B/P3P2P/3Q2P1/1PPR1r2/2K4R w - - 2 23,h1h2 f2h2 d2h2 b6g1,2068,76,91,1050,clearance crushing middlegame short,https://lichess.org/Nhok29Mq#45,
Vys6c,2rq1rk1/p4ppp/1p2p3/4P3/3P1Q2/6R1/P4PPP/5RK1 b - - 2 18,d8d5 f4h6 g7g6 g3h3,2001,75,93,6929,crushing defensiveMove endgame master pin short,https://lichess.org/MA4NM92k/black#36,Queens_Gambit_Declined Queens_Gambit_Declined_Semi-Tarrasch_Defense
idlnD,2R5/8/4r3/1P6/8/3k2P1/2p2P2/5K2 w - - 0 50,f2f4 e6e4 f1g2 e4c4 c8c4 d3c4,2072,89,100,35,crushing endgame long master rookEndgame,https://lichess.org/IQMN98eN#99,
QFeuD,3r3k/1p4pp/p4p2/4p2P/2Q1P3/6R1/3r2P1/1q3BK1 b - - 4 33,d8d4 c4f7 b1f1 g1f1,1948,142,25,11,advantage endgame short,https://lichess.org/W1iR5eCs/black#66,
YwK0P,7r/p2Q1pk1/1b4r1/4p3/1P2q3/P2N3P/6P1/1R4RK w - - 1 32,b1f1 b6g1 d7f7 g7h6 f1g1 e4d3,2029,76,84,172,advantage long middlegame,https://lichess.org/cy3Q36JC#63,
TolRn,2n1r3/2pkP2R/1p3B2/pP3K2/P1p5/2P5/8/8 b - - 0 41,c8e7 f5e5 c7c6 b5c6,2029,76,63,51,crushing defensiveMove endgame master pin short,https://lichess.org/4XkGbPDZ/black#82,
xFqVk,3K1k2/2P1rp1p/5bp1/8/4P3/p6P/B5P1/8 w - - 3 46,c7c8q e7a7,1946,83,84,276,discoveredAttack discoveredCheck endgame mate mateIn1 oneMove,https://lichess.org/BX58LIlJ#91,
SS578,1r1qr1k1/QBp2ppp/p7/4p3/P1N5/1PbP2P1/2P1bP1P/1R3RK1 w - - 1 19,f1c1 c3d4 a7a6 e8e6,1916,77,88,1790,advantage middlegame short,https://lichess.org/xDE0GddZ#37,Kings_Pawn_Opening Kings_Pawn_Opening_Other_variations
XPDXb,1r2r2k/2p2Qp1/6Pp/5R1P/p7/P1n5/2P5/2K5 w - - 0 35,f7c7 c3a2 c1d2 b8d8 c7d8 e8d8,1973,114,52,15,advantage endgame long,https://lichess.org/mfc9Dfja#69,
ewFO5,1k4rr/ppq2p2/3bp1pp/3p1nPP/3P1P2/2P2Q1B/PP1BRK2/4R3 w - - 0 27,h5g6 f5h4 g6f7 h4f3 f7g8q h8g8,2060,87,74,29,advantage long master middlegame,https://lichess.org/25iamJqF#53,
XUFIy,5r2/6pk/3prq1p/1pp1p1PR/p7/2PP1PQ1/PP3KP1/7R b - - 0 33,f6f5 g5h6 g7g6 h5f5,1998,76,92,5318,crushing discoveredAttack endgame short,https://lichess.org/0iMt98q7/black#66,
nZUMz,4rk2/5pb1/p2prqp1/2p4p/2P2P2/1P1Q2P1/P3RB1P/4R1K1 b - - 1 31,f6c3 d3d6 f8g8 e2e6 e8e6 e1e6,2097,82,91,779,advantage long middlegame,https://lichess.org/mAdkPB1V/black#62,
y6L5c,8/5p2/5k2/pqp2P2/2R5/K7/P1R5/8 w - - 1 44,c2c3 b5b4 c4b4 c5b4 a3b2 b4c3,1946,78,93,15326,crushing endgame fork long queenRookEndgame sacrifice,https://lichess.org/GgdbYFvN#87,
1ghdd,1r6/5kpp/4p3/4R3/ppp1P3/2P1KP2/PP4PP/8 w - - 0 30,e5c5 a4a3 b2a3 b4b3 a2b3 c4b3,2018,77,95,5482,advantage endgame long rookEndgame,https://lichess.org/Rkmn55x4#59,
tkYyf,r1r1n1k1/3n1ppp/p2Rb3/1p2p3/4P3/2N1BP2/PPP1B1PP/1K1R4 w - - 3 17,c3d5 e8d6 d5e7 g8f8 e7c8 d6c8,1947,78,75,86,advantage hangingPiece long middlegame,https://lichess.org/90lQQpnw#33,Sicilian_Defense Sicilian_Defense_Scheveningen_Variation
S0zmW,1r2kbnr/pp1b1ppp/2n1p3/qB1QP3/8/2P1BN2/PP1N1PPP/R3K2R w KQk - 0 12,b5c6 e6d5 c6d7 e8d7,2058,79,91,129,advantage master middlegame short,https://lichess.org/j9nNQjcq#23,Caro-Kann_Defense Caro-Kann_Defense_Advance_Variation
pvMfM,r1b2r1k/2p5/pb2P2p/1p2Qp2/5p1q/1BP4p/PP1N1PP1/R4RK1 b - - 1 21,f8f6 d2f3 h4g4 e5f6,1951,76,92,1282,crushing middlegame short,https://lichess.org/m0Z0kIXS/black#42,
YfK3C,1k6/8/p4R2/P7/1pP4p/3K4/8/7r w - - 0 59,f6a6 h4h3 a6h6 h3h2,2081,79,90,456,advancedPawn crushing endgame rookEndgame short,https://lichess.org/eOcZ8jg6#117,
H592G,1r6/3b2pk/3q3p/nppBRp1Q/p1Pp1P2/P2P2P1/1P5P/4N1K1 b - - 2 28,b5c4 e1f3 d6f6 f3g5 h7h8 g5f7,2075,77,66,51,crushing long master middlegame pin,https://lichess.org/jG6LzseE/black#56,
NDLeI,3r1rk1/5ppp/2B5/pb3R2/5Q2/6P1/1q3P1P/2R3K1 b - - 0 34,d8d4 f5b5 d4f4 b5b2,2029,77,92,2966,advantage middlegame short,https://lichess.org/3CuOaVYF/black#68,
W8K7K,r5k1/2Q2pp1/2p3qp/8/p1B1P3/2P3Pb/P4P1P/3R2K1 b - - 0 22,g6e4 d1d8 a8d8 c7d8 g8h7 c4d3 h3f5 d3e4,1904,75,90,456,crushing endgame pin veryLong,https://lichess.org/PwxZS6yE/black#44,
Rr3wZ,7k/1b2Q1pp/p7/1p6/4NB1K/P2r3P/BP4P1/4q3 w - - 6 29,f4g3 e1e4 e7e4 b7e4,1955,79,93,11166,advantage middlegame short,https://lichess.org/ZaVnpvCp#57,
rnjLn,rn1q1r2/4bpk1/2pp4/p3pPpQ/5B2/2Np3P/PPP2P2/R3K1R1 b Q - 0 19,f8h8 f4g5 h8h5 g5e7 g7h7 e7d8,2086,75,93,886,advantage discoveredAttack discoveredCheck long middlegame sacrifice,https://lichess.org/TQZSsU5q/black#38,
FiIyO,r2q3k/1p2b1r1/p1n1Q3/2p2p2/4NP2/PP2P1PP/2PP4/R4RK1 w - - 1 21,e6h6 g7h7 h6e6 f5e4,2022,87,53,38,crushing middlegame short,https://lichess.org/bNOu6ma8#41,
pDzcB,2kr3r/ppp3pp/q1p2n2/B1b1p3/P3P3/1N1P1P2/1PP1Q1PP/R3K2R w KQ - 3 15,a5c7 c8c7 b3c5 a6a5 e2d2 a5c5,2009,80,91,479,advantage exposedKing fork long middlegame,https://lichess.org/eHt6lgVm#29,Petrovs_Defense Petrovs_Defense_Stafford_Gambit
6QRva,2rqrk2/1b1nppbB/pp3n2/2pPP1NQ/P7/2N4P/1PP3P1/R4RK1 b - - 4 18,d7e5 h5f7 e5f7 g5e6,2050,77,88,236,mate mateIn2 middlegame sacrifice short,https://lichess.org/SgPGUrgr/black#36,Owen_Defense Owen_Defense_Other_variations
URqMz,3r1r2/3P1P1k/3P2p1/4Q1K1/1p6/8/P7/8 b - - 2 47,d8d7 e5h2 h7g7 h2h6 g7f7 h6g6,1970,80,95,3461,endgame long mate mateIn3 queenRookEndgame,https://lichess.org/QkArcbJb/black#94,
aZtUV,2r5/p3Qpk1/b2p4/3P1p1R/7P/1p3P2/P5r1/K2R4 w - - 0 33,e7d6 b3b2 a1b1 a6d3 d1d3 c8c1,2085,76,85,105,advancedPawn endgame long mate mateIn3 sacrifice,https://lichess.org/YCFaSdFg#65,
IR784,r3rk2/pp3ppB/3p4/3p4/5Pb1/6P1/PP4P1/2KR2NR w - - 0 19,d1d5 e8e1 c1d2 e1d1 d2e3 d1d5 h7e4 d5h5 h1h5 g4h5,2090,95,75,32,advantage middlegame skewer veryLong,https://lichess.org/lzZIGQwz#37,Indian_Defense Indian_Defense_Other_variations
YDWlA,4Q3/p3Rrk1/1p3prp/1Pp5/2q1p2p/P3P3/6P1/3R2K1 b - - 1 41,f7e7 e8e7 c4f7 e7d8,2070,77,88,659,advantage endgame short,https://lichess.org/wCmH0Aq2/black#82,
UbFeC,5r2/p5k1/5p2/1Rqp2pb/2rN2R1/8/P1PQ2PP/6K1 b - - 3 29,c4c2 g4g5 f6g5 d2g5,1939,76,93,10280,crushing middlegame sacrifice short,https://lichess.org/wzpH73jS/black#58,
1mIJa,3r2k1/2p3pp/Qp6/2qP4/8/P7/1P4PP/3R3K b - - 2 35,d8d5 a6a8 g8f7 a8d5 c5d5 d1d5,1962,74,87,170,crushing endgame long,https://lichess.org/fSOUpRdX/black#70,
I76Aw,1r6/1p2Q3/pkrnRP2/8/6P1/2P3q1/P3R3/3K4 b - - 6 41,d6c4 e6c6 b7c6 e7b4,1983,75,100,196,advantage middlegame short,https://lichess.org/REagXTPW/black#82,
nD8fz,8/5B2/1K6/pnp5/8/1P2k3/P7/8 b - - 1 53,b5c3 a2a4 c5c4 f7c4,2042,75,98,406,crushing endgame quietMove short,https://lichess.org/373WvS0u/black#106,
fPdMX,8/p4p2/2k3pp/1p2Pp2/1P1KnPPP/P7/8/4B3 b - - 0 41,a7a6 h4h5 g6h5 g4f5,2074,80,91,1113,crushing deflection endgame short,https://lichess.org/XzyNn1q8/black#82,
8NhbY,r5kr/ppp3bp/2n1b3/3NB3/8/8/PPP3PP/R4RK1 w - - 3 18,e5g7 g8g7 d5c7 e6c4 f1f4 a8c8,1916,76,85,701,advantage long middlegame,https://lichess.org/PRYOzTC6#35,Bishops_Opening Bishops_Opening_Other_variations
ggDKz,2kr4/1b3q2/p2pp1r1/1pP5/4nQ2/P1PP2Pp/B4P1P/R4R1K w - - 0 24,f4f7 e4g3 h1g1 g3e2,1941,75,95,9582,discoveredCheck doubleCheck kingsideAttack master mate mateIn2 middlegame pillsburysMate short,https://lichess.org/f8gtlt7H#47,
m0wsK,3r2k1/8/p3q1p1/Qp1n4/4p3/6P1/P4P1P/3R1K2 b - - 5 44,e4e3 a5d8 g8g7 d1d5 e3e2 f1e1,1951,76,84,262,crushing endgame hangingPiece long,https://lichess.org/xOBgOjaw/black#88,
5dR8E,8/p2r3k/1p2ppqp/8/5Q2/4P3/PP3P1P/1KR5 w - - 13 33,b1a1 g6c2 c1b1 d7d1 f4c7 c2c7,1923,72,95,16346,advantage endgame long,https://lichess.org/CqoiRJvz#65,
eUtFa,5k2/8/7p/8/4RpK1/q4P2/7P/8 b - - 5 59,a3e3 e4e3 f4e3 g4g3 e3e2 g3f2 e2e1n f2e1,1924,77,88,112,crushing endgame veryLong,https://lichess.org/4qbqACFt/black#118,
c8jCb,1R6/r5p1/2kp1p1p/p4P1P/Pp2PK2/1P4P1/8/8 b - - 1 35,a7b7 b8b7 c6b7 f4e3,1948,74,85,361,crushing defensiveMove endgame rookEndgame short,https://lichess.org/ait1SMPj/black#70,
Uf6Jn,8/2PK4/4R3/8/8/3kp3/8/2r5 b - - 2 58,d3d2 e6d6 d2e1 d6c6 c1c6 d7c6 e3e2 c7c8q,2041,75,96,515,advancedPawn crushing endgame promotion rookEndgame veryLong,https://lichess.org/ubDp5LUb/black#116,
QTYmA,r3r1k1/1p2qppp/2p2n2/p7/3PP3/PPQ3bP/3N2P1/R1B2RK1 b - - 0 19,f6e4 d2e4 e7e4 c3g3 e4d4 g3f2,2075,80,91,2499,advantage capturingDefender long middlegame,https://lichess.org/R1awAySF/black#38,Queens_Gambit_Declined Queens_Gambit_Declined_Other_variations
VLkd4,3rk2r/pp3pp1/2b1p3/4q2p/2B3n1/1QN1P1P1/PP3P1P/3R1RK1 b k - 1 17,h5h4 d1d8 e8d8 b3d1 d8e7 d1g4,1983,77,95,2263,middlegame,https://lichess.org/t3ndptdh/black#34,Semi-Slav_Defense Semi-Slav_Defense_Other_variations
f7vLv,6r1/2N5/2pR4/p1P2k1p/1b6/1P3pB1/P4PbP/6K1 w - - 8 43,h2h4 g8g3 d6f6 f5f6,1906,75,86,81,crushing endgame master short,https://lichess.org/VeEqLCkx#85,
3aIWc,6k1/4qrpp/2p1b2P/5p2/p1pPpP2/3rP1R1/2N1K1Q1/6R1 b - - 0 30,g7g6 g3g6 h7g6 g2g6 f7g7 h6g7,2068,76,85,155,advancedPawn crushing kingsideAttack long middlegame sacrifice,https://lichess.org/Q52i3RIs/black#60,
Dv2St,r3r1k1/1p4pp/2n5/p1b2p2/2Ppb2q/PP1B4/1BN2PPP/R2QR2K w - - 2 21,f2f3 c5d6 g2g3 d6g3,2079,77,85,301,crushing master masterVsMaster middlegame pin short,https://lichess.org/BoCsVsTT#41,
dJAQB,2r3k1/pp3p1N/3qr2p/5Q2/3p4/5P1P/PP3P2/R6K b - - 5 25,c8c5 a1g1 e6g6 h7f6,1951,78,87,52,crushing endgame master short,https://lichess.org/Om6tWnvI/black#50,
PiyRw,r1bqkbnr/pPp2ppp/4p3/2nB4/8/1Q6/PP1PPP1P/RNB1K1NR b KQkq - 0 8,e6d5 b7a8q c5b3 a2b3,1997,78,84,122,advancedPawn crushing opening promotion short,https://lichess.org/dZmTuXWC/black#16,Grob_Opening Grob_Opening_Grob_Gambit
ajzhG,6k1/r1nb1ppp/B7/1Pp1p3/2PP4/1PbP2P1/1pK2P1P/3R3R b - - 0 34,c7a6 c2c3 b2b1q d1b1,2058,74,86,168,advantage endgame hangingPiece short,https://lichess.org/NYjILAiU/black#68,
CszrY,2r1r1k1/ppqb1pp1/5b1p/8/2Pp4/B2B1P2/PPQ2PPP/R3R1K1 w - - 3 17,b2b3 e8e1 a1e1 c7a5 c2c1 f6g5 f3f4 g5f4 c1f4 a5e1,2077,78,91,1574,advantage deflection fork middlegame veryLong,https://lichess.org/cDL0745g#33,Queens_Gambit_Declined Queens_Gambit_Declined_Chigorin_Defense
BckFk,8/R3R1pk/7p/6r1/3p1n2/P5NP/1rP2PP1/6K1 w - - 4 36,h3h4 b2b1 g1h2 g5g4 e7g7 g4g7 a7g7 h7g7,1945,77,92,4179,crushing endgame veryLong,https://lichess.org/FlVaEl2d#71,
mCn6E,3r2nQ/pp3kp1/2n1qpp1/8/P3p3/8/1BPP1PPP/R3R1K1 w - - 4 18,d2d3 g8h6 h8h7 e6c8 b2f6 f7f6,2076,75,88,228,advantage long middlegame quietMove,https://lichess.org/LtyFFCdQ#35,Vienna_Game Vienna_Game_Other_variations
8UfCQ,3r2k1/5ppp/p1q5/1pp1Q3/4n3/6P1/PPB2P1P/R4K2 b - - 1 25,e4g3 e5g3 c6h1 g3g1,1972,77,83,52,advantage endgame hangingPiece short,https://lichess.org/iUUhFRL5/black#50,
XxQhA,8/8/P2k4/4p3/1PPbK3/8/8/8 b - - 3 58,d6c6 c4c5 c6c7 e4d5 c7b8 b4b5,2086,77,87,159,bishopEndgame crushing defensiveMove endgame long quietMove,https://lichess.org/oB7xPgNK/black#116,
jz1Qs,6k1/5p2/3P1b2/5N2/4P1P1/6P1/r3qN2/2R2R1K w - - 1 46,c1e1 e2f3 h1g1 f6d4 f5d4 f3g3,2095,76,87,362,advantage deflection long master middlegame sacrifice,https://lichess.org/PCh8w1oy#91,
FBzi4,7r/ppN2kb1/6p1/6B1/5Pn1/3b2P1/PP2nKP1/R2R4 w - - 3 23,f2f3 e2d4 f3g4 d3f5,1924,75,95,5084,mate mateIn2 middlegame sacrifice short,https://lichess.org/mujPLCyw#45,
VPGgB,r3k3/pp1nq3/2p2b1N/4n1pQ/8/4B3/PPP3PP/3R2K1 b - - 5 28,e8d8 h6g8 e7e8 g8f6 e8h5 f6h5,2098,79,92,7784,advantage long middlegame pin,https://lichess.org/dzIvgHK3/black#56,
yZdVQ,8/4pp2/3p2k1/3P4/r3PR2/r4pK1/5R2/8 b - - 7 43,a3e3 f4g4 g6f6 e4e5 f6e5 g4a4,2097,88,91,560,advantage discoveredAttack endgame exposedKing long master rookEndgame,https://lichess.org/wiehGo93/black#86,
NV3jf,8/p5p1/1p5p/8/3k1PPP/5K2/P7/8 w - - 2 42,g4g5 h6h5 f4f5 d4e5 f5f6 g7f6,2093,76,83,85,crushing endgame long master pawnEndgame quietMove,https://lichess.org/2T1rAZp9#83,
Y1kE7,2kr4/pp3p1p/4bp2/4p3/2p1P1P1/P1NPbP2/1PK1N2P/R7 w - - 0 19,d3c4 d8d2 c2b3 b7b5 c3b5 d2e2,1964,78,80,135,crushing deflection endgame long pin,https://lichess.org/uBAGCw9s#37,Mieses_Opening Mieses_Opening_Other_variations
BiuLc,8/8/p3p3/3PP1p1/2p1p1k1/6P1/P4K2/8 b - - 0 39,e6d5 e5e6 c4c3 f2e2,1928,77,86,92,crushing defensiveMove endgame pawnEndgame short,https://lichess.org/xgHBVHq2/black#78,
JyIDB,r2q1rk1/pb3ppp/1pnbp3/8/5P2/2NBB1P1/PP2Q2P/2KR2R1 b - - 3 16,d8f6 c3e4 f6e7 e4d6,2019,81,91,1614,advantage fork middlegame short,https://lichess.org/726l6dbN/black#32,Paleface_Attack Paleface_Attack_Other_variations
y3U5y,8/p7/1p3k2/3p1p2/5P2/1P3K2/P5P1/8 b - - 2 44,b6b5 f3e3 b5b4 e3d4 f6e6 d4c5,1994,77,96,1311,crushing endgame long pawnEndgame,https://lichess.org/IZWP7XD5/black#88,
UCkP2,3r4/p3q1kp/1pn3p1/6N1/8/2Q5/5PPP/3R2K1 b - - 5 33,e7f6 g5e6 g7g8 d1d8 c6d8 c3f6,2073,82,51,42,advantage endgame long pin,https://lichess.org/AqRBviJx/black#66,
jSotZ,5r2/ppb4Q/1Np1Pk2/3n1pq1/3P4/P1N5/1P4PP/R5K1 b - - 0 26,a7b6 c3d5 c6d5 h7c7,1989,78,94,9926,advantage middlegame short,https://lichess.org/NLyIKEab/black#52,
KM2bt,8/1b1rrpk1/p2p1bp1/1p2q2p/3NP3/2P3RP/PP3QP1/1B3R1K b - - 7 33,f6h4 d4f5 g7h7 f5h4,1903,75,95,18288,crushing middlegame pin short,https://lichess.org/YUwi8S6l/black#66,
MazLz,1k4r1/ppp2p2/8/8/3P1qb1/2P5/PP1Nr3/2KQ2RR b - - 9 27,g8e8 h1h4 f4d2 d1d2 e2d2 c1d2,2046,77,75,73,crushing long middlegame,https://lichess.org/VBVbIY82/black#54,