PuzzleId,FEN,Moves,Rating,RatingDeviation,Popularity,NbPlays,Themes,GameUrl,OpeningTags
rxphS,2r3k1/r3qppp/pR3n2/2pp4/8/1P2PN2/P1Q2PPP/2R3K1 w - - 0 22,b3b4 f6d7 b4c5 d7b6 c5b6 c8c2,2282,83,91,3452,crushing long middlegame trappedPiece,https://lichess.org/aZz05bBj#43,
zdwgY,8/8/3k4/1P1ppP1N/1K3b2/8/8/8 b - - 0 45,d5d4 h5f4 e5f4 b4c4 f4f3 c4d3 f3f2 d3e2 d4d3 e2f2 d3d2 f2e2 d2d1q e2d1,2108,76,84,61,crushing endgame master veryLong,https://lichess.org/gKJZb5qT/black#90,
WvNWB,r1b1Q3/pp3p1k/3p2pp/3P4/1b3q2/3B4/PP3PPP/2R3K1 w - - 0 20,c1c8 a8c8 e8c8 b4c5 c8c5 d6c5,2134,82,91,3309,crushing endgame long,https://lichess.org/A86kyjpy#39,
N3PKF,r3r1k1/pp3bb1/2p2p1p/4p1p1/1B2Q3/2N2P1P/PqP3P1/3RR2K b - - 1 26,f7a2 d1b1 a2b1 e1b1 b2b1 c3b1,2250,88,90,825,advantage long middlegame sacrifice trappedPiece,https://lichess.org/oMIK8bAn/black#52,
imbTP,7r/1p4kr/n2P4/2p2pp1/2Pq4/P2B1PP1/1P3Q1P/1R2R1K1 b - - 1 28,d4d3 b1d1 h7h2 f2h2,2137,75,94,1673,crushing middlegame short,https://lichess.org/SKBmzru8/black#56,
LRoLy,8/8/2r2kpp/1pP2p2/1P3K1P/8/1P1R2P1/8 w - - 4 43,d2d6 c6d6 c5d6 g6g5 f4e3 f6e6,2177,75,96,959,crushing endgame long rookEndgame,https://lichess.org/WSLetGmW#85,
kUwUc,7R/1r2b3/4r1k1/R6p/5Pp1/1P6/P4K1P/8 b - - 2 40,e7d6 a5g5 g6f6 h8h6 f6e7 h6h7,2141,78,91,2968,crushing endgame long,https://lichess.org/cZzLc6dG/black#80,
h9cth,3r1rk1/2pq1p2/4ppbp/1p6/3PNnP1/2P1Q2P/P4PB1/R4RK1 b - - 5 22,f4g2 e4f6 g8g7 e3e5,2199,76,91,1259,crushing fork master middlegame short,https://lichess.org/PIv5tcky/black#44,
Jy1qG,3Q4/4N1pk/p6p/2pn4/1p1q4/5P1N/PP5P/4B1K1 w - - 1 39,e1f2 d4d1 g1g2 d5e3 f2e3 d1d8,2106,76,95,945,advantage discoveredAttack endgame long,https://lichess.org/BjFQ84HX#77,
iEpJW,2r3rk/3R1Rp1/4p2p/2b1P1BN/2n5/2P3Q1/4q1PP/7K b - - 2 31,e2h5 g5f6 h5g5 f6g5,2145,80,90,196,crushing middlegame short,https://lichess.org/6qaceEHm/black#62,
WUJfG,r2r4/1p3pk1/p3P1pp/8/8/1B2BQb1/P1P1K2q/R4R2 w - - 2 28,e3f2 g3f2 f1f2 h2e5,2141,147,94,32,equality middlegame short,https://lichess.org/jcDHNNOD#55,
88yah,r5k1/1b1p2p1/p2q1bQ1/1pp1PR2/8/P2P4/1P2N2P/6K1 b - - 0 27,d6d3 e5f6 d3b1 g1f2 b1f5 g6f5,2126,76,94,14149,advantage long master middlegame,https://lichess.org/sVQG9xxW/black#54,
imtwG,5rk1/2R3p1/7p/3PP2n/1P1Q4/6pP/r7/4B2K w - - 0 38,h1g1 h5f4 d4f4 f8f4,2183,76,91,1888,advantage endgame master masterVsMaster short,https://lichess.org/iPKCaEHv#75,
fSQG5,8/3r4/R3kpp1/7p/5P1P/6K1/5P2/8 b - - 12 60,d7d6 f4f5 g6f5 a6d6 e6d6 g3f4 d6e6 f2f3 e6e7 f4f5,2168,78,94,3658,crushing endgame master quietMove rookEndgame veryLong zugzwang,https://lichess.org/4VWKFKIc/black#120,
QCZoi,2r2rk1/1R3p2/p3p1pp/2bnN2N/q2B2QP/8/P4PP1/5RK1 b - - 0 29,a4d4 g4g6 f7g6 b7g7 g8h8 e5g6,2205,80,84,346,intermezzo kingsideAttack long master mate mateIn3 middlegame sacrifice,https://lichess.org/KoTlfQD5/black#58,
TNnh5,rnbqkb1r/ppp1pp1p/5np1/8/3P1B2/2N2Q2/PPP3PP/R3KBNR b KQkq - 0 6,d8d4 c3b5 d4b2 b5c7,2180,91,88,1237,advantage opening short,https://lichess.org/ghYH9Ft1/black#12,Blackmar-Diemer_Gambit Blackmar-Diemer_Gambit_Other_variations
NcViF,8/8/6pp/p3k1p1/Pp4P1/1P2KP1P/8/8 w - - 2 52,e3e2 e5d4 e2d2 h6h5 g4h5 g6h5,2242,76,94,1398,crushing endgame long pawnEndgame,https://lichess.org/pH9B6OdR#103,
5aFBy,r1b1qrk1/pp4pp/2p2n2/3pb1B1/2P5/2NB4/PPQ2PPP/4RRK1 w - - 0 17,c4d5 e5h2 g1h2 e8h5 h2g1 f6g4 g5f4 f8f4,2107,77,95,431,advantage attraction fork middlegame sacrifice veryLong,https://lichess.org/miN6SY9a#33,English_Opening English_Opening_Mikenas-Carls_Variation
y90zO,r3k2r/ppp2ppp/2n2q2/3p4/3Pn1b1/PBP2N2/5PPP/R1BQ1RK1 b kq - 2 11,e4c3 d1e1 c3e4 b3d5 g4f3 g2f3,2228,78,93,4353,advantage deflection fork long middlegame pin,https://lichess.org/cbvwgvWv/black#22,Four_Knights_Game Four_Knights_Game_Italian_Variation
1HZXJ,1rq1k1nr/p3p2p/1p2Npp1/2pQn3/5P2/2P1P3/P5PP/R1B2RK1 b k - 0 18,c8d7 f4e5 d7d5 e6c7 e8f7 c7d5,2196,77,84,180,crushing fork long middlegame pin sacrifice,https://lichess.org/cHeXgvPr/black#36,Modern_Defense Modern_Defense_Other_variations
g1Rwm,2k3rr/pppb1R2/4q3/4p3/3pP2p/3P3P/PPPQN1PK/5R2 w - - 1 23,f7f6 g8g2 h2g2 h8g8 g2f2 e6f6,2234,90,49,79,advantage attraction interference long middlegame sacrifice,https://lichess.org/6eqM4vFU#45,
HiHmt,1k1r2nr/1pp2p2/p2p1q1b/3P3p/QP1NPpp1/2P2P2/P4R1P/R1B2K2 b - - 1 18,g4f3 b4b5 g8e7 b5a6,2253,82,90,628,crushing middlegame short,https://lichess.org/K9vZaF0i/black#36,Kings_Gambit_Accepted Kings_Gambit_Accepted_Fischer_Defense
Methe,6r1/p3kp2/4p2P/2p5/4q1P1/2P1p2R/P1P1QbP1/3R3K w - - 3 36,e2a6 e3e2 a6d6 e7f6,2224,77,87,874,advancedPawn advantage endgame master short,https://lichess.org/SSiQoyOF#71,
WN4aE,r4rk1/pQpbnppp/8/3p4/2q5/2B2B2/PP3P1P/2KR2NR w - - 2 19,f3d5 e7d5 b7d5 c4d5 d1d5 d7c6 d5g5 f7f6,2255,74,95,1618,advantage middlegame veryLong,https://lichess.org/oXTmKMue#37,Nimzowitsch_Defense Nimzowitsch_Defense_Kennedy_Variation
ViJw0,6k1/2q2ppp/1p2p3/pQ1pN3/3P1P2/bP2P3/5KPP/2r5 b - - 5 29,f7f6 b5e8 a3f8 e8e6 g8h8 e5f7 c7f7 e6f7,2197,84,88,1120,advantage endgame kingsideAttack veryLong,https://lichess.org/Dt17m0G8/black#58,
luyGh,1r2k2r/q4p2/4b1pB/1p2P3/pbp3PP/2N2N2/3Q1P2/2R2K1R w k - 0 25,d2e3 a7e3 h6e3 b4c3,2200,76,84,103,crushing master middlegame short,https://lichess.org/DggoJuCw#49,
eTr7K,r1b1r1k1/ppqnbBpp/2p5/4p1Q1/4n2P/2N2N2/PPP2PP1/R1B1K2R b KQ - 0 12,g8f7 g5h5 f7f8 c3e4 d7f6 e4f6,2224,81,89,1546,advantage long middlegame,https://lichess.org/8eGDBuOy/black#24,Van_Geet_Opening Van_Geet_Opening_Other_variations
6VyOY,3r2k1/p1prbp1p/1p1P2p1/2P5/P7/5B1P/2R2PP1/3R2K1 b - - 0 29,b6c5 d6e7 d7d1 g1h2 d8e8 f3d1,2239,77,93,3415,advancedPawn advantage endgame long sacrifice,https://lichess.org/FV17lvss/black#58,
PyZEs,r2r2k1/1pp2pp1/p6p/n3P1b1/3P2Q1/Pq4P1/1P4BP/R1B2RK1 w - - 6 20,f1f3 b3d1 g2f1 g5c1,2177,75,75,287,crushing middlegame short,https://lichess.org/IoVpGJSQ#39,
bx8RL,8/5p2/2p1k2p/p1p1p2P/P1P1Pb2/5P2/1KP1N3/8 w - - 1 33,b2c3 e6f6 c3d3 f6g5,2243,76,85,99,advantage endgame master short,https://lichess.org/i2sirZ74#65,
47Qpc,2k5/p1P5/3P2p1/2NK1p2/8/4q3/8/8 b - - 9 59,e3c5 d5c5 c8d7 c5b5 f5f4 b5a6,2215,95,79,29,crushing endgame hangingPiece long,https://lichess.org/DpizZOFG/black#118,
n5nrS,r4kn1/pp6/5pq1/3n4/3P2P1/8/PPPB3r/RN1K1QR1 w - - 3 20,f1f5 h2d2 d1c1 g6f5,2102,94,77,19,crushing middlegame short,https://lichess.org/5J3BE7hf#39,
00MHi,8/8/5pp1/5k1p/5P1P/4R1P1/2r5/5K2 w - - 0 43,e3e2 c2e2 f1e2 f5g4 e2f2 g4h3,2247,80,74,218,crushing endgame long rookEndgame zugzwang,https://lichess.org/im48PGD7#85,
Tn3sI,4kr1Q/1p2rbp1/6Bp/p2pN3/P7/2P5/6PP/6K1 w - - 15 32,g6f7 e7f7 e5f7 f8h8 f7h8 b7b5 a4b5 a5a4 b5b6 e8d7,2252,78,85,56,crushing defensiveMove endgame quietMove veryLong,https://lichess.org/2Y1tEoWh#63,
yaL2z,1q6/3b1rk1/R2p1n1p/2pP1p2/2B1pP2/7P/4N1P1/Q6K b - - 3 39,d7b5 c4b5 b8b5 e2g3,2242,81,83,63,advantage master middlegame pin short,https://lichess.org/EFBEQQGY/black#78,
4I9LC,8/8/8/1n1k1pp1/N2P4/3K2P1/8/8 w - - 1 51,a4c3 b5c3 d3c3 d5e4 d4d5 e4d5,2255,77,86,240,crushing endgame knightEndgame long zugzwang,https://lichess.org/YTlBbQ57#101,
eD0gQ,r6k/1pp2q1b/1b6/2p1Pr2/p6R/2P3PQ/PP1R1P1P/2N3K1 b - - 1 28,c5c4 e5e6 f5f2 e6f7,2148,76,96,289,advancedPawn advantage middlegame short,https://lichess.org/fdBYdzKU/black#56,
72YKL,8/1p6/1P1pqk2/3Qp3/4Pp2/5P2/6PK/8 w - - 1 46,d5e6 f6e6 h2h3 e6d7 g2g4 f4g3 h3g3 d7c6,2275,76,95,120,crushing enPassant endgame veryLong,https://lichess.org/EiLXbPzE#91,
hpFdo,1r1q1nk1/4b3/p2pp1p1/3N1r1p/1p1B1P1P/3Q4/PPP5/1K4R1 b - - 7 25,e6d5 d3f5 d8e8 f5h5 e7f6 d4f6,2101,81,90,927,advantage long middlegame pin,https://lichess.org/RAqJoWj1/black#50,
LlfCD,8/pk6/1p2p3/1K2P1p1/PP4P1/8/8/8 w - - 2 40,a4a5 a7a6 b5c4 b6a5 b4a5 b7c6 c4b4 c6d5,2152,75,97,2680,crushing deflection endgame pawnEndgame veryLong zugzwang,https://lichess.org/My11QMIP#79,
7gqLv,3qk2r/1b1p1pb1/pp2pnp1/5P1p/3BP3/2r3P1/PPPQ2BP/2KR3R w k - 0 15,d4c3 g7h6 d2h6 h8h6,2136,75,93,2345,advantage middlegame pin short,https://lichess.org/7yhu2kr8#29,Sicilian_Defense Sicilian_Defense_Closed
jFK9W,r1b1kbnr/1pq2pp1/p6p/2p1N3/3pP3/3P1QN1/PPP2PPP/R1B1K2R w KQkq - 2 13,c1f4 g7g5 g3h5 g5f4,2245,75,90,702,advantage middlegame short,https://lichess.org/qplo1Evh#25,Caro-Kann_Defense Caro-Kann_Defense_Two_Knights_Attack
C6Cfx,r1r3k1/3R1ppp/p3p3/4P3/7n/Q4P1P/5P2/7K b - - 0 29,c8c2 a3e7 a8f8 e7h4,2129,83,79,45,advantage endgame short,https://lichess.org/5ZkgRr2e/black#58,
9c1Fb,kqr5/1p3p2/PQ2p1p1/2B1P3/P2r4/6Pp/7P/2R3K1 b - - 0 37,c8c5 c1c5 d4a4 a6b7 b8b7 b6d8 a8a7 c5c7,2267,78,86,48,advancedPawn crushing endgame hangingPiece pin veryLong,https://lichess.org/lfx0t5xd/black#74,
LfKux,5r1k/3Q2pp/p7/4bN2/3pP3/P2P1K1P/1P4Bq/5R2 w - - 10 34,f1h1 h2g3 f3e2 g3g2,2138,92,63,21,crushing deflection middlegame pin short,https://lichess.org/cvdPp7PI#67,
FRui8,8/1p5p/1p3kp1/5p2/Pr3P1P/2NppP2/8/R4K2 b - - 1 38,b4f4 c3d5 f6e5 d5f4 e5f4 a1a3 d3d2 f1e2,2182,76,95,12412,advantage endgame fork veryLong,https://lichess.org/EToIHpAY/black#76,
2sZJ5,3rr1k1/1b2b1pp/ppq1pp2/2pnB3/P3N1Q1/1B1P3P/1PP2PP1/R3R1K1 w - - 0 19,b3d5 e6d5 e5f6 e7f6 e4f6 c6f6,2141,78,61,67,crushing long master masterVsMaster middlegame,https://lichess.org/ZoaYcNVP#37,Sicilian_Defense Sicilian_Defense_Moscow_Variation
kFE9L,8/1p3Qpk/p4p1p/6r1/5q2/P3N3/1PP3R1/1K6 w - - 3 36,e3d5 f4f1 b1a2 f1c4,2285,82,89,620,advantage endgame fork short,https://lichess.org/hpRt47Dv#71,
92gNK,5k2/1p3Ppp/pq2p3/5n1P/1P2QP2/P2R4/4R1K1/2r5 w - - 1 43,e4e6 b6g1 g2h3 g1h1 e2h2 h1f1 h2g2 f1d3,2155,84,90,474,advantage endgame exposedKing fork veryLong,https://lichess.org/j9FHUr70#85,
fxsLj,1k6/1p6/pqp1RP1p/8/8/2r5/P1P3PP/5R1K b - - 0 28,b6b5 e6e1 c3c2 f6f7 b8a7 f7f8q,2217,77,70,90,advancedPawn advantage endgame long promotion queenRookEndgame quietMove,https://lichess.org/Gr4WhoHB/black#56,
7oweI,r4rk1/pp2bppp/2pq1n2/3p1N1b/8/P1NQ3P/1PP2PP1/R1B2RK1 b - - 3 14,d6c7 d3g3 c7g3 f5e7 g8h8 f2g3,2289,115,83,33,advantage deflection intermezzo long middlegame sacrifice,https://lichess.org/BmBV2Yc0/black#28,French_Defense French_Defense_Exchange_Variation
er0RX,4Q3/1R6/1p2pkp1/pNb2p2/P4q2/7P/5rP1/5RK1 w - - 0 31,e8f7 f6g5 h3h4 f4h4 f7e7 c5e7,2156,81,77,57,crushing long middlegame,https://lichess.org/v31yd4J0#61,
isI8W,r4rk1/ppb2pp1/2n1p2p/2P3NQ/1P2p3/P2q4/1B3PPP/3R1RK1 b - - 1 17,d3c2 b2g7 g8g7 g5e6 f7e6 d1d7,2185,80,91,1109,advantage attraction kingsideAttack long middlegame sacrifice,https://lichess.org/PlJRYSTR/black#34,Caro-Kann_Defense Caro-Kann_Defense_Other_variations
W7sNc,r2q1rk1/5p1p/p5p1/1pb2R2/3N4/P1PQ4/1PB3PP/R5K1 b - - 0 21,g6f5 d3g3 g8h8 g3e5 f7f6 e5c5,2247,84,88,940,advantage fork long middlegame,https://lichess.org/LYAhFMkq/black#42,
VihNc,6k1/p5p1/2Rp4/6p1/2P1p3/1P3RKP/1Pq3P1/8 w - - 0 29,f3e3 c2d2 e3e4 d2d3 g3h2 d3e4,2234,83,91,1394,crushing endgame fork long queenRookEndgame,https://lichess.org/fqIJhhEm#57,
ZsfqU,8/3k4/1p3p2/p1pKbP1p/P1P5/3P3P/5B2/8 b - - 11 57,e5f4 d3d4 c5d4 f2d4,2112,85,39,42,bishopEndgame crushing endgame master short,https://lichess.org/yYHczLBM/black#114,
2sVDm,8/1p6/7R/3p2R1/2kr4/4p1P1/KP5P/8 w - - 0 55,h6b6 e3e2 b2b3 c4c3 g5e5 d4e4 e5d5 e2e1q,2274,87,90,660,advancedPawn crushing defensiveMove endgame master promotion rookEndgame veryLong,https://lichess.org/U1Bi6A1s#109,
GaLBD,3r4/2Qnkp2/p3p2p/1q2Pbp1/N7/P4B2/5PPP/5RK1 b - - 5 25,b5a4 c7d6 e7e8 f3c6 a4a5 f1d1 f5e4 c6d7 d8d7 d6d7,2137,74,85,133,advantage master middlegame quietMove veryLong,https://lichess.org/VoSlV9GR/black#50,
Onm7A,r4rk1/1q2bppp/p1p1bn2/4B3/8/2Q2N2/PP3PPP/RN2R1K1 w - - 1 16,f3g5 f6d5 g5e6 d5c3,2179,79,92,3363,crushing middlegame short,https://lichess.org/KZooeyxt#31,Sicilian_Defense Sicilian_Defense_Delayed_Alapin
dBK5g,2Rb3r/1pBk2pp/8/p2P1p2/P5B1/3n4/1P3qPP/3Q3K w - - 0 23,c8d8 h8d8 c7d8 d7d8,2186,90,89,936,crushing middlegame short,https://lichess.org/dQgKgoOt#45,
D293h,8/5pkp/p3pBp1/1p1rP2P/1q2Q3/8/3b1PP1/5RK1 b - - 1 38,g7f8 f1c1 f8e8 c1c8 e8d7 e4c2 b4b1 c2b1,2252,131,86,14,endgame,https://lichess.org/pYocPn2g/black#76,
5IW1k,1rq1k3/3np3/3p2N1/3N4/p2QP3/P7/2K3P1/5R2 w - - 1 26,c2d3 c8a6 d3d2 a6f1 d4h8 d7f8,2173,80,87,96,advantage long middlegame skewer,https://lichess.org/t9bXgILh#51,
ZjiFD,r4r2/pp3pk1/1np1pNp1/4PnNp/3q3P/6P1/PP2QP2/3R1RK1 b - - 3 18,f5g3 e2f3 g3e2 f3e2,2260,82,87,670,advantage master middlegame short,https://lichess.org/rlSxB2B8/black#36,Caro-Kann_Defense Caro-Kann_Defense_Advance_Variation
84d9k,6k1/1R4p1/7p/5K1P/1p4P1/5P2/1r6/8 b - - 1 36,b2f2 f5g6 f2f3 b7g7,2144,75,86,664,crushing endgame rookEndgame short,https://lichess.org/wm42aU2G/black#72,
jDCK3,2kr4/pp5Q/2p1p3/3pq3/2n4N/P5PK/7P/1R6 b - - 2 33,d8h8 h7b7 c8d8 b7b8 e5b8 b1b8 d8e7 b8h8,2118,78,96,6880,crushing endgame skewer veryLong,https://lichess.org/mERQbsVA/black#66,
QByC2,8/8/8/2p5/P1Ppp3/7k/1P2KRr1/8 b - - 4 40,g2f2 e2f2 d4d3 a4a5 d3d2 f2e2 e4e3 a5a6 h3g2 a6a7 d2d1b e2d1,2257,83,91,354,advancedPawn advantage endgame quietMove veryLong,https://lichess.org/RaIUbQ5N/black#80,
dXPqb,7r/p2kb1Q1/3q3r/2p5/2PpRP2/6P1/PP6/R1B3K1 w - - 1 27,f4f5 h6h1 g1f2 h8h2 f2f3 h1f1 f3g4 h2h4 g3h4 f1g1 g4f3 g1g7,2105,77,82,91,crushing exposedKing master middlegame sacrifice skewer veryLong,https://lichess.org/ehXkpJpb#53,
qJHiO,r5k1/p2q2p1/1npN2Q1/1p2PR2/2pP4/P1Pb2P1/1B5P/6K1 b - - 8 34,d3f5 d6f5 a8e8 f5g7 d7g7 g6e8,2226,115,72,34,crushing deflection kingsideAttack long middlegame,https://lichess.org/sYH7EBYK/black#68,
P6Y2g,2rr4/pb3kp1/1p2P2p/5p2/8/P1B5/1P3P1P/3RR1K1 b - - 0 32,f7g8 d1d7 d8d7 e6d7,2218,81,74,61,advancedPawn collinearMove crushing endgame master short,https://lichess.org/iN21EHQE/black#64,
z4SgL,8/2k5/B1bb1p2/3p1Pp1/1p1P2Pp/pP1N3P/P3K3/8 w - - 6 47,d3f2 c6a4 a6d3 a4b3,2109,79,84,57,crushing endgame short,https://lichess.org/XXq8KUpZ#93,
jpxRm,4r1k1/1b3pp1/5n1p/qPp1R3/2B5/6P1/2Q2PP1/4R1K1 b - - 0 35,a5e1 e5e1 e8e1 c4f1,2124,77,83,43,crushing master middlegame short,https://lichess.org/sTN0T16F/black#70,
qWzxF,r2qk2r/1b1nbppp/2P1p3/pN1pN3/R2PnP2/8/2Q1P1PP/2B1KB1R b Kkq - 0 15,e7b4 a4b4 a5b4 c6b7,2219,94,90,1112,advancedPawn crushing middlegame short,https://lichess.org/Hc7NEAmN/black#30,Queens_Gambit_Declined Queens_Gambit_Declined_Other_variations
MOIdp,2r2r2/1q3pQ1/p2kN1p1/1p2R3/3P4/P7/1P3P1P/4R1Kb w - - 1 34,e5e4 b7e4 g7f8 c8f8,2137,78,92,3674,advantage middlegame short,https://lichess.org/YATGnQSe#67,
KcvMQ,8/6b1/p5kp/1p2p3/2p1K2P/2B3P1/PP6/8 w - - 3 37,c3e5 g7e5 e4e5 g6h5 a2a3 h5g4,2211,80,87,95,bishopEndgame crushing endgame long,https://lichess.org/5CSrTgbb#73,
s2OgF,2krr3/Qpp1n2p/p2b2p1/5p2/1N3P2/3B1qP1/1PP4P/2KR3R w - - 0 21,b4a6 b7a6 d3a6 c8d7 a6b5 e7c6,2154,79,87,234,advantage long middlegame,https://lichess.org/6YZKFSqt#41,
LRPHm,2rq1rk1/pp2bpp1/4p3/6Bp/3Pp1b1/2PQRN2/PP3PPP/4R1K1 w - - 0 17,d3e4 e7g5 f3g5 d8g5 h2h3 g4f5,2205,77,87,255,crushing long middlegame,https://lichess.org/GVCfqTz3#33,Caro-Kann_Defense Caro-Kann_Defense_Exchange_Variation
4B7LU,4kr1Q/r2p4/4pN2/p1q5/2P2p2/1P3BP1/2n1P2P/3R1K2 b - - 13 39,e8e7 d1d7 a7d7 h8f8 e7f8 f6d7 f8e8 d7c5,2209,77,94,1913,attraction crushing fork middlegame sacrifice veryLong,https://lichess.org/qBENflTg/black#78,
DcowV,r1b3k1/2q2p1p/p2p2p1/P1pP2B1/1pB1r3/1P6/5PPP/Q4RK1 b - - 0 20,c8b7 a1f6 c7d8 f6d8 a8d8 g5d8,2106,76,83,98,crushing long middlegame,https://lichess.org/tyXefbrb/black#40,
ebLzf,3r1r2/5ppk/2p4p/p3P3/1b2QP1q/8/BpP4P/1K1R2R1 b - - 2 24,g7g6 d1d8 h4d8 a2f7 f8f7 e4g6 h7h8 g6f7,2296,88,91,1306,attraction crushing fork middlegame veryLong,https://lichess.org/hFv014aU/black#48,
rkdQN,8/1p4k1/3pq2p/1P4p1/2PQ1p2/2K1p2P/8/8 b - - 3 43,e6e5 d4e5 d6e5 c4c5 f4f3 c3d3 g5g4 h3g4,2108,81,91,581,crushing endgame queenEndgame quietMove veryLong,https://lichess.org/1Pk6udc7/black#86,
ZlMBx,8/1p4Q1/p7/P5kr/1P2b3/7P/4r1PK/8 b - - 4 59,g5f4 g7g3 f4f5 g3g4 f5f6 g4e2,2202,82,88,568,advantage endgame fork long,https://lichess.org/COjKds2B/black#118,
iwQZA,4R3/p2k4/5p1P/1p6/2r2pp1/2P3K1/PP6/8 w - - 0 33,g3g4 f4f3 g4g3 f3f2 h6h7 f2f1q,2143,78,83,57,advancedPawn crushing discoveredAttack discoveredCheck endgame long promotion rookEndgame,https://lichess.org/FH7WdUx7#65,
3kyHF,r2r3k/2pN2pp/2P5/p4pq1/P7/1Q3P2/6PP/R6K b - - 1 28,a8a6 d7e5 g5f6 e5f7 f6f7 b3f7,2205,77,92,9301,advantage endgame fork long quietMove,https://lichess.org/MHOrR3mm/black#56,
cWdFk,2r1nrk1/p1q5/1p4p1/3Pp1Qp/2P1P1p1/6Kb/P3B3/B1R1R3 b - - 1 27,e8d6 g5g6 c7g7 g6g7 g8g7 a1e5,2155,85,82,61,advantage attraction exposedKing kingsideAttack long middlegame,https://lichess.org/2pZltdNp/black#54,
hwVL5,5r2/ppp3kp/2n3p1/6q1/2QP4/2P1rB1R/P1P3P1/5RK1 b - - 7 21,g5f4 f3e2 f4e4 f1f8 g7f8 h3h7,2292,118,85,20,advantage discoveredAttack long middlegame quietMove,https://lichess.org/xSDU6pVq/black#42,
IQRxO,r4r1k/pp3p2/3q3p/2n1pB1P/8/P1PP1P2/1P1QK3/R5R1 w - - 6 30,d3d4 c5b3 g1g6 d6g6 h5g6 b3d2,2242,78,85,587,advantage fork long middlegame,https://lichess.org/XLB2ybjX#59,
3SNGb,2kr3r/ppp2ppp/2p5/2b3q1/3PP1b1/4P3/PPP2QPP/RN2KB1R w KQ - 3 11,h2h3 c5d4 h3g4 d4b2 f2f5 g5f5,2155,76,91,1299,advantage long middlegame,https://lichess.org/ooEX0hle#21,Petrovs_Defense Petrovs_Defense_Stafford_Gambit
EWwvB,r5rk/pppb1ppp/3p1P2/3q2B1/P2P1R2/2P3QP/1P5K/6R1 b - - 0 27,g7g6 f4h4 g8e8 h4h7 h8h7 g3h4 h7g8 h4h6 e8e2 h2g3 d5g5 h6g5,2278,79,80,138,attraction crushing kingsideAttack middlegame sacrifice veryLong,https://lichess.org/bL143uSy/black#54,
qSQ9a,5r2/2r5/5p2/3R1Bp1/P2p2k1/1P1P2bp/2P3R1/6K1 b - - 1 41,g4h4 d5d4 g3f4 g2h2 g5g4 d4f4,2212,77,87,82,crushing endgame long pin,https://lichess.org/F8eIah25/black#82,
g36mK,8/8/1p4p1/p4p1p/P4P1P/1k1K4/1P6/8 b - - 5 36,b3a4 d3c4 b6b5 c4c3 b5b4 c3c4 b4b3 c4c5,2204,75,93,2873,crushing defensiveMove endgame pawnEndgame veryLong zugzwang,https://lichess.org/RHwQxQL5/black#72,
cK2zE,3r1rk1/1bp2pp1/pb1q1n1p/1p2p1B1/4P3/1BP2Q2/PP1N1PPP/3RR1K1 w - - 0 16,d2c4 b5c4 d1d6 d8d6,2294,78,85,484,advantage master middlegame short,https://lichess.org/laHi6m6a#31,Ruy_Lopez Ruy_Lopez_Morphy_Defense
ZPmkE,6k1/p3qppp/1p1r1n2/2pRpPB1/4P3/5Q2/PPP3PP/6K1 b - - 0 24,c5c4 f3a3 d6d7 a3e7,2131,77,87,387,crushing endgame short,https://lichess.org/EvMXBOPy/black#48,
u2aSc,2kr2nr/pp3ppp/8/4P3/1b1n1B2/2N2P2/PPK2P1P/R4B1R w - - 1 13,c2d3 d4e6 d3e4 d8d4,2278,76,78,89,crushing discoveredAttack discoveredCheck middlegame short,https://lichess.org/Mst3SztP#25,Sicilian_Defense Sicilian_Defense_Smith-Morra_Gambit_Declined
ZAUBK,r4k1r/p1q2pR1/Q1pb1n1p/4n3/4P3/1B2B3/PpP2P1P/1K4R1 b - - 3 19,h6h5 f2f4 f6g4 f4e5 f8g7 e5d6,2288,89,87,572,crushing long middlegame pin,https://lichess.org/Acgv7TJx/black#38,Philidor_Defense Philidor_Defense_Lion_Variation
TVPtN,3qrk1r/5p2/1p1p1p1p/3PnQ2/3B2PP/1P6/P1B5/5RK1 b - - 0 29,d8c8 d4e5 c8c5 f1f2 e8e5 f5f6 e5e1 g1h2 c5d5 f6h8,2263,113,60,56,advantage middlegame veryLong,https://lichess.org/yoHhvYfr/black#58,
RgMrH,2r2k2/1b4p1/p2p2p1/1p2p2r/8/2PP2PK/PP1n1P2/R2Q1R2 w - - 6 26,h3g4 c8c4 d3c4 b7c8,2224,91,88,1581,clearance mate mateIn2 middlegame sacrifice short,https://lichess.org/mEDGDKPg#51,
MWpb7,r1bq1rk1/1p2bppp/3ppn2/p1p1P3/8/2NPQN2/PPP1BP1P/2KR2R1 b - - 0 12,d6e5 e3h6 f6g4 g1g4,2270,83,89,1173,crushing middlegame pin short,https://lichess.org/mHyiN5Ms/black#24,Sicilian_Defense Sicilian_Defense_Modern_Variations
T2Jjh,8/8/8/5npk/8/r2N2P1/5K2/3R4 b - - 11 50,h5g4 d3e5 g4h5 g3g4 h5h6 g4f5,2194,83,84,187,crushing endgame fork long,https://lichess.org/EeejBhLa/black#100,
8XXiv,8/5Pb1/1k1P4/pp6/5Nr1/1P4P1/7P/7K b - - 2 38,g7f8 d6d7 b6c7 f4e6 c7d7 e6f8 d7e7 f8d7 e7f7 d7e5 f7e6 e5g4,2283,75,94,192,advancedPawn crushing endgame fork quietMove veryLong,https://lichess.org/Ton7Vi70/black#76,
nT4ly,r1b1kb2/1p3p2/p1q4r/2P3N1/6n1/PP2P1p1/1BQ1NP1P/R4RK1 w q - 0 22,f2g3 h6h2 c2e4 c6e4 g5e4 h2e2,2137,75,93,2985,crushing long middlegame,https://lichess.org/NG92LPSS#43,
xahfa,rnQ1nk1r/1p4p1/8/p1p4p/2B4p/2PR4/P1P2PPK/4q3 b - - 7 25,e1f2 d3f3 f2f3 c8c5 e8d6 c5d6,2282,99,67,31,advantage deflection fork long middlegame sacrifice,https://lichess.org/KAQulMLx/black#50,
V0BhK,2r2k2/3Qn3/2p1r3/3p4/P7/3P1P1q/1P5N/2R2RK1 w - - 0 32,c1e1 h3g3 g1h1 e6e1 f1e1 g3e1,2223,86,76,61,advantage long middlegame,https://lichess.org/zkH5asj0#63,
cNqUF,3b4/p4pkp/2p3p1/2B1P2n/2PQ1P2/1P3K1q/P3N2P/8 w - - 13 37,f3e4 f7f5 e5f6 h5f6,2119,73,94,6863,crushing endgame short,https://lichess.org/JBa8ZfiJ#73,
LSp7H,4r3/1P6/3R4/p7/P6K/3p4/3kp1P1/4R3 w - - 1 50,d6a6 d2e1 a6a8 e8e4,2207,81,89,383,crushing endgame hangingPiece master rookEndgame short,https://lichess.org/0kLODunL#99,
1Pb7Y,4k1r1/5p2/1q2pPp1/p2pP2r/1ppP2R1/P1P5/1PQ3RP/6K1 w - - 0 38,g4g6 f7g6 c2a4 e8d8,2212,76,83,86,crushing defensiveMove endgame short,https://lichess.org/ntMEc0Co#75,
o0DHM,6nr/1p4p1/4Qp2/p3B1kp/KP1P4/3q4/PP6/R7 b - - 1 27,a5b4 a1g1 g5h6 e5f4 h6h7 e6f7,2162,83,78,32,crushing endgame long,https://lichess.org/RPJfJSsD/black#54,
rFDWo,K1k5/8/P4Rp1/8/6rP/8/8/8 b - - 0 49,g4h4 f6c6 c8d7 a8b7 h4b4 c6b6,2119,76,94,1235,crushing endgame long rookEndgame,https://lichess.org/7dwWI88F/black#98,
7rEEd,rr5k/6pp/8/4P3/5P2/1Pp1R3/Qb4PP/1K1R4 b - - 0 26,a8a2 b1a2 c3c2 d1d8 b8d8 a2b2,2184,75,94,1096,crushing endgame long,https://lichess.org/lUKzraoE/black#52,
okA9K,8/8/4k3/p2p2P1/P3pK2/2P5/8/8 b - - 0 41,e6d6 c3c4 d5c4 f4e4 d6e6 e4d4 c4c3 d4c3 e6f5 c3c4 f5g5 c4b5 g5f5 b5a5,2146,79,90,666,crushing deflection endgame pawnEndgame veryLong,https://lichess.org/ar6eM9mL/black#82,
HAq0g,r4rk1/pnp2pbp/1p2pnp1/8/3qPP2/2N3P1/PPQ2N1P/R1B2RK1 b - - 2 15,f6g4 c3e2 d4c5 c2c5 b7c5 f2g4,2133,77,91,1132,advantage long master middlegame,https://lichess.org/STeu1oz7/black#30,Mieses_Opening Mieses_Opening_Other_variations
cvbfi,r4rk1/2q2pb1/p4P1R/2p4Q/2P1p3/1P4PP/P6K/8 b - - 0 28,c7d7 h5g5 d7d2 g5d2,2239,75,94,2710,crushing endgame pin short,https://lichess.org/JH8sIwKC/black#56,
GDFPN,1k1r4/1pq2p2/p4P1r/1P1pNQ1p/P7/8/6PP/1R4K1 b - - 0 27,d8e8 e5d7 b8a8 b5a6,2190,75,93,1362,crushing endgame queensideAttack short,https://lichess.org/cTtgVKUr/black#54,
0mdFg,Q7/1pp2kp1/1b2p3/3pR2p/3n1P1q/2P4P/6PB/6K1 w - - 0 33,c3d4 b6d4 g1h1 h4f2 a8a1 d4a1,2147,76,94,1178,crushing endgame fork long,https://lichess.org/nV5qrkmQ#65,
342eE,6k1/q4ppp/4p3/2RpP2P/P7/8/1K4P1/2R5 b - - 0 27,g7g6 h5h6 a7b8 b2a2 b8f8 c5c8,2165,76,94,2341,crushing defensiveMove endgame long pin queenRookEndgame,https://lichess.org/Gxlk5VqD/black#54,
dF2CJ,5b2/8/2k3p1/2P2p1p/8/3KBP1P/6P1/8 b - - 12 59,f8c5 e3c5 c6c5 d3e3 g6g5 h3h4,2268,77,91,1351,bishopEndgame crushing endgame long,https://lichess.org/KqN9yrZO/black#118,
5pM2c,5rk1/3qbppp/p1nN4/1p1Q4/2p2B2/2P5/PP3PPP/4R1K1 b - - 8 23,c6d8 d6f5 d7d5 f5e7 g8h8 e7d5,2111,82,81,55,advantage fork long middlegame sacrifice,https://lichess.org/CaemBZJp/black#46,
cAZWL,1kb1Bb1r/1p4pn/2p1p2p/Qp1pq3/4P3/2P5/P5PP/RNB2RK1 w - - 0 19,b1a3 f8c5 g1h1 b7b6 e8c6 b6a5 c1f4 e5f4,2239,80,91,2742,advantage middlegame trappedPiece veryLong,https://lichess.org/ESkcAmI8#37,Bird_Opening Bird_Opening_Dutch_Variation
VnKZi,6k1/pp4p1/3p1r1q/3Pnp2/4P3/4P1Qp/PP2BR2/4RK2 w - - 2 34,f2h2 f5e4 h2f2 h3h2 f1g2 f6g6,2190,76,91,5285,advancedPawn advantage discoveredAttack discoveredCheck long master middlegame pin,https://lichess.org/YY6ZXSm7#67,
DzRj9,5r1k/ppp1n1p1/2nr2Pp/5pNQ/5q2/7P/8/BB4RK b - - 3 31,d6g6 a1g7 h8g7 g5e6,2140,78,94,6344,attraction crushing middlegame pin sacrifice short,https://lichess.org/GPKL4w2w/black#62,
gsIY7,8/4q1k1/1P3pn1/6p1/3Q2Pp/pB5P/P4PK1/8 w - - 0 46,b3d5 g6f4 g2h2 e7d6 h2h1 f4d5,2144,80,89,915,crushing endgame long master masterVsMaster,https://lichess.org/HmlRu6T9#91,
1ceLz,8/8/5kB1/p2b3p/1p1P2p1/1P4P1/P4KP1/8 w - - 2 41,g6h5 d5b3 a2b3 a5a4 b3a4 b4b3 h5g4 b3b2 g4f3 b2b1q,2207,76,85,69,advancedPawn advantage bishopEndgame endgame promotion sacrifice veryLong,https://lichess.org/yf5TDYXc#81,
rsmOk,7k/7P/2r3P1/5PK1/8/8/8/8 b - - 4 65,h8g7 f5f6 g7h8 f6f7 c6g6 g5f5 h8h7 f7f8q,2102,76,100,174,advancedPawn crushing endgame promotion rookEndgame veryLong,https://lichess.org/9ZnzX3LP/black#130,
T4ooF,6r1/7R/3R2P1/8/2P1K3/2b3k1/3p4/8 w - - 0 50,c4c5 g8e8 e4f5 e8e5 f5f6 e5d5,2176,79,74,179,crushing discoveredAttack discoveredCheck endgame long,https://lichess.org/vaOcq1aW#99,
mxSzH,4r1k1/ppp2ppp/2p2n2/2b5/4r3/3N1Q2/PPqPNPPP/R1B1R1K1 w - - 2 15,d3c5 e4e2 e1f1 c2c5,2119,76,84,313,advantage intermezzo middlegame short,https://lichess.org/aECTW6lk#29,Four_Knights_Game Four_Knights_Game_Spanish_Variation
cycE8,r2b1rk1/1b3ppp/1q1p1n2/1p1P4/1P6/2N2N1P/4QPP1/1BR2RK1 b - - 2 20,f6d5 c3d5 b7d5 e2d3 g7g6 d3d5,2244,103,78,25,crushing long middlegame,https://lichess.org/EZL0bpeX/black#40,
FRRLl,7R/2n1k1rb/2pp3p/7P/4PQ2/3P4/3N4/2q1K2R w K - 1 36,e1e2 g7g2 e2f3 c1h1 h8h7 g2g7,2182,80,82,78,crushing discoveredAttack discoveredCheck long middlegame,https://lichess.org/Y3NXnFyR#71,
19Ctf,3r1rk1/pp3ppp/5b2/8/2P1p3/PQ2P1P1/1B1qBK1P/R6R b - - 0 21,f6b2 a1a2 d8d3 b3b2,2147,80,87,215,advantage intermezzo middlegame short,https://lichess.org/BofLH2y8/black#42,
wH2hO,8/6p1/4p3/2Pk1n1p/1B2R2P/5KP1/2r5/8 w - - 11 51,g3g4 f5d4 e4d4 d5d4,2285,81,85,149,crushing endgame short,https://lichess.org/GpFuAwEV#101,
65002,8/8/5p2/4p2k/3pP1rP/3P3K/3R4/8 w - - 4 49,d2f2 g4h4 h3g2 h4g4,2279,76,87,222,crushing endgame rookEndgame short,https://lichess.org/nzjVDyh5#97,
PjlXa,8/5B2/7p/1b2k3/1P2pp2/2K5/5P1P/8 w - - 3 39,f7c4 b5c4 c3c4 f4f3 b4b5 e4e3,2290,75,95,687,bishopEndgame crushing endgame long,https://lichess.org/fDnobiTS#77,
32eoa,r1r1b1k1/pp1nbp1p/1q2p1p1/3pB3/3P1P2/P1NBP2Q/1P4PP/1R3RK1 b - - 0 18,b6b3 d3g6 f7g6 h3e6,2275,88,87,369,crushing deflection kingsideAttack master middlegame short,https://lichess.org/jmHtWKEJ/black#36,Indian_Defense Indian_Defense_Other_variations
90Hsz,8/1p2k3/p1p5/P1Pp2p1/1P1P2Pp/5P1K/8/8 w - - 37 61,f3f4 g5f4 h3h4 e7f6 g4g5 f6f5 g5g6 f5g6 h4g4 f4f3,2267,87,90,145,crushing endgame pawnEndgame veryLong,https://lichess.org/h64MtyhO#121,
wIcNb,1r3r1k/p5pp/2p2b2/4p3/4P3/1QN3P1/PPP2q1P/2KR3R w - - 1 17,b3e6 f2e3 c1b1 e3c3,2145,88,75,31,advantage middlegame pin queensideAttack short,https://lichess.org/RlUSKvSy#33,Sicilian_Defense Sicilian_Defense_Lowenthal_Variation
eKkNm,r2qkb1r/5pp1/1np1p2p/p1p1Pb2/P2p1B1Q/2NP1N1P/1PP2PP1/R4RK1 w kq - 0 16,c3e4 d8h4 f3h4 f5e4,2152,81,91,3028,advantage middlegame short,https://lichess.org/OsYqNbcI#31,Sicilian_Defense Sicilian_Defense_Nyezhmetdinov-Rossolimo_Attack
MsFOf,r1b1r1k1/1p1q1p2/p2p2p1/2pPp1bB/2P1P3/2N1N1Pn/PPR2PK1/3Q3R b - - 0 22,g6h5 e3f5 d7f5 e4f5,2150,76,85,365,crushing middlegame short,https://lichess.org/3qPEYrm9/black#44,
wRJAR,r1b1r1k1/pp2Rp1p/5b2/5p2/8/P1P2Q2/1P3PPP/3R2K1 b - - 0 21,e8e7 f3g3 g8f8 d1d8 e7e8 g3d6,2142,76,93,2104,endgame,https://lichess.org/kRc2yev4/black#42,
B2n3A,5k2/5p2/1ppr2p1/7p/1P1P1P2/P2KPQ2/2R5/6q1 w - - 8 47,c2c6 d6c6 f3c6 g1d1,2139,78,86,106,crushing endgame master short,https://lichess.org/jNX69bjn#93,
OrZ7J,3r2k1/pp1n3p/2p2pp1/6q1/3P4/2P1rB1R/PP1Q2P1/2K4R b - - 1 21,d7e5 f3d5 c6d5 d2e3 g5e3 h3e3,2159,144,67,12,advantage long middlegame,https://lichess.org/KNwevdxd/black#42,
KtNUk,6k1/pb3pp1/1p3n2/1Qp4p/2B1p3/P3N1P1/1P3PKP/1q6 b - - 3 26,f6g4 b5e8 g8h7 c4f7 g4e3 f2e3,2297,85,89,184,crushing deflection endgame long,https://lichess.org/44GUR8td/black#52,
ke4lo,r1b2r2/ppp1qp1k/2p2p1B/b2P4/5P2/P1N5/1PP3PP/R2Q1RK1 w - - 1 16,f1e1 e7c5 g1h1 h7h6 c3e4 c5d5,2161,94,71,38,advantage long middlegame,https://lichess.org/av8UHL0N#31,Four_Knights_Game Four_Knights_Game_Spanish_Variation
bEknJ,4k3/3b4/1rNp1p2/1PpPpP1p/q3P1pP/1R1Q2P1/8/6K1 w - - 6 48,g1f2 c5c4 b3a3 a4b5 a3a8 e8f7,2251,76,87,81,crushing defensiveMove endgame fork long,https://lichess.org/zDOZBAwf#95,
cVdnL,r1br1k2/ppP1Nppp/8/8/4PB2/3q1N2/5PPP/2R2RK1 b - - 0 22,d8d7 e7c8 a8c8 f3e5 d3f1 g1f1,2230,132,87,19,crushing fork long middlegame,https://lichess.org/br9WOfph/black#44,
9xaaW,3Rr3/1b2Prpk/p3R2p/1p3p2/8/B4P2/2p3PP/6K1 b - - 1 30,b5b4 d8e8 b4a3 e8h8 h7h8 e7e8q h8h7 e6e1,2178,80,84,41,advancedPawn attraction crushing defensiveMove endgame fork promotion veryLong,https://lichess.org/dSQ0YESa/black#60,
WGPFu,r1b2rk1/ppn3pp/3qp3/3pN1PP/3p4/3BK3/PPP1N1Q1/R6R w - - 0 22,e3d4 d6b4 d4e3 d5d4 e2d4 c7d5 g2d5 e6d5,2159,87,88,405,advantage middlegame veryLong,https://lichess.org/oYEvhEWr#43,
sEAnw,5k2/p7/1p2p1P1/1P2Kp1p/8/P5P1/8/8 w - - 1 42,e5e6 h5h4 g3h4 f5f4,2274,77,94,1359,crushing defensiveMove endgame pawnEndgame short,https://lichess.org/qZa03dte#83,
PhF2q,3r4/8/p4k2/2P3p1/2K5/8/P5R1/8 b - - 2 47,f6f5 c5c6 f5e6 c4c5,2148,75,87,159,crushing defensiveMove endgame master masterVsMaster rookEndgame short,https://lichess.org/EyAEk7ES/black#94,
fwgbx,6k1/3Q1ppp/1rp5/2q1P3/5P2/1P6/6PP/5R1K b - - 2 26,b6b3 e5e6 f7e6 d7e6 g8f8 e6b3,2168,83,90,865,crushing endgame fork long,https://lichess.org/CwjTH5QG/black#52,
XajTE,r2qr1k1/p5np/1p3bp1/2pb3P/6P1/2NQ1N2/PB3P2/R4K1R b - - 1 22,d5e4 d3c4 e8e6 c3e4,2278,78,35,69,advantage middlegame short,https://lichess.org/VcwPnD1F/black#44,
RaYLj,1r6/1p3N2/2p2b2/7k/7P/1P1K1P2/4R3/8 b - - 0 48,f6h4 e2e6 h4g5 e6e5 h5g6 f7g5,2237,75,92,3886,crushing endgame long,https://lichess.org/pVn9xYUI/black#96,
urOQh,4B2Q/p4k2/1p3np1/4pp2/2Pq1P2/1P4P1/P3K2R/3r4 b - - 3 40,f7e7 h8g7 e7d8 g7f6 d8c8 f6e6,2282,76,94,912,advantage deflection endgame exposedKing long,https://lichess.org/Jev3DeRJ/black#80,
G4pGN,6k1/5pp1/2P1pnbp/3p4/2pN4/2r1PB1P/5PP1/5RK1 b - - 0 24,c3a3 c6c7 a3a8 d4c6,2184,84,88,512,advancedPawn advantage defensiveMove endgame short,https://lichess.org/mqHd2sD9/black#48,
zkUPP,8/6p1/6R1/1b1k1p1p/3b1B1P/p5P1/3K4/8 w - - 0 45,d2c2 a3a2 g6d6 d5c5 d6d4 a2a1q,2239,75,95,1426,advancedPawn crushing defensiveMove endgame long promotion,https://lichess.org/DPNm6nnt#89,
Yw4AH,1r3rk1/2q2ppp/1p6/p2RpPP1/2P1n3/1PP1B3/6QP/R5K1 b - - 0 26,e4c3 d5d3 e5e4 d3c3,2147,79,91,1805,advantage master masterVsMaster middlegame short trappedPiece,https://lichess.org/yCBcSFfB/black#52,
i57IN,4r1k1/1pp2pb1/p5Q1/7p/2B4R/P4qP1/1P3P2/K2r3R w - - 1 26,h1d1 f3a3 a1b1 a3b2,2171,81,81,798,mate mateIn2 middlegame pin short,https://lichess.org/QqXukuJy#51,
TTf9a,3r2k1/4Rpp1/2p4p/pp6/6Q1/3r3P/q4PP1/4R1K1 b - - 1 31,d3d2 e7e8 g8h7 g4f5 g7g6 f5f6,2190,79,81,49,crushing endgame long,https://lichess.org/Ydismx4q/black#62,
NJhjx,7r/p5k1/1p1b1pp1/1P1P1q2/P7/5BP1/1Q3PK1/4R3 w - - 0 36,b2b1 f5h3 g2g1 d6c5 f3g2 h3g3,2174,113,88,26,advantage endgame long pin,https://lichess.org/0eqEyf5T#71,
Tw2nG,8/8/p1k5/4p1p1/1P2K2p/5PP1/7P/8 b - - 2 44,c6b5 g3h4 g5h4 e4e5,2192,80,92,7635,crushing endgame pawnEndgame short,https://lichess.org/4IUXQSr9/black#88,
2Db1n,2r5/2k3pp/5p2/1P6/PK1R2P1/2N3r1/8/8 b - - 7 36,c7b7 c3e4 g3g1 e4d6,2131,90,73,25,advantage endgame short,https://lichess.org/E1gmvuu6/black#72,
wepkl,3Q1r1k/p3N1bp/2b3p1/5p2/2P5/1q4PP/5P2/3RR1K1 b - - 0 23,f8d8 d1d8 g7f8 e7c6,2295,86,90,1143,advantage middlegame pin short,https://lichess.org/93e3cg46/black#46,
3meam,8/8/8/1K2p1pp/p7/k4PPP/P7/8 b - - 0 36,g5g4 f3g4 e5e4 b5c4 e4e3 c4d3,2187,78,91,844,crushing endgame long pawnEndgame,https://lichess.org/c0FX1iJh/black#72,
8qkFE,8/8/2r5/p3kp2/P1Rp4/3K3P/5P2/8 b - - 1 45,c6c4 d3c4 e5e4 h3h4 d4d3 c4c3 e4f4 c3d3,2112,77,94,2707,crushing endgame quietMove veryLong,https://lichess.org/HaSbn0Lx/black#90,
WPXuM,5k1r/3q2pp/5p2/3r4/2Q2B1n/7K/PP3P1P/3R1R2 w - - 7 28,h3h4 d5h5 h4g3 d7h3,2115,80,82,363,master mate mateIn2 middlegame short swallowstailMate,https://lichess.org/C8sQYmFi#55,
VB0Sf,q2r2k1/2R2pbp/4p1p1/1p2n3/PB6/1P1p1P1P/3Q2P1/R5K1 w - - 0 33,a4a5 e5f3 g2f3 a8f3,2136,117,37,16,advantage kingsideAttack middlegame short,https://lichess.org/0c8dGvZd#65,
SYxoi,6k1/1b3ppp/8/p3PQ2/5P2/5R1P/2r3P1/1q4BK w - - 2 28,f3g3 c2g2 f5b1 g2b2,2253,84,81,31,crushing discoveredAttack discoveredCheck endgame sacrifice short,https://lichess.org/4BswCOTk#55,
flJFf,r1b1kb1r/ppN3pp/1nn1p3/4P3/2qP4/2p1BN2/2P2QPP/R4RK1 b kq - 3 17,e8d8 c7a8 b6a8 f3g5,2182,77,86,110,advantage master masterVsMaster middlegame short,https://lichess.org/7U8Swehc/black#34,French_Defense French_Defense_Steinitz_Variation
z9KQ2,8/1p1r4/1Q2n3/1P2k3/3p2Pp/3P2K1/8/8 w - - 0 43,g3h4 e5f4 h4h5 d7h7 h5g6 e6f8,2107,75,94,278,crushing endgame long,https://lichess.org/aWlPFSlY#85,
DPmeX,8/6P1/6r1/kp5R/2R5/7K/1p4P1/8 w - - 0 46,c4g4 b2b1q g7g8q g6g8 g4g8 b1h1 h3g3 h1h5,2212,79,91,1609,advancedPawn crushing endgame exposedKing promotion skewer veryLong,https://lichess.org/nMeQojIM#91,
fQKZC,2r1r1k1/1pp2pp1/5nnp/1P2p3/P1NpP1q1/3P2P1/1BQ2PKP/2R2R2 w - - 2 23,h2h3 g6f4 g2g1 f4h3,2140,78,88,987,crushing deflection middlegame pin short,https://lichess.org/XsnnTeA2#45,
rzGSO,2rq1r1k/pp3pR1/5n1p/3pQb2/5P2/3BP3/PP2KP1P/R7 w - - 0 24,e5f5 h8g7 a1g1 g7h8 f5h3 h6h5 h3f5 f8g8,2170,76,61,161,crushing hangingPiece middlegame quietMove veryLong,https://lichess.org/ehX7j3eU#47,
JDB1r,8/8/8/1P1R4/2P2Pk1/6p1/1r6/5K2 w - - 2 54,f4f5 g4h3 d5d3 h3h2 d3g3 h2g3,2212,78,91,696,crushing endgame long rookEndgame,https://lichess.org/7LHWUVLn#107,
tw5ne,8/8/8/p5pp/PkPK4/8/7P/8 b - - 3 45,b4a4 c4c5 a4b5 d4d5 a5a4 c5c6 b5b6 d5d6 a4a3 c6c7 a3a2 c7c8q a2a1q c8b8,2108,75,95,9668,advancedPawn crushing endgame pawnEndgame promotion quietMove veryLong,https://lichess.org/A2hpKQBA/black#90,
LY2KU,r1bq1rk1/pp3ppp/2n5/6N1/1b1Pp3/1B6/5PPP/R1BQ1RK1 b - - 1 14,d8d4 d1h5 c8f5 b3f7,2110,75,84,142,crushing kingsideAttack opening short,https://lichess.org/gk8XWSD7/black#28,Sicilian_Defense Sicilian_Defense_Wing_Gambit
wIbij,2kr3r/7p/pp4n1/2P1n3/P2p4/q2P2Q1/5PPP/2R2RK1 b - - 0 29,e5d3 c5b6 c8d7 c1c7 d7e6 f1e1,2198,77,91,1601,crushing discoveredAttack discoveredCheck exposedKing long middlegame queensideAttack,https://lichess.org/4A7sUeLa/black#58,
gjfWQ,8/8/8/4pkp1/8/6P1/4K2P/8 w - - 1 55,e2f3 g5g4 f3e3 f5f6,2282,126,81,11,crushing defensiveMove endgame pawnEndgame short zugzwang,https://lichess.org/Rf0Wqh3B#109,
dN1RG,8/3R4/kppp1r2/4p3/1P2P3/P1KP4/8/8 b - - 0 45,a6b5 d7a7 c6c5 a3a4 b5c6 b4b5,2182,86,89,168,endgame long mate mateIn3 rookEndgame,https://lichess.org/BNAPEd0a/black#90,
JGZLa,1b6/4k3/4pp2/2K4p/5Pp1/4P1P1/1B5P/8 w - - 0 45,e3e4 b8a7 c5c4 a7g1 b2d4 g1h2,2257,79,91,309,bishopEndgame crushing endgame long,https://lichess.org/z80B404C#89,
Ax2c6,8/2r4Q/p1Pkpp2/3q1np1/1P6/P6P/2R2PP1/2R3K1 w - - 6 40,h7g6 f5h4 c2d2 h4g6,2264,77,78,91,advantage endgame short,https://lichess.org/zjaMWtQ3#79,
bJXiz,4r2k/2p1Pr2/6Qp/1p6/p5RP/2P1nN2/PPB2qP1/7K b - - 6 39,f2c2 g6f7 c2d1 f3g1 d1g4 f7e8,2287,93,88,109,crushing hangingPiece long middlegame,https://lichess.org/9lkEa8w7/black#78,
u7x7V,8/3k3p/pp2p1p1/4Pp2/PP1K1PP1/7P/8/8 w - - 1 44,a4a5 b6a5 b4a5 d7c6 g4f5 g6f5 d4c4 h7h6,2279,87,91,100,crushing defensiveMove endgame pawnEndgame veryLong zugzwang,https://lichess.org/LZwbWhKu#87,
DgIA9,6k1/2R2p2/4p1p1/5r1p/8/3PQ1BP/2P4K/5q2 w - - 3 41,c2c4 h5h4 g3h4 f5f3 e3f3 f1f3,2136,147,56,14,advantage endgame long,https://lichess.org/ydC6376s#81,
rSHdN,3r2k1/p4pbp/1p1q2p1/8/3nB3/1P2BP1P/P2Q2P1/3R3K b - - 3 24,d6g3 e3f4 g3h4 f4g5,2110,167,82,9,crushing master middlegame short,https://lichess.org/zsfG5ol8/black#48,
9SGsF,8/8/7p/p7/P3k3/3p2PP/4K3/8 w - - 0 43,e2f2 e4d4 f2e1 d4e3,2186,83,88,110,crushing defensiveMove endgame master pawnEndgame short,https://lichess.org/Ct7SgO3J#85,
vGDxz,2k4r/p2r1p2/8/2p2Bq1/3p3p/3P1RP1/PPQ3K1/8 b - - 1 26,h4g3 c2c5 c8d8 c5a5 d7c7 a5d5 d8e7 d5e5 e7f8 e5h8,2136,76,94,9732,crushing endgame exposedKing fork pin veryLong,https://lichess.org/Z8zTkJg8/black#52,
TOlYN,4r3/pbp3k1/8/2p3P1/2Pb1RP1/1P4B1/P3p2K/1R6 w - - 2 37,b1e1 e8h8 g3h4 d4e5,2215,137,0,16,advantage endgame pin short,https://lichess.org/ICokkHmE#73,
BqgCl,5r2/pp3pk1/4p3/3pPnNQ/3n4/2R5/Pq3PP1/6K1 b - - 0 24,d4e2 g1h2 f5h6 g5e6 f7e6 h5g5 g7h7 c3h3 b2e5 g5e5,2262,131,76,23,clearance crushing defensiveMove middlegame sacrifice veryLong,https://lichess.org/kONjQhcX/black#48,
MRMgg,r4r2/3P1k1p/pp1Q1N2/2p2qp1/P4n1B/7P/1PP3P1/5RK1 w - - 2 29,h4g5 f4e2 g1h2 f5f1 d6d5 f7g6,2168,77,81,87,crushing deflection discoveredAttack long middlegame,https://lichess.org/W0tMllOR#57,
0vH62,5r1k/6pp/1Q6/4bq2/2p5/1B6/P5PP/3R3K w - - 0 33,b3c4 f5f4 b6g1 f4c4,2216,85,90,1666,advantage endgame short,https://lichess.org/vUwBIc0A#65,
MfCUo,1r3rk1/5ppp/p2P4/2p3P1/7P/1Q2BP2/4q3/2KR3R w - - 1 27,b3c3 e2a2 c3c2 a2a3 c1d2 b8b2,2137,74,94,3666,crushing exposedKing fork long middlegame pin quietMove,https://lichess.org/ZQYMEhMT#53,
gWFVQ,r4k1r/p1pn2bP/1p2RnB1/3pNQB1/3P2q1/1KP5/PP6/8 b - - 7 24,g4f5 e5d7 f6d7 g5e7,2149,79,82,171,mate mateIn2 middlegame short,https://lichess.org/mXz2IoS3/black#48,
PfIFI,r5r1/8/2kqb2p/1ppp2p1/2n1P3/2PQ1BP1/2P2PP1/1R1R2K1 b - - 0 28,g5g4 e4d5 c6c7 d5e6 d6d3 c2d3,2119,76,76,137,advantage fork long middlegame,https://lichess.org/goedFARP/black#56,
HsTzr,8/6p1/1P6/3B4/p1P2P2/2k3P1/7r/2K5 w - - 1 43,c1b1 h2b2 b1a1 b2b6,2186,79,89,483,crushing endgame short,https://lichess.org/WNwG7r7f#85,
CL4eK,4r1k1/pq3pb1/1p4rp/3NR3/8/1Q4PP/PP4B1/4R1K1 b - - 0 28,e8e5 e1e5 g7e5 d5f6 g8h8 g2b7 g6g3 b3g3,2173,76,92,1577,advantage discoveredAttack middlegame veryLong,https://lichess.org/JeS1oa2I/black#56,
Ak3hi,6R1/8/2n5/2P5/4K3/6p1/7k/8 w - - 12 68,e4d5 c6e7 d5d6 e7g8 c5c6 g8f6,2214,76,85,295,crushing defensiveMove endgame fork long,https://lichess.org/laSPDfV6#135,
WQmhA,r2q1rk1/pp3ppp/5n2/4p3/4P3/3P3P/PP1QNP1K/R5R1 b - - 0 16,f6e4 d2h6 d8f6 g1g7 f6g7 a1g1,2155,84,89,150,advantage long middlegame pin sacrifice,https://lichess.org/gwHAcFct/black#32,English_Opening English_Opening_Four_Knights_System
MKaH6,8/8/5p2/6pp/2k5/4PPP1/6K1/8 w - - 6 55,g2f2 c4d3 f3f4 g5g4,2146,77,86,280,crushing defensiveMove endgame master pawnEndgame short zugzwang,https://lichess.org/5bi12blO#109,
zT7MO,r4rk1/p5pp/2P2n2/5q2/1P2pN2/P3p1P1/1BR1Q1KP/8 b - - 0 30,g7g5 c2c5 f5c5 b4c5,2203,77,83,71,advantage master middlegame short,https://lichess.org/8UXWq700/black#60,
UHhWu,4rrk1/2q4p/p2p2p1/1p1P4/2PR4/1P2p3/P1Q3PP/4R1K1 w - - 0 25,d4e4 c7f7 e4e8 f7f2 c2f2 e3f2,2189,89,90,1980,advancedPawn crushing endgame fork long sacrifice,https://lichess.org/OyLpxUSO#49,
KzYBE,2q3k1/p4pb1/2p5/6Qp/2PP1p2/P1B3P1/6KP/8 b - - 1 31,c8e6 g5g7 g8g7 d4d5,2205,77,91,1582,crushing discoveredAttack discoveredCheck endgame master masterVsMaster sacrifice short,https://lichess.org/45Co0knA/black#62,
7oYpe,r4rk1/7p/3p4/1PpPn3/P1Pq1p2/4ppP1/R1Q1B2P/3R3K w - - 0 33,d1d4 f3e2 c2e2 c5d4 g3f4 f8f4,2293,81,86,175,advancedPawn advantage intermezzo long master masterVsMaster middlegame,https://lichess.org/caRjIxdd#65,
mfwOD,6r1/7P/p7/1k1q4/6P1/P7/1PQ5/K7 b - - 0 45,g8g4 c2e2 b5b6 e2e3 d5d4 e3d4 g4d4 h7h8q,2288,130,79,11,advancedPawn crushing endgame fork promotion veryLong,https://lichess.org/tfzfG9Q7/black#90,
2CLqM,4k1r1/8/4pQP1/pp3p2/3P4/P1P2RK1/1P5P/4q3 w - - 7 50,g3f4 e1e4 f4g3 e4g4 g3f2 g8g6 f6h8 g6g8 h8g8 g4g8,2153,81,90,501,crushing endgame veryLong,https://lichess.org/7T9Th5kV#99,
9nAzo,4rk2/p5pQ/2p2b2/8/2qpr3/8/P1P4P/5RRK b - - 1 39,e8e7 h7h8 f8f7 g1g7 f7e6 h8g8,2236,94,90,956,crushing long middlegame pin,https://lichess.org/enWawZY3/black#78,
HqDVs,1k1r3r/1pq2p2/p1n2pp1/3R4/3P1b2/1Q3N1P/PP1N1PP1/5RK1 w - - 1 19,d5c5 c6d4 c5c7 d4b3 c7b7 b8b7,2173,78,83,179,advantage long middlegame,https://lichess.org/qaKK8gFs#37,Caro-Kann_Defense Caro-Kann_Defense_Other_variations
hUSpM,6rk/2R5/p7/1p1N4/1P2P3/P3K2p/6rN/8 b - - 4 50,g2h2 d5f6 g8g3 e3d4 h2d2 d4e5,2288,79,87,481,crushing endgame long,https://lichess.org/o1G9UDdD/black#100,
LBv8z,6k1/pR2r2p/4b1pP/2prp1P1/4K3/6B1/P7/1R6 b - - 0 31,e7e8 b7g7 g8h8 b1b7 d5d4 e4e3,2266,76,84,236,clearance crushing endgame long,https://lichess.org/x6W0nIJE/black#62,
uaInP,3RRbk1/5p1p/6p1/r5B1/1p5P/2P2P2/PPK3P1/5q2 b - - 3 33,f1f2 c2b3 g8g7 e8f8,2120,77,86,2449,advantage defensiveMove endgame short,https://lichess.org/IQ7jzQNz/black#66,
xFz82,rnb1kb1r/ppp3pp/3p4/3Pp2n/4P2q/2N2P2/PPPBN1Bp/R2Q1K1R b kq - 1 10,c8h3 h1h2 h3g2 f1g2 h4f6 h2h5,2134,77,94,5438,crushing long opening skewer,https://lichess.org/ZyuZ9MKG/black#20,Englund_Gambit_Complex_Declined Englund_Gambit_Complex_Declined_Other_variations
pFS4x,r1b2rk1/pp2Bp2/3q2p1/2p5/3n4/3PQNP1/P3PPB1/b4K1R b - - 5 17,d6e6 h1h8 g8h8 e3h6 h8g8 h6f8 g8h7 f3g5,2234,87,90,969,attraction fork mate mateIn4 middlegame sacrifice veryLong,https://lichess.org/J7pA0s33/black#34,English_Opening English_Opening_Anglo-Indian_Defense
tdiK7,2r5/pp1knppp/q3p3/2bpP3/5PP1/1P6/P1QB3P/2R2R1K w - - 3 22,c2h7 a6e2 h7h3 e2d2,2226,76,77,105,advantage middlegame short,https://lichess.org/LtR97Kyu#43,
5IkBN,4R3/1Q3pkp/6p1/3Pp3/8/1P2bNK1/2q3PP/8 w - - 1 33,b7e7 e3f2 g3h3 c2f5 g2g4 f5f3,2128,77,95,12137,deflection endgame exposedKing long mate mateIn3,https://lichess.org/1Rq17gFq#65,
WDFHi,8/4Q2p/6p1/5pk1/8/7P/1p3PP1/r1bK4 b - - 1 57,g5f4 d1e2 a1a3 g2g3,2294,75,85,221,crushing endgame short,https://lichess.org/v9GCmtGX/black#114,
sZHDc,r4rk1/2p2pb1/1p4pp/p2PN1q1/2P2QPn/1PN2K2/PB5P/R3R3 w - - 3 25,f3e4 f7f5 g4f5 g6f5 e4d3 g5f4,2257,79,76,146,crushing long middlegame,https://lichess.org/ZCZ2fYmy#49,
S42Md,1rr3k1/2q2p2/5p2/3p3Q/3N1p2/P5P1/1PP4P/1K2R3 w - - 1 33,g3f4 c7c3 e1g1 g8f8 b2b4 c3d4,2249,86,80,57,crushing endgame long master pin,https://lichess.org/6DTLOOzj#65,
PRfOm,r5k1/PRQ2pp1/3r3p/2pqp3/8/6P1/5P1P/5RK1 b - - 0 30,d6a6 c7b8 a8b8 a7b8q,2215,82,90,2266,advancedPawn crushing endgame promotion short,https://lichess.org/GwRLBYI3/black#60,
QRJNm,8/1pkb4/2p2QP1/3p1P2/1K6/1P2r3/P1P4r/8 b - - 8 52,h2h4 f6h4 e3e4 h4e4 d5e4 g6g7,2116,78,92,3313,advancedPawn crushing endgame hangingPiece long,https://lichess.org/feS5vRm0/black#104,
UuQP8,8/8/1p1k4/p2p1p2/P4P2/2P5/1P6/2K5 w - - 1 35,b2b4 d5d4 c1d2 d6d5 c3d4 d5d4,2252,88,88,209,crushing endgame long pawnEndgame,https://lichess.org/QNYfdQJ5#69,
ZfI2u,8/2r5/8/8/2P2R2/1K1k1Bp1/4p3/8 w - - 0 46,f4e4 c7b7 b3a4 b7f7 e4e2 f7f3,2149,94,85,26,crushing endgame long,https://lichess.org/zavyuLfD#91,
hf3mX,r4rk1/2p2ppb/p6p/1p6/1b1qp3/1PB4P/P1Q1BPP1/R3K1NR w KQ - 0 19,a1c1 e4e3 g1f3 h7c2 f3d4 b4c3,2261,81,85,62,capturingDefender crushing discoveredAttack long middlegame pin,https://lichess.org/TOt1RayE#37,English_Opening English_Opening_Kings_English_Variation
Z2nkK,5r1k/2p4p/1p6/6p1/1P3P1q/4P2n/P1P1Q2P/3R1R1K w - - 0 27,f4g5 h3f2 f1f2 f8f2 e2f2 h4f2,2205,79,96,428,advantage endgame fork long,https://lichess.org/9JdmzGvW#53,
8fGBV,8/8/1p2p1k1/1Pp1P1bp/2P1K3/8/6P1/4B3 b - - 8 40,g5c1 e1a5 b6a5 b5b6 c1g5 b6b7,2127,77,94,1368,advancedPawn bishopEndgame crushing endgame long sacrifice,https://lichess.org/uZ70gtcq/black#80,
2o1vx,2r3k1/4np2/3b2pp/p7/Pp1p1p2/1P1P1N1P/2P2PPB/R5K1 w - - 2 27,f3d4 d6e5 a1e1 e5d4 e1e7 c8c2 h2f4 c2f2 e7e8 g8h7 f4e5 f2e2 e5d4 e2e8,2254,82,88,1135,advantage capturingDefender discoveredAttack discoveredCheck endgame veryLong,https://lichess.org/8K6KIYlH#53,
A8vSU,6k1/5pp1/p3p2p/3p3P/P2P4/2Pr3P/3q1PQ1/6RK b - - 5 32,g8f8 g2g7 f8e7 g1b1 d3h3 h1g2 h3h2 g2h2,2123,86,81,48,crushing endgame quietMove veryLong,https://lichess.org/x0oife1M/black#64,
ojT6h,3rk3/pp2b1p1/6b1/4Q3/4P3/2N5/PP1q1PP1/1K1R4 b - - 4 29,d2f2 e5b5 e8f8 d1f1 f2f1 b5f1,2225,76,92,1363,advantage long middlegame pin,https://lichess.org/D90uC9va/black#58,
apQc2,r5k1/1p3p1p/4q1pb/2nRP3/r5PP/P4Q2/KB2NP2/7R w - - 3 26,e2d4 a4d4 b2d4 a8d8,2202,75,85,121,crushing middlegame pin sacrifice short,https://lichess.org/9eQecsus#51,
UxVQv,2k4r/p7/2p1pPp1/2Pp2P1/8/3rB3/5K2/1R6 b - - 1 33,h8h3 f6f7 h3h2 f2g1 h2h8 e3f4 d3d1 b1d1,2177,84,65,41,advancedPawn advantage defensiveMove endgame quietMove veryLong,https://lichess.org/h89pFPyv/black#66,
C16wf,8/6p1/8/5B1P/4p1P1/1p1p1k2/3K1P2/8 w - - 0 44,f5e4 f3e4 d2c3 b3b2 c3b2 e4f3 b2c3 f3e2 g4g5 d3d2,2242,84,91,289,advancedPawn crushing endgame hangingPiece veryLong,https://lichess.org/z2fmpZMD#87,
PROqe,8/8/6p1/K5k1/8/1Pp5/2P5/8 b - - 1 55,g5f6 a5b4 f6e5 b4c3,2167,101,50,32,crushing endgame pawnEndgame short,https://lichess.org/YUidjBCs/black#110,
M9kdI,5rk1/1p6/p1p1p2p/P3pPp1/5n2/1QP1bNqP/1PR3P1/4RK2 b - - 2 25,f4g2 b3e6 f8f7 f3e5 g3f4 f1g2,2185,95,90,1616,crushing kingsideAttack long master middlegame,https://lichess.org/ZeDrjIAE/black#50,
ITt8O,5r2/nkp5/1p6/p2PP3/P6p/1Q3N1R/3Bq2P/7K w - - 2 39,b3e3 e2f1 f3g1 f8g8 e3g5 g8g5,2296,82,89,351,advantage fork long middlegame,https://lichess.org/vkUtxMXn#77,
rhEoX,8/5p1k/pb2rq1p/5bp1/8/1Q1P1B2/P4PPP/2R2RK1 w - - 0 27,f1e1 b6f2 g1f2 f6d4 f2f1 f5d3 b3d3 d4d3,2196,90,87,437,advantage attraction middlegame sacrifice veryLong,https://lichess.org/fVIOieTP#53,
2Cksp,5bk1/2R2pp1/pN1p4/2pPr2p/2P4P/5P2/3K2P1/8 b - - 1 34,g7g6 c7c8 e5e7 c8d8 e7b7 b6d7 g8g7 d7f8,2210,83,66,70,advantage endgame veryLong,https://lichess.org/FZYZPRNH/black#68,
HQd7l,r5nr/pppk2bp/3p2n1/3Pq1NQ/2P1Bp2/P6P/1P3PP1/R1B1K2R w KQ - 0 17,e1g1 g8f6 h5d1 e5g5,2141,86,72,33,advantage middlegame short,https://lichess.org/EscFMR89#33,Old_Indian_Defense Old_Indian_Defense_Other_variations
iFNUz,3q1rk1/p1pb1pbp/Q1n2p2/3N4/3P4/4PN2/Pr3PPP/R3KB1R w KQ - 1 13,f1b5 c6b8 a6a3 b2b5,2122,82,91,4534,advantage middlegame short,https://lichess.org/JFecnPe2#25,Queens_Gambit_Declined Queens_Gambit_Declined_Baltic_Defense
oW06s,7r/2p2pk1/pp3R2/6p1/3p2N1/1P6/P2P2Q1/3q2K1 w - - 4 42,g1f2 d1d2 f2g1 d2g2 g1g2 h8h4,2176,79,93,5114,crushing endgame exposedKing long,https://lichess.org/69bcrLok#83,
4E5eo,r5k1/pp4p1/2p2r1p/3p1p2/2P2Qn1/3P1N1q/PP2BP2/4RRK1 w - - 1 20,c4d5 f6g6 f4g3 g4e5 f3e5 g6g3,2168,76,92,980,advantage discoveredAttack long middlegame pin quietMove,https://lichess.org/uzTYHKxp#39,
0RMlH,8/8/8/8/kp2RP2/5r2/1K6/8 w - - 2 51,b2c2 a4a3 c2d2 b4b3 e4e6 f3f4 d2c3 f4f3,2132,141,82,13,crushing endgame rookEndgame veryLong,https://lichess.org/h398En5A#101,
yy5i5,4k3/5b2/p1pr4/1p2Q3/Pq2P3/6p1/1PP5/2KR4 b - - 0 43,d6e6 e5b8 e8e7 b8d8,2291,80,85,661,endgame master mate mateIn2 short,https://lichess.org/ZXCAabLC/black#86,
4opEo,r5k1/pbp4p/4p3/1p4p1/3P4/1P3rPq/P3QPNP/R4RK1 w - - 4 22,a1c1 h3g2 g1g2 f3e3 g2h3 e3e2,2120,77,92,1047,advantage discoveredAttack discoveredCheck kingsideAttack long middlegame sacrifice,https://lichess.org/yA5KxHrS#43,
dETH3,8/4Q3/4q3/4k3/5p2/5P2/4p3/2K5 w - - 16 58,e7e6 e5e6 c1d2 e6d5 d2e2 d5c4 e2d2 c4d4,2240,75,94,428,crushing defensiveMove endgame veryLong zugzwang,https://lichess.org/Lci96Py4#115,
GrKyz,8/6rk/7b/2p5/8/5q2/6RQ/6RK w - - 0 49,h2h4 g7g5 h4g5 h6g5,2205,75,93,1282,collinearMove crushing endgame pin short,https://lichess.org/vs6EBHJP#97,
WjFtm,3r1rk1/pR2nppp/5q2/2Bbp3/2P5/7P/P1P2PP1/3Q1RK1 w - - 0 17,c5e7 d5b7 e7f6 d8d1 f1d1 g7f6,2104,76,95,1662,advantage discoveredAttack hangingPiece long middlegame,https://lichess.org/4p8c9mly#33,Three_Knights_Opening Three_Knights_Opening_Other_variations
gDUaQ,2k1r3/R6p/7P/1p1P1p2/1P1K1Pp1/4p1P1/P7/8 w - - 2 58,d4d3 c8b8 a7a5 e3e2,2126,78,88,1596,advancedPawn crushing endgame master rookEndgame short,https://lichess.org/nX0TM1gS#115,
2MKBr,2krr3/ppp2p2/8/3N4/1bPq1P1R/5Q2/PP3PP1/2K4R w - - 1 22,f4f5 d4d2 c1b1 e8e2 f3e2 d2e2,2295,77,90,998,advantage long middlegame,https://lichess.org/AUt78VyN#43,
eesS2,1k4r1/p1p2p2/B1pb2rp/5q2/3QN3/5b2/PPP2PPP/R5RK w - - 9 21,e4d6 g6g2 d4b4 f5b5 b4b5 c6b5,2119,82,90,409,advantage long middlegame,https://lichess.org/hLtXVeqv#41,
Zppxt,2rqrbk1/pp1n1ppp/2p1bp2/5N2/2PPQ3/8/PP2BPPP/R1B2RK1 b - - 8 13,e6c4 f5h6 g7h6 e4g4 g8h8 e2c4,2149,85,91,890,advantage long opening sacrifice,https://lichess.org/xy5cKEcn/black#26,Caro-Kann_Defense Caro-Kann_Defense_Accelerated_Panov_Attack
V5n7F,7r/4R1pp/1kp1Qn2/p1p5/P2p4/3q2P1/1P2R1KP/8 b - - 1 30,f6d5 e6c6 b6c6 e2e6,2196,88,90,1384,attraction endgame mate mateIn2 sacrifice short,https://lichess.org/8Mh1DY3T/black#60,
dtixh,1q6/3Q3p/2p3p1/p2p2Pk/3P1P1n/2P4P/2N5/1r2R1K1 b - - 0 28,b8f4 d7g4 f4g4 h3g4,2116,77,89,880,advantage endgame master short,https://lichess.org/fKh9HXyi/black#56,
oxAeO,6k1/1q3p1p/1P2p1p1/1Q1pP3/3P1PP1/1N6/1r6/2K5 b - - 4 40,b2f2 b3c5 b7a8 b5a6 a8a6 c5a6 f2a2 b6b7 a2a6 b7b8q,2264,76,93,5314,advancedPawn crushing endgame promotion veryLong,https://lichess.org/cCOMfgsI/black#80,
xqMvF,1r1r2k1/2p2pp1/p4q1p/1n1p4/6P1/2PQ1PBP/P1B3K1/5R2 b - - 10 34,f6c3 d3h7 g8f8 f1e1 c3c2 h7c2,2254,78,93,803,advantage long middlegame quietMove,https://lichess.org/7wVo8fL5/black#68,
aHJWt,8/pPkB4/2P5/1P2r2p/2PK1pp1/8/6P1/8 b - - 1 45,e5g5 c4c5 g5g8 d7c8,2157,76,91,1230,crushing endgame quietMove short,https://lichess.org/DGecmkMW/black#90,
ASPr2,8/8/2p2n2/5NKp/7P/3k4/8/8 b - - 10 47,c6c5 g5f6 c5c4 f6e5 c4c3 f5d4,2217,97,90,1131,crushing defensiveMove endgame hangingPiece knightEndgame long,https://lichess.org/B8c83QrB/black#94,
YGixj,2r5/p4ppk/2P1p1b1/q3r2p/3N1Q1P/P5P1/3R1K2/2R5 b - - 1 30,e5c5 d4b3 a5a3 c1c5,2140,88,82,34,advantage fork middlegame short,https://lichess.org/BEmquIsu/black#60,
GVrJH,2Q5/pp1P1ppk/6p1/8/1q4P1/4r2P/P7/3R2K1 b - - 0 30,e3g3 g1h2 g3e3 c8h8 h7h8 d7d8q h8h7 d8h4 h7g8 d1d8 b4f8 d8f8,2266,86,91,2481,advancedPawn advantage attraction defensiveMove endgame master promotion veryLong,https://lichess.org/rDAg4nG2/black#60,
0t5z1,r4r1k/1pp3p1/1p5p/3QP3/4p2q/1PP4P/1P3PP1/R3R1K1 w - - 0 19,d5e4 h4e4 e1e4 a8a1,2290,77,86,386,crushing endgame short,https://lichess.org/qf2vjG1U#37,
46Suu,2k5/p6p/8/4R3/5K1P/r3p1P1/8/8 w - - 0 38,e5e3 a3e3 f4e3 c8d7,2207,84,83,49,crushing defensiveMove endgame rookEndgame short,https://lichess.org/UEE5tE4u#75,
ZA6DW,r2q1rk1/ppp2pp1/7B/n2n2b1/3P4/3B1Q1P/PP1N1PP1/R3K2R w KQ - 1 15,f3f5 f8e8 e1f1 g5h6,2284,79,81,64,crushing middlegame short,https://lichess.org/AX4lXd0t#29,Italian_Game Italian_Game_Two_Knights_Defense
S5ByD,R7/6pp/1r2ppk1/8/4P3/6QP/1p3PPK/3q4 b - - 3 39,g6f7 a8a7 f7e8 g3g7 d1g1 h2g1,2236,108,78,25,crushing deflection endgame long,https://lichess.org/SGkXVkwd/black#78,
VddEL,r4r2/pp4kp/n1p2np1/2b1N3/4P3/3P4/PPP3PP/RNB2R1K w - - 5 15,c1g5 f6e4 g5f4 e4f2 f1f2 c5f2,2293,84,91,2128,crushing kingsideAttack long middlegame,https://lichess.org/Ol63jSsu#29,Kings_Gambit Kings_Gambit_Other_variations
OpHt6,1k1r4/1pp5/pb1nr2p/3P2p1/4Bp2/2K2P2/PP3B1P/3RR3 b - - 0 29,b6a5 b2b4 a5b6 d5e6,2117,75,86,102,advantage defensiveMove middlegame short,https://lichess.org/AgoB5fk9/black#58,
xnRiT,8/8/R7/5Pk1/1pK3P1/8/pr6/8 w - - 3 59,f5f6 g5g6 g4g5 b4b3 f6f7 g6f7,2286,75,93,1039,crushing endgame long rookEndgame,https://lichess.org/AsQSyqJX#117,
dNTW2,8/5Pb1/pp6/2p5/B1P4K/1P6/k7/8 b - - 0 50,b6b5 a4b5 a6b5 c4b5,2140,75,95,5159,bishopEndgame crushing endgame short,https://lichess.org/S4H4fri3/black#100,
TJ9jG,r3r1k1/p4pp1/5b2/1p6/3qP1Q1/P2p4/BPP2P1P/2KR2R1 w - - 2 21,c2c3 a8c8 a2f7 g8f7,2293,83,90,2097,crushing master masterVsMaster middlegame pin short,https://lichess.org/OGfCAoay#41,
YmEpC,4Rrk1/2p3p1/p5Qp/1p6/5rN1/1P5P/1PPq2K1/R7 w - - 1 27,g2g3 f4f3 g3h4 d2g5 g6g5 h6g5 h4g5 f8e8,2130,92,89,2205,advantage middlegame veryLong,https://lichess.org/g7IvIzwK#53,
sEZmP,8/8/2p1pk2/1pP1p1pp/1P2P3/4KPP1/7P/8 b - - 0 32,h5h4 g3h4 g5h4 f3f4,2101,80,90,1218,crushing endgame master pawnEndgame short,https://lichess.org/7iNAFAes/black#64,
KaTf6,4k2r/rpq1bppp/pNn1p1b1/B2pP3/Q2P2P1/5N1P/PP3P2/2R2RK1 w k - 8 20,b6d5 c7a5 a4a5 c6a5 d5e7 e8e7 c1c7 e7d8 f1c1 a7a8,2103,133,76,9,advantage defensiveMove middlegame veryLong,https://lichess.org/Cd96Q6M0#39,
jz1er,4rq2/ppp3pk/2nr1P1p/2b1p1PQ/4P3/1BP5/PP3P2/R3K2R b KQ - 2 23,g7f6 g5g6 h7h8 g6g7 f8g7 h5e8,2128,77,84,47,advancedPawn crushing deflection discoveredAttack long middlegame,https://lichess.org/jsJ11qMR/black#46,
pOmGF,8/8/p2kpK2/7p/1P2P2P/8/8/8 w - - 7 61,e4e5 d6d5 f6g6 d5e5 g6g5 e5e4,2151,81,91,180,crushing defensiveMove endgame long pawnEndgame zugzwang,https://lichess.org/3GRVROUI#121,
e5PiN,r3k1r1/1bq1b1Pp/p4R2/3p2p1/2B5/7Q/PP4PP/3R2K1 b q - 0 23,e7f6 h3e6 c7e7 e6g8 e8d7 g8a8 b7a8 g7g8q e7c5 g1h1,2104,104,80,15,advancedPawn advantage clearance defensiveMove exposedKing fork middlegame pin promotion veryLong,https://lichess.org/eqZoloHg/black#46,
dz6c4,2Q5/6pk/p6p/3B4/2p5/2n2PKP/P3q2P/8 w - - 5 36,c8c4 e2e5 f3f4 e5e1 g3g2 e1d2,2268,86,78,33,advantage endgame long,https://lichess.org/0hHiyXNO#71,
Jk7Ne,2r1k3/1R3p2/p3pp2/8/4PP2/2N1b1r1/1PP5/1K1R4 b - - 3 31,e3f4 c3e2 c8b8 b7b8 f4b8 e2g3,2226,79,89,945,advantage endgame fork long master,https://lichess.org/51bX2gZe/black#62,
zpwlK,1k5r/p7/1pRq4/3B2r1/1N2p3/P4pP1/4QR1P/6K1 w - - 0 36,e2e4 d6g3 h2g3 g5g3 f2g2 g3g2 g1f1 h8h1,2244,81,40,63,mate mateIn4 middlegame sacrifice veryLong,https://lichess.org/ke4kfGku#71,
RDFXP,1kr5/p7/1p1Qp3/4P1pp/2P3q1/1P6/PK3R2/8 b - - 1 43,b8a8 d6d7 c8c7 d7c7,2206,76,94,474,crushing endgame short,https://lichess.org/teLPc64P/black#86,
Ix9ct,5rk1/5pp1/3Q3b/3Pp2p/4q3/5N1P/Pr3PP1/R4RK1 w - - 0 29,f3e5 h6f4 a1e1 b2e2 e1e2 e4e2,2190,79,75,325,advantage long middlegame,https://lichess.org/PVokGhrh#57,
hkaiK,8/8/p1p1kp2/1pP5/1P1KPp1p/P4P1P/8/8 b - - 6 38,f6f5 d4d3 e6e5 e4f5 e5f5 d3d4 f5f6 d4e4 f6e6 e4f4,2254,76,84,184,crushing endgame pawnEndgame veryLong zugzwang,https://lichess.org/UjLAALMO/black#76,
lSXdG,r5k1/pp5p/1qpNbQp1/2n2p2/2P5/1P2r1P1/P3P1BP/R4R1K w - - 4 20,f1f5 c5d7 f6g5 e6f5,2249,83,81,55,advantage middlegame short,https://lichess.org/b4ToQISz#39,
Tzd1r,rnb4r/ppp1n1b1/7p/3P3k/2BP1Rp1/2N5/PPP2KP1/R1B5 b - - 1 16,b8a6 d5d6 g7d4 f4d4,2235,79,81,68,advantage middlegame short,https://lichess.org/VCLP3AJV/black#32,Kings_Gambit_Accepted Kings_Gambit_Accepted_Modern_Defense
Fbxjw,5r1k/p6p/1p3Pp1/2q1P3/4Q3/1Pp4P/P1B3P1/5K2 b - - 0 33,f8e8 e5e6 c5d6 f6f7,2222,95,91,2014,advancedPawn crushing endgame short,https://lichess.org/1IPmPOpx/black#66,
UOIdl,2bq1rn1/rpp5/p2p2k1/3PpP2/5n1Q/2P5/PPBN2PP/R4RK1 b - - 0 21,c8f5 c2f5 f8f5 h4d8,2112,80,80,247,crushing master middlegame short,https://lichess.org/DgFQQwsG/black#42,
fD1gb,6r1/p2R2pk/5pp1/8/1P6/P4PPK/3Q3P/1q6 w - - 3 45,d2f4 b1f1 h3g4 f1b5,2290,76,93,5604,crushing endgame master short,https://lichess.org/q7FTQdWI#89,
LpRZs,2rr2k1/2N2ppp/4b3/p2pP3/Pb2n3/1P2B3/2P3PP/2KR1B1R w - - 3 21,c7e6 b4a3 c1b1 e4c3 b1a1 c3d1 e6d8 d1e3,2191,77,86,283,crushing fork middlegame veryLong,https://lichess.org/3lhGDsTJ#41,
yAkj9,8/8/2p5/7p/3kP1p1/5P1P/4K3/8 w - - 0 46,h3g4 h5h4 g4g5 d4e5 f3f4 e5e6,2187,81,90,543,crushing defensiveMove endgame long master pawnEndgame quietMove,https://lichess.org/wVtm23cf#91,
4Ark9,2k2r2/2b2p2/2K1pN1R/1PP1P1p1/6P1/4nN2/3p4/8 w - - 0 45,f3d2 e3c2 b5b6 c2d4,2106,79,86,487,endgame mate mateIn2 quietMove short,https://lichess.org/fqw5BEv3#89,
xbKs5,r1b3k1/1ppq2pp/1bnp4/p7/P1PP1pP1/2N2N1r/1PB2PK1/R2QR3 w - - 0 18,g2h3 d7g4 h3h2 g4h5,2290,89,89,1013,crushing middlegame short,https://lichess.org/B0mSIiDE#35,English_Opening English_Opening_Kings_English_Variation
HJTSN,6k1/5pb1/p4np1/1pq4p/2N5/P2Q1P2/6PP/2R4K w - - 0 34,d3d8 g8h7 d8d6 c5c8,2294,92,90,679,advantage defensiveMove endgame short,https://lichess.org/JvJ0hMWx#67,
FHm2Q,5k1r/2p5/pb1p3p/1p6/8/5qP1/PPQ2P2/R3R1K1 w - - 0 29,e1e2 f3g3 g1f1 g3h3 f1e1 b6a5,2207,77,93,3849,crushing endgame long pin,https://lichess.org/WBZuOgh3#57,
7ZfFs,4r1k1/p1r2pp1/Bpb1pq2/3n4/3P3p/P3PP2/3BQ1PP/2RR2K1 w - - 0 22,d2e1 c6a4 c1c7 a4d1 e2d1 d5c7,2258,75,92,2981,advantage intermezzo long middlegame,https://lichess.org/8zjeHwQT#43,
Yn8xj,2R2r2/p3kpQ1/P3p1Bp/1p1nP3/3q4/5PP1/5P2/6K1 b - - 4 30,f8c8 g7f7 e7d8 f7f8 d8c7 f8d6,2144,77,95,4910,endgame long mate mateIn3,https://lichess.org/PjWQfSKb/black#60,
Wq0Cs,8/5p2/1p6/1P6/2kP4/4K1P1/8/8 w - - 5 42,g3g4 c4b5 e3e4 b5c6 e4e5 b6b5 d4d5 c6d7,2216,80,90,983,crushing defensiveMove endgame pawnEndgame quietMove veryLong,https://lichess.org/rAmnFR69#83,
uhYBo,2r5/1kr5/pp4R1/1b1p4/3P1Q1P/P3P3/1P3P2/4K3 w - - 1 32,f2f3 c7c1 e1f2 c8c2 f2g3 c1g1 g3h3 b5f1,2130,82,90,744,advantage endgame exposedKing veryLong,https://lichess.org/CTK5umCd#63,
khRop,r5k1/3n1pbp/1q2p3/3pPpNQ/3P1P2/1P5P/r2N2PK/2R5 b - - 5 29,b6d4 h5f7 g8h8 g5e6 d4f4 e6f4,2158,83,91,283,advantage fork long middlegame,https://lichess.org/s7DXdThK/black#58,
hlobz,1r2r1k1/1pp3pp/p2bp3/N3n3/1P3q2/PQ4PP/1B3P2/2R1R1K1 b - - 0 27,f4f5 b2e5 d6e5 c1c5,2124,77,94,3972,crushing middlegame short,https://lichess.org/6aDB7HCr/black#54,
0UcJT,rn1q1rk1/pb3ppp/1p2pb2/8/3NP3/1PB3P1/P4PBP/R2Q1RK1 b - - 0 13,b8c6 e4e5 c6d4 g2b7 f6e5 b7a8,2125,79,94,5841,advantage discoveredAttack long master middlegame,https://lichess.org/FZ5SwdyQ/black#26,English_Opening English_Opening_Neo-Catalan
ROSCx,8/5p2/6p1/4k2p/7P/6P1/5PK1/8 w - - 0 50,g2f3 e5f5 f3g2 f5e4,2104,75,97,910,crushing defensiveMove endgame pawnEndgame short zugzwang,https://lichess.org/rDLLpo02#99,
sa0wl,7r/4qpk1/p3pbp1/1p2p2r/4P2P/3RPQP1/PP6/3B1RK1 b - - 0 31,g6g5 d3d7 e7d7 f3f6 g7f8 d1h5,2122,145,67,17,crushing deflection discoveredAttack long middlegame sacrifice,https://lichess.org/AIY4pD3Z/black#62,
9ilib,8/8/p7/1p3k2/8/P7/6PP/6K1 w - - 0 39,h2h4 a6a5 g1f2 b5b4 a3b4 a5a4 b4b5 f5e6,2270,85,75,38,crushing defensiveMove endgame pawnEndgame quietMove veryLong,https://lichess.org/a4gTnQ3l#77,
WYuc7,8/6p1/7p/p7/2K2P2/k5PP/8/8 w - - 2 55,g3g4 a3b2 c4b5 b2c3,2186,77,80,81,crushing defensiveMove endgame master pawnEndgame short,https://lichess.org/e6RM9eQC#109,
arJGt,6rk/pp1q1p1p/5p2/2pp2r1/5b1N/1P1P1QP1/P1P4P/4RRK1 b - - 3 22,f4g3 f3f6 g8g7 h2g3 g5g3 g1f2,2144,81,90,1974,crushing intermezzo long middlegame,https://lichess.org/K1jwi5MZ/black#44,
ZsJs9,r1b2rk1/ppp2q1p/3p2nP/2nPp2Q/2P2B2/2N3R1/PPB2PP1/2KR4 b - - 0 19,e5f4 c2g6 h7g6 g3g6 g8h8 h6h7,2228,80,78,94,advancedPawn advantage kingsideAttack long middlegame,https://lichess.org/w0s1krQI/black#38,Modern_Defense Modern_Defense_Other_variations
M2Xzi,r3kb1r/pppnppp1/1q3nb1/1N5p/P1BP2PP/4N3/1PP2P2/R1BQK2R b KQkq - 0 14,h5g4 a4a5 b6c6 d4d5 f6d5 d1d5,2184,85,90,514,advantage long opening,https://lichess.org/LDpIXUjB/black#28,Scandinavian_Defense Scandinavian_Defense_Lasker_Variation
QL2EK,8/2P1n1p1/3R1pk1/7r/3Pp3/4P1K1/5P2/8 b - - 0 48,h5h8 d6d8 h8h1 d8e8 e7f5 g3g2,2256,109,84,23,crushing defensiveMove endgame long,https://lichess.org/2i7IgPcG/black#96,
et6hB,5r1k/7p/6p1/R7/6q1/1P5r/P4PP1/1R3QK1 w - - 0 27,f2f3 g4d4 f1f2 h3h1 g1h1 d4f2,2245,76,95,676,crushing deflection endgame long,https://lichess.org/E8FtB87V#53,
h6V34,3rr1k1/p5bp/q1p3p1/5p2/4N3/B1PnQ3/PP3PPP/3R1RK1 w - - 0 25,d1d3 a6d3 e3d3 d8d3,2195,78,85,270,advantage master middlegame short,https://lichess.org/7h9Mxd3Y#49,
zG5PV,7k/1p3Q2/2p4p/1PP5/3qp3/8/6PP/5K2 w - - 4 48,f7f2 d4d1 f2e1 d1e1 f1e1 c6b5 c5c6 b7c6,2178,79,73,105,crushing endgame queenEndgame veryLong,https://lichess.org/CExmnqO1#95,
XIXHZ,8/8/p1b5/P1P2kp1/3B1P1p/3PK1P1/8/8 w - - 0 39,f4g5 h4h3 g3g4 f5e6 g5g6 h3h2 g6g7 e6f7,2273,77,90,180,advancedPawn bishopEndgame crushing defensiveMove endgame veryLong,https://lichess.org/RTuwoUbJ#77,
x5UFX,3k2nr/1b1r1p1p/5b2/p2p2N1/5BQ1/3q4/PP3PPP/R1R3K1 b - - 5 20,f6b2 g4d7 d8d7 c1c7 d7e8 a1e1,2276,95,90,2163,attraction crushing exposedKing fork long middlegame sacrifice,https://lichess.org/d2Ycbx3g/black#40,
T4SQB,6k1/4q1p1/p1p1p1R1/4p2N/4P3/3KP3/1r6/6Q1 b - - 3 36,b2b3 d3c2 b3b7 g6g7 e7g7 h5g7,2162,78,91,1258,crushing defensiveMove endgame fork long,https://lichess.org/35SYDSua/black#72,
d2QCE,r3k2r/p3pp1p/bq1p2p1/3Pn3/3NP3/1BQ5/P1P3PP/1R2K2R b Kkq - 0 17,a8c8 b3a4 e8f8 b1b6 c8c3 b6a6,2165,75,95,3911,crushing discoveredAttack long middlegame,https://lichess.org/CLNSC6fZ/black#34,Pirc_Defense Pirc_Defense_Other_variations
UKvg8,2krr3/1pp1b1p1/p1n3qp/4p3/4N3/1Q1PB2P/PPP1RPP1/5RK1 w - - 0 18,e3c5 e7c5 e4c5 b7b6 b3c4 b6c5,2174,79,91,3331,advantage long middlegame,https://lichess.org/9h0rZAAS#35,Four_Knights_Game Four_Knights_Game_Italian_Variation
U8sIT,r5k1/3nppb1/p2p2p1/P1qP1P1p/1r2P3/2N1n2P/1P1NQ1P1/R1B2R1K w - - 3 21,d2b3 e3f1 b3c5 f1g3 h1h2 g3e2,2121,80,87,53,crushing fork long middlegame sacrifice,https://lichess.org/5IxW8haC#41,
R4xnO,3B1q2/7k/8/1p1Pp2p/2p2npP/8/1PP3B1/R2R1K2 w - - 1 38,a1a7 h7g8 d8e7 f8f5,2233,77,85,170,crushing defensiveMove endgame short,https://lichess.org/UED7G1IA#75,
fXoXA,5k2/5p2/1pBn1p1K/2p1pP2/2P3P1/3P4/2P5/8 b - - 9 38,f8e7 h6g7 e5e4 c6e4 d6e8 g7g8,2131,77,92,1784,crushing endgame long,https://lichess.org/qdtSBWd7/black#76,
ONFQ4,8/1p6/1p4p1/3k1p1p/PPp2P1P/2P1K1P1/8/8 b - - 1 35,d5c6 e3d4 b6b5 a4b5 c6b5 d4d5,2142,75,94,4139,crushing endgame long pawnEndgame,https://lichess.org/sMrhT8GN/black#70,
1RYhR,2r2q1k/pp4Rp/5r2/3p4/1b1N2Q1/1P1nPN2/P3K3/R7 w - - 1 30,e2d3 c8c3 d3e2 f8g7,2126,79,90,197,advantage middlegame short,https://lichess.org/3d7QtBO5#59,
hW8K4,5rr1/2pk4/2b1p3/1p2P3/p2Pq3/K1Q1P3/PPR3P1/7R b - - 0 34,f8b8 c3c6 e4c6 h1h7 d7c8 c2c6,2158,81,88,316,advantage long middlegame sacrifice,https://lichess.org/chIOB0zk/black#68,
xjume,8/8/p3Kp2/5Pp1/k5P1/8/8/8 b - - 1 43,a4b5 e6f6 a6a5 f6e5 a5a4 e5d4 a4a3 d4c3 a3a2 c3b2 a2a1q b2a1,2184,80,82,51,crushing endgame pawnEndgame veryLong,https://lichess.org/XNGTnukV/black#86,
GHY3e,1r2r3/1p4kp/pN3pp1/P2P4/3QbP1q/8/1P4PP/R4R1K w - - 0 27,a1e1 e4g2 h1g2 e8e1 f1e1 h4e1 b6d7 b8c8 d4f6 g7g8,2169,155,85,20,crushing discoveredAttack kingsideAttack master middlegame quietMove veryLong,https://lichess.org/JD5W8TWn#53,
tzJ2Z,1r2r1k1/2q2pb1/p1b1pBp1/3pP3/2pN4/2P1Q1P1/PP1R1PK1/8 b - - 0 31,b8b7 d2d1 e8c8 d1h1,2288,75,93,193,advantage defensiveMove middlegame quietMove short,https://lichess.org/exGeMrBn/black#62,
6uWkQ,3r1r1k/1p4bp/pqnB2p1/3Q4/P7/1BP4P/6P1/R4R1K b - - 8 27,c6e7 f1f8 g7f8 d6e5 f8g7 e5g7 h8g7 d5f7,2122,76,88,48,attraction crushing kingsideAttack middlegame veryLong,https://lichess.org/XqB6cI7A/black#54,
PWujH,r1b4r/ppQpk1pp/2nNpp2/6B1/q7/8/PPP2nPP/2KR1B1R w - - 0 15,d6c8 h8c8 d1d7 e7e8,2201,79,83,241,crushing middlegame short,https://lichess.org/0cDgvrxc#29,Sicilian_Defense Sicilian_Defense_Taimanov_Variation
nXxoG,8/8/3k4/4R2P/5KP1/8/8/5r2 w - - 1 54,f4e4 f1e1 e4f5 e1e5 f5f6 e5e6 f6g7 e6e7,2289,83,84,37,crushing endgame rookEndgame veryLong,https://lichess.org/l4z6l35X#107,
0xDQe,2r5/8/7P/1k4P1/p7/8/P1p2P2/4RK2 b - - 1 49,c2c1q e1c1 c8c1 f1g2 c1c5 f2f4,2124,76,80,143,crushing defensiveMove endgame long,https://lichess.org/6cBhgGEz/black#98,
O3ZUE,rr4k1/p2b1pP1/4p3/q2pP2P/2nP4/2pB1N2/PP2Q3/1K1R3R w - - 1 24,b2b3 c3c2 e2c2 c4a3 b1b2 a3c2,2149,135,87,13,advancedPawn advantage attraction fork long middlegame pin,https://lichess.org/QQcxmydg#47,
HL1fI,2k5/7R/2PK4/8/8/2r4p/8/8 b - - 1 45,c8b8 h7h8 b8a7 c6c7 h3h2 h8h2,2231,85,87,207,advancedPawn crushing endgame long rookEndgame,https://lichess.org/uK8gkaxs/black#90,
nZ2W5,8/6p1/7P/6P1/2kp4/4p3/4K3/8 b - - 1 43,g7h6 g5h6 c4b3 h6h7,2151,91,89,417,advancedPawn crushing endgame pawnEndgame short,https://lichess.org/K5kHpUgM/black#86,
2e2UN,rn1q1rk1/pb3ppp/1p1bpn2/2Pp2N1/8/1P1BP3/PBP2PPP/RN1Q1RK1 b - - 0 9,d6c5 b2f6 d8f6 d3h7 g8h8 d1h5 f6g5 h5g5,2114,87,90,4827,crushing kingsideAttack opening veryLong,https://lichess.org/uxeDNwzk/black#18,Indian_Defense Indian_Defense_Other_variations
5pu5p,8/6p1/p3pk1p/2p5/1pP2P2/1P2K1P1/P6P/8 b - - 1 34,e6e5 e3e4 e5f4 g3f4 f6e6 f4f5,2185,76,87,646,crushing endgame long pawnEndgame,https://lichess.org/6W7var8O/black#68,
nKFo1,8/8/1p1K1k1p/2p2Pp1/P1P5/7P/2P5/8 w - - 1 46,d6c6 h6h5 c6b6 g5g4 h3g4 h5h4,2127,78,90,1428,crushing defensiveMove endgame long pawnEndgame quietMove sacrifice,https://lichess.org/MIuXiLDW#91,
Y3SkX,r4kr1/p1q5/4QB2/1ppPb2p/7P/8/PPP2P2/2K3R1 b - - 0 28,c7f7 f6e7 f8e8 g1g8 f7g8 e6g8,2171,77,84,253,crushing deflection exposedKing long middlegame xRayAttack,https://lichess.org/4hzP0eK3/black#56,
ECqf6,1k1r4/pppqpprp/2n5/3P4/Q1P5/P3PN1b/4BPP1/R2R2K1 w - - 0 20,g2g3 c6d4 a4d7 d4e2 g1h2 h3d7,2264,89,90,781,crushing long middlegame sacrifice,https://lichess.org/XApNv1w8#39,
9FcRB,7R/5k2/p1b5/1pp1P3/5p2/3p1P2/P1n1NK2/8 w - - 0 47,e5e6 f7g7 e2f4 g7h8,2131,81,91,3489,crushing defensiveMove endgame master short,https://lichess.org/51jDIbYd#93,
uL08S,4rk2/R3b1pp/5n2/1pp2B2/1q6/5N2/1P1B1PPP/4R1K1 b - - 5 26,b4b2 e1b1 b2b1 f5b1,2218,76,93,11142,advantage middlegame short trappedPiece,https://lichess.org/TcmGk7Zk/black#52,
AGHFm,1Q1k1r2/p6p/4b1p1/2ppPr2/5Pq1/6P1/7P/1R4K1 b - - 3 32,d8e7 b1b7 e6d7 b8d6 e7f7 d6d7 f7g8 d7h7,2228,80,82,558,deflection endgame exposedKing mate mateIn4 veryLong,https://lichess.org/u8GAV3Vc/black#64,
9AmVd,8/1N6/p5k1/4p3/2P3Pp/1P1n4/6PK/8 w - - 0 35,h2h3 e5e4 b7d6 e4e3 d6f5 d3f2 h3h4 e3e2,2289,102,86,37,advancedPawn crushing endgame knightEndgame quietMove veryLong,https://lichess.org/QiumUNQO#69,
LrXGH,5r2/r5p1/B1p5/R2nk2p/1P1pb3/6KP/3B2P1/4R3 b - - 3 33,f8e8 a6d3 a7a5 e1e4 e5d6 b4a5,2294,86,88,108,advantage long middlegame pin sacrifice,https://lichess.org/JG6FJPIZ/black#66,
prRS8,8/5p1k/5Prp/P1pP2p1/2P3P1/2qp3Q/7P/5RK1 w - - 1 41,f1d1 c3d4 g1h1 d3d2 h3g2 g6f6 g2d2 f6f1 d1f1 d4d2,2254,85,90,610,advancedPawn crushing deflection endgame master veryLong,https://lichess.org/Sd4KYcC8#81,
NtsQY,8/8/2B2kpp/5p2/1p1p1K1P/1P6/P7/8 w - - 0 43,c6f3 g6g5 f4g3 f6e5 f3e2 e5e4,2299,78,85,154,bishopEndgame crushing defensiveMove endgame long,https://lichess.org/fU3114cI#85,
cD3St,r7/1pr1Q1Bk/2q4p/p6B/8/7P/PP3PP1/4R1K1 w - - 1 32,h5g6 h7g6 e1e6 g6h7 e6h6 c6h6 e7c7 h6g7,2216,86,90,220,advantage hangingPiece middlegame veryLong,https://lichess.org/E3ZRRZeg#63,
GDdGo,3r3k/p1p2pp1/1pB1p3/4P3/2Pr3q/P4P2/4QP1P/2B1K2R w K - 2 22,e1g1 d4c4 f3f4 c4c6,2100,226,0,5,crushing middlegame short,https://lichess.org/iN8DSV61#43,
nzleq,8/8/2k3p1/pp2K1p1/P5P1/1P5P/8/8 b - - 1 44,b5a4 b3a4 c6c5 e5f6 c5b4 f6g5 b4a4 h3h4 a4b3 h4h5 g6h5 g4h5 a5a4 h5h6 b3a2 h6h7 a2b1 h7h8q,2242,78,50,46,advancedPawn crushing endgame pawnEndgame promotion quietMove veryLong,https://lichess.org/xPjdZ27e/black#88,
XXPQR,r1bk1r2/2b3Rp/p1p1p3/2Np1p1B/4nP2/4B3/PPP4P/R6K b - - 1 23,a8b8 c5e4 f5e4 e3c5,2291,133,25,15,clearance crushing middlegame short,https://lichess.org/wGytkkGE/black#46,
7QbtW,8/p7/2p2pk1/4p3/p7/4KP1P/1PP5/8 b - - 1 37,g6h5 f3f4 e5f4 e3f4 h5h4 f4f5,2296,86,88,68,crushing endgame long pawnEndgame,https://lichess.org/LtNyA4r1/black#74,
VDRtE,r1b2bnr/p2p1k1p/2n1p1p1/qp6/4P3/2Q2N2/PPPP1PPP/RNB1K2R b KQ - 1 8,f8g7 f3g5 f7f8 g5e6 d7e6 c3c6 f8f7 c6a8,2253,94,89,2262,advantage deflection opening veryLong,https://lichess.org/z1Dgn8SV/black#16,Sicilian_Defense Sicilian_Defense_Bowdler_Attack
obVzk,8/1p6/4k2p/p4p1P/5K2/4P3/PP6/8 w - - 1 42,e3e4 f5e4 f4e4 e6f6 e4f4 b7b5 a2a3 a5a4,2293,92,88,214,crushing defensiveMove endgame master masterVsMaster pawnEndgame quietMove veryLong zugzwang,https://lichess.org/psp2loLv#83,
nlnj4,8/p4n2/1k5P/1P3KP1/5N2/8/5b2/8 b - - 0 51,b6b5 h6h7 f2d4 g5g6 f7d6 f5e6,2284,80,82,172,advancedPawn crushing defensiveMove endgame long,https://lichess.org/vb5SjnF3/black#102,
DFHBv,7r/3bkp2/p7/1p1pq1N1/2p2p1r/P4Q2/2PB1KB1/R7 b - - 1 31,e5a1 d2b4 e7f6 b4c3 a1c3 f3c3,2136,82,67,64,advantage fork long middlegame,https://lichess.org/ZFrdfvcZ/black#62,
yuo7F,r4rk1/2pq1pp1/1b1p3p/p3p3/1p2N3/3P1Q1P/bPPB2P1/2KR1R2 b - - 1 22,a2d5 e4f6 g7f6 f3g3 g8h7 f1f6,2256,103,86,549,advantage discoveredAttack kingsideAttack long middlegame sacrifice,https://lichess.org/DXud9vcu/black#44,
ec5YP,2r1brk1/1p2bp2/1q6/p2R3p/7P/P1N2N2/1P3PP1/1QK4R w - - 1 22,d5h5 c8c3 b2c3 e7a3 c1c2 e8a4 c2d3 b6g6,2223,86,90,707,crushing deflection middlegame queensideAttack veryLong,https://lichess.org/6h2GovT6#43,
IgqpR,2b3k1/2rp2p1/p3P2p/r7/1p6/1P4PB/P2R3P/3KR3 b - - 0 25,a5c5 e6d7 c8d7 h3d7,2106,133,45,10,advancedPawn advantage endgame short,https://lichess.org/RH8GDwfm/black#50,
bElUz,6k1/5pp1/p1N4p/2K5/3P4/4n1PP/6P1/8 b - - 7 36,e3g2 d4d5 g8f8 d5d6 f8e8 c6e5,2274,78,86,157,crushing endgame knightEndgame long quietMove,https://lichess.org/uHiFD3Rm/black#72,
tuvYS,4r1k1/p7/pq1P2pQ/2p1b1P1/5p2/1P2rP2/PBP5/1K1R2N1 b - - 0 29,e5b2 b1b2 e8e6 g1e2 e6d6 d1h1,2275,120,63,25,advantage clearance defensiveMove long middlegame,https://lichess.org/KNutMZFd/black#58,
FyILm,2kr3r/2p1np1p/R2p4/4p1p1/4P3/2P1BP1q/1P2QP2/6K1 b - - 0 21,g5g4 e2b5 c7c6 a6c6,2168,101,100,25,crushing middlegame queensideAttack short,https://lichess.org/utZGXwYJ/black#42,
4FgRv,1R6/6k1/3p3p/R6P/1p1b4/2p1n1K1/P5P1/8 w - - 1 45,g3f3 c3c2 b8c8 d4c3 c8c7 g7f6,2186,77,94,3073,advancedPawn advantage clearance defensiveMove endgame long quietMove,https://lichess.org/OwyCwCOY#89,
a2KVo,4r1k1/1p3qpp/8/1Q6/p3N3/P5P1/1P3PBP/2n4K b - - 1 28,c1b3 e4f6 g7f6 g2d5 e8e6 b5c4 b3c5 c4c5,2183,79,90,665,clearance crushing endgame pin sacrifice veryLong,https://lichess.org/6RDTn1vc/black#56,
on2I5,1k1rr3/ppp1np1p/3b1n2/1P1P2p1/Q7/P1N1BN1q/4BP2/R4RK1 w - - 0 18,e3a7 b8c8 a7c5 g5g4 c5d6 g4f3,2247,92,88,925,crushing long middlegame,https://lichess.org/LqgrbHdE#35,Danish_Gambit_Declined Danish_Gambit_Declined_Sorensen_Defense
yuCbr,4r1k1/5Rp1/p1p1Pp1p/1p2qP2/2n5/2P3PP/P5BK/3Q4 b - - 5 36,c4e3 f7g7 g8g7 d1d7 e8e7 d7e7,2161,92,73,28,attraction crushing endgame fork long sacrifice,https://lichess.org/SosET5T1/black#72,
T58t5,r6k/2q2prp/p4Q2/1pb2P2/1p1p4/1B1P1R2/PBP3PP/6K1 b - - 2 26,c7e7 f6e7 c5e7 f5f6,2263,75,95,1015,advantage master middlegame short,https://lichess.org/cw15jHMZ/black#52,
5KbkR,8/5R2/p7/r7/3p2KP/8/4kP2/8 w - - 1 54,f2f4 a5d5 f4f5 d4d3,2182,76,92,2957,crushing endgame quietMove rookEndgame short,https://lichess.org/HMvBRTfH#107,
crxTj,8/7p/6p1/R7/3k2P1/P3pr1P/8/4K3 w - - 1 40,a5a4 d4d3 a4a7 f3h3 a7d7 d3e4,2164,80,87,148,crushing defensiveMove endgame long rookEndgame,https://lichess.org/OphptCtq#79,
yHy6d,rn3r2/p5pp/3bR3/6Nk/1p6/8/PPn2PPP/1RB3K1 b - - 5 20,d6c5 g5e4 c5f2 e4f2,2165,78,81,65,advantage middlegame short,https://lichess.org/ZGlHMNrG/black#40,
czRdO,2r5/8/8/6p1/1R6/6NP/2p1K1P1/2k5 w - - 4 44,e2d3 c1d1 g3e2 c8d8 d3c3 d8d2,2197,79,77,47,crushing endgame exposedKing long,https://lichess.org/pRhmNFjx#87,
10II9,1r6/3nkp2/rq1Np1p1/pQpnP2p/PpP2P1P/8/1P2N1P1/R3K2R b KQ c3 0 23,b6a7 c4d5 b8b5 d6c8,2164,76,89,252,advantage master middlegame sacrifice short,https://lichess.org/VkVwSETV/black#46,
qtOow,6rk/ppp2qrp/8/5P2/7R/2P5/PP3Q2/2K4R b - - 2 29,f7a2 f2d4 a2a1 c1c2 a1h1 h4h1,2299,78,96,68,crushing endgame long,https://lichess.org/42xC0uuG/black#58,
lH0z9,2r2r2/p7/1p4pk/3bQ3/q7/8/P4PPP/3RR1K1 b - - 3 28,d5a8 d1d4 f8e8 e5f4,2262,76,85,76,crushing master middlegame short,https://lichess.org/gNZNkLSc/black#56,
ntZk6,7k/p6p/1p1q2pN/3Bp1P1/2P5/1PQ2r2/P7/3KRr2 w - - 6 34,c3c2 d6b4 e1f1 f3f1 d1e2 b4e1,2225,81,84,59,advantage exposedKing long middlegame pin,https://lichess.org/nm9q8YVU#67,
Ha0E0,6k1/p1p5/1pPb3R/6p1/4B3/2P4P/r7/6K1 b - - 0 35,a2a4 e4d5 g8f8 h6d6,2171,97,66,21,crushing endgame short,https://lichess.org/BSkRXISb/black#70,
dNrU5,r1bq1rk1/p4pp1/1p1p3B/2p1p1R1/1bP1Pn2/2NP1P1P/PP1Q1P2/R3KB2 w Q - 3 15,e1c1 g8h7 g5g7 h7h6,2234,81,85,101,advantage middlegame short,https://lichess.org/9mBwzgWf#29,Alekhine_Defense Alekhine_Defense_Maroczy_Variation
exEzX,8/3R1p2/4p3/P3Pk1p/5P2/3p2P1/3r3P/6K1 w - - 2 45,d7d4 f5g4 f4f5 g4f3 d4f4 f3e3,2289,99,90,806,crushing defensiveMove endgame long master rookEndgame,https://lichess.org/D1Wqauy3#89,
m7Gaq,8/R2r3R/6p1/4p2P/p4b2/8/5k2/2K5 w - - 3 42,c1b1 d7a7 h7a7 g6h5,2299,79,86,225,crushing endgame short,https://lichess.org/YVr73MJg#83,
P7mog,1k5r/pppq1p2/3p1p2/3P4/3QP3/1P1P2p1/P5Br/2R2RK1 w - - 2 23,d4f6 h2h1 g2h1 h8h1 g1g2 d7h3,2277,76,91,1059,crushing exposedKing kingsideAttack long middlegame sacrifice,https://lichess.org/frFYUd6X#45,
c20Wq,3q3r/pp4k1/4pn2/4Rpp1/3P4/P5P1/1P1RQ1P1/6K1 w - - 2 30,d4d5 f6g4 e2b5 g4e5,2226,123,60,30,advantage endgame master short,https://lichess.org/CExnpjtk#59,
oAreZ,8/p7/6p1/5p1p/1P1k4/P4K2/3pBP1P/2rR4 w - - 4 40,f3f4 d4c3 f4e3 f5f4 e3f4 c3c2 d1d2 c2d2,2296,77,95,1453,advantage endgame veryLong,https://lichess.org/nMSsDMUu#79,
UxIZY,r5k1/q2n1pp1/2Q3p1/3Pp3/1p3PP1/7P/1P1R4/1KR5 w - - 5 31,b2b3 a7a1 b1c2 a1a2 c2d3 a2b3,2263,90,69,62,advantage deflection endgame exposedKing long queensideAttack,https://lichess.org/bBrqMdJk#61,
sITXA,6k1/1p1n1pp1/2p2b1p/4pN2/2B1P3/p4Q1P/1qP2PPK/8 b - - 3 27,a3a2 f3h5 g8h7 h5f7,2274,114,57,25,crushing endgame short,https://lichess.org/5pNsKOMW/black#54,
wOalP,2rqr1k1/6p1/p4Np1/1p2P3/8/1B2Q2P/PP3PK1/8 b - - 1 29,g8f8 e3f4 c8c4 b3c4 b5c4 f6e8,2246,151,78,29,crushing discoveredAttack discoveredCheck endgame long master quietMove,https://lichess.org/PYUhDVZB/black#58,
drWaJ,1r2kb1r/pb1q1ppp/5n2/4p3/3p4/1QN3P1/PP2PPBP/R1BR2K1 w k - 0 13,e2e3 f8d6 g2b7 b8b7,2196,77,87,247,crushing opening quietMove short,https://lichess.org/EyTH3VKI#25,Kings_Indian_Attack Kings_Indian_Attack_French_Variation
QY6vt,8/6p1/1p1k1p1p/1B1ppb2/PP1P2P1/4KP1P/8/8 b - - 0 38,f5d7 b5d7 d6d7 d4e5 f6e5 f3f4,2199,94,91,1039,bishopEndgame crushing endgame long,https://lichess.org/a7q3yJaE/black#76,
AfsHx,8/8/1k2pK2/3bP3/8/4P1P1/8/8 b - - 2 55,b6c7 g3g4 c7d7 f6f7 d5e4 g4g5,2199,77,93,2101,bishopEndgame crushing defensiveMove endgame long quietMove,https://lichess.org/7qYmWh6H/black#110,
9lKD2,1r3rk1/1Q2Rpb1/6pp/4p3/p3P3/P1N2q2/1PP4P/1K1R4 w - - 5 24,b7c7 f8c8 c7a5 c8c3,2185,77,86,280,crushing middlegame pin short,https://lichess.org/kP3ndH06#47,
beq5K,2r4r/pp2kp1p/1q1p1p1b/2P1pn2/bP6/P4N2/1BR2PPP/3QRBK1 b - - 0 18,d6c5 f3e5 f6e5 e1e5 e7f8 e5f5 a4c2 d1c2,2179,86,91,1038,advantage fork middlegame veryLong,https://lichess.org/2yu35jkd/black#36,Nimzowitsch_Defense Nimzowitsch_Defense_Kennedy_Variation
BomCw,8/1b3kp1/pp2pq1p/6r1/P1P5/3B4/2Q2PPP/2R1R1K1 w - - 2 26,d3f1 f6f3 e1e4 b7e4,2146,78,91,1413,crushing middlegame pin short,https://lichess.org/GfLgcIU7#51,
V9vyx,6k1/p7/Pp4p1/1PpPP2p/7P/4p1PK/5r2/3R4 w - - 0 40,d5d6 e3e2 d1e1 g8f7 d6d7 f7e7,2294,88,87,916,advancedPawn crushing endgame long rookEndgame,https://lichess.org/uDgLaMgg#79,
Vrla3,3rr3/pp3k1p/b1p2P1P/4PPpn/2nP2N1/P1P5/1P3R2/2K1R3 b - - 0 36,h5f4 f2f4 g5f4 e5e6 e8e6 f5e6,2133,80,91,6455,crushing exposedKing long middlegame sacrifice,https://lichess.org/HJjZpZia/black#72,
ovHdL,4rrk1/pp4pp/2n1bn2/2p5/4pB2/2Pq2P1/PPN1QPBP/R3R1K1 w - - 2 21,g2e4 d3e2 e1e2 e6c4,2231,86,89,1052,advantage master middlegame short,https://lichess.org/WnwXcPsJ#41,
wgbnl,8/8/3p1n2/3P1P2/8/4KBk1/7p/8 w - - 0 53,f3h1 f6g4 e3e2 g3f4,2254,85,86,213,crushing endgame short zugzwang,https://lichess.org/nXjhleLO#105,
rltNM,2b1rbk1/1q3ppp/p3p3/1pBpP3/1P6/P2N4/2R2PPP/2Q3K1 b - - 12 28,b7b8 c5d6 f8d6 e5d6,2121,75,68,91,collinearMove crushing middlegame short,https://lichess.org/C28swTP4/black#56,
ZOUUy,8/8/p2K1k1p/2P1p2P/P3P3/4b3/8/8 b - - 0 39,f6g5 c5c6 e3b6 d6e5 b6c7 e5e6,2112,78,92,1399,bishopEndgame crushing defensiveMove endgame long,https://lichess.org/qhZGC0Fb/black#78,
SdPBD,1k4r1/1P1b4/pR2p3/P1ppPp2/5N1p/2P1r2P/6P1/5B1K b - - 1 34,e3e5 f4d3 e5e1 d3e1,2242,83,90,103,advantage endgame short,https://lichess.org/17lXtexp/black#68,
gjCTI,4r1k1/3P1p2/1pQ3pp/p5q1/3P1p2/2P5/PP1Br1PP/R4K2 b - - 0 29,e8e6 c6a8 g8g7 d7d8q g5d8 a8d8,2160,84,73,31,advancedPawn advantage endgame long promotion,https://lichess.org/UOfXk6FE/black#58,
OkDwQ,2r3n1/pp1kbN1Q/3p1p2/4p3/1q2P3/2N4P/PP3PP1/n1BK3R w - - 5 20,c3d5 b4d4 c1d2 c8c2 h7f5 d7e8 d5c7 c2c7,2296,78,83,133,advantage middlegame veryLong,https://lichess.org/PmgSOeVC#39,
foPyv,r7/p4pk1/1p5R/3p1Bn1/7R/4r3/PP4P1/6K1 b - - 2 27,e3g3 g1f2 g3g2 f2g2,2162,82,91,1010,advantage endgame short trappedPiece,https://lichess.org/3atDssDC/black#54,
mJyAi,r5k1/6pb/2P1R2p/p2p2n1/Q2P2P1/5PqP/P5B1/4R1K1 w - - 3 38,g1h1 g5e6 e1e6 a8b8,2291,82,87,77,crushing defensiveMove middlegame short,https://lichess.org/w9t2IC0z#75,
4IvR3,8/8/1k3pp1/7p/5P1P/5KP1/8/8 w - - 0 59,g3g4 f6f5 g4f5 g6f5 f3e2 b6c5 e2d3 c5d5,2146,85,91,2398,crushing defensiveMove endgame pawnEndgame veryLong zugzwang,https://lichess.org/5P5YKU39#117,
bBSoN,2k5/8/2p1NK2/p2N1p2/1p6/4P3/2b5/8 w - - 0 35,d5b6 c8b7 b6c4 a5a4 e6c5 b7a7,2298,92,90,878,crushing defensiveMove endgame long quietMove,https://lichess.org/X1vcQ7iu#69,
1qakP,2r1rbk1/1b1n1p1p/pq1ppnp1/1p4N1/3PN3/2PQ3P/PP3PPB/1BR1R1K1 b - - 3 19,h7h6 e4f6 d7f6 g5f7 b7e4 e1e4,2128,76,95,815,advantage kingsideAttack long middlegame,https://lichess.org/yWyTrqgA/black#38,
6y5Fr,2r2n1k/1p6/p4q1p/3p1bPR/3Pp1P1/1P6/P7/4QK2 b - - 0 35,f5g4 g5f6 g4h5 e1h4 c8c1 f1f2,2265,81,90,443,advantage defensiveMove endgame long,https://lichess.org/0YUcFkA3/black#70,
HkUOa,8/8/p5p1/3kp2p/PP1pp2P/1P6/3K1PP1/8 w - - 0 30,b4b5 a6b5 a4a5 b5b4 a5a6 d5c6 a6a7 c6b7 a7a8q b7a8,2108,74,93,4764,crushing endgame pawnEndgame quietMove veryLong,https://lichess.org/TCODRvpC#59,
iAi6r,8/3k4/2n1pp1p/1pP5/5PP1/3K1B2/7P/8 b - - 0 39,e6e5 f3c6 d7c6 f4e5 f6e5 h2h4 b5b4 g4g5,2263,82,88,90,crushing endgame quietMove veryLong,https://lichess.org/oDARq2Jz/black#78,
IqYOD,r2q2k1/1p2pBb1/8/8/p2pP2P/P1N2Q2/1P6/2Kn4 b - - 1 26,g8h7 f3f5 h7h8 f5h5 g7h6 h5h6,2213,86,89,865,exposedKing fork long mate mateIn3 middlegame,https://lichess.org/n29VVLlc/black#52,
j6lD0,r3r1k1/ppq2p1p/6b1/2p3B1/2Qbp3/1P4P1/P5BP/3R1R1K b - - 3 22,e4e3 d1d4 b7b5 c4c1 e3e2 f1e1,2116,78,83,57,advantage long middlegame,https://lichess.org/eg12HapH/black#44,
AjQHY,8/4pk1p/qP1n2p1/3P1p2/3Q4/3p4/3R2P1/6K1 b - - 7 49,d6c4 b6b7 a6b7 d4c4,2229,87,90,683,advancedPawn crushing deflection endgame short,https://lichess.org/oJkDriJh/black#98,
O4ag8,8/8/8/1k4p1/3PppP1/2K4P/5P2/8 w - - 0 45,d4d5 b5c5 d5d6 c5d6 c3d4 e4e3 f2e3 f4f3 d4d3 d6e5 e3e4 e5f4 e4e5 f4g3 e5e6 f3f2 d3e2 g3g2,2286,81,94,5892,advancedPawn crushing endgame pawnEndgame veryLong zugzwang,https://lichess.org/Z64tYsGG#89,
o7fx6,2kr1b1r/pp1q1p2/1np1p3/1B5p/4P2Q/6B1/PPR2PPP/5RK1 b - - 1 18,f8e7 c2c6 b7c6 b5a6,2181,76,97,660,crushing middlegame queensideAttack sacrifice short,https://lichess.org/QmBHhSq8/black#36,Queens_Gambit_Declined Queens_Gambit_Declined_Marshall_Defense
NACjW,5r2/ppp4k/3pBrpp/8/3pP1Q1/P2P1pK1/1PPq1P2/7R b - - 1 26,f6f4 g4g5 f4g4 g5g4,2219,88,91,3561,advantage endgame pin short,https://lichess.org/dSzYwlGO/black#52,
vUwJe,r1b2rk1/pp2q1p1/2nbp1Bp/3p3N/3Pn2N/8/PP3PPP/R1BQR1K1 w - - 12 17,g6e4 d6h2 g1h2 e7h4 h2g1 h4f2,2253,84,87,283,advantage attraction kingsideAttack long master opening,https://lichess.org/8H9wHhVS#33,French_Defense French_Defense_Tarrasch_Variation
6YJy9,r1b2r1k/p1pp1p1p/2p2p2/4P3/6Q1/3BP3/q1PN2PP/1R4K1 b - - 0 14,f8g8 g4h4 f6f5 d3f5,2165,81,88,1155,crushing middlegame short,https://lichess.org/HAQ7NXMG/black#28,Scotch_Game Scotch_Game_Classical_Variation
Lotke,6k1/1p3pp1/p2Np2p/n3Bb1Q/3P4/1q6/r4PPP/2R3K1 b - - 1 28,f5g6 c1c8 g8h7 c8h8 h7h8 h5h6 h8g8 h6g7,2284,79,93,2383,attraction deflection kingsideAttack mate mateIn4 middlegame pin sacrifice veryLong,https://lichess.org/jkPP3d24/black#56,
mKZ6L,r4rk1/pb3ppp/1p1p1n2/2qNp1Q1/2P1P3/3B4/PP3PPP/R4RK1 b - - 1 15,f6d7 b2b4 b7d5 b4c5,2206,84,89,420,advantage middlegame short,https://lichess.org/oXKRioSQ/black#30,Sicilian_Defense Sicilian_Defense_Open
HtZSM,8/1R6/2p5/k1p1p3/2n1K3/7P/6P1/8 w - - 2 43,h3h4 c4d6 e4e5 d6b7 h4h5 c5c4 h5h6 c4c3 h6h7 c3c2 h7h8q c2c1q,2144,82,91,769,advancedPawn crushing endgame fork promotion quietMove veryLong,https://lichess.org/iYVIUMMN#85,
qJILw,r3kb1r/pppn2qp/3p4/2PPp3/QP3Bp1/8/P4PPP/R3R1K1 b kq - 0 21,e8c8 a4a7 d6c5 a7a8 d7b8 f4e5 g7f7 e5h8,2182,101,89,1681,advantage deflection middlegame skewer veryLong,https://lichess.org/czcy2aeU/black#42,
x51Ua,8/8/R7/4k3/3n1p2/4p2P/5K2/8 w - - 0 69,f2e1 f4f3 a6a8 d4c2 e1d1 e3e2,2295,89,90,699,advancedPawn crushing endgame exposedKing long,https://lichess.org/u9S24sa0#137,
hhVWY,2rr2k1/6bp/2Pq4/4pQ1R/8/6PP/6BK/6N1 b - - 2 35,d6g6 g2d5 d8d5 f5c8 g7f8 h5f5 d5d8 c8d8,2261,83,89,909,advantage deflection middlegame veryLong,https://lichess.org/BxB8pl9b/black#70,
YmcDG,8/1p3k1p/2b1p3/p1QpPp2/5P2/P3P3/1P1KB3/7q b - - 3 30,h1b1 e2h5 f7g8 c5b6 g8g7 b6c7,2184,79,81,97,crushing endgame long,https://lichess.org/aT55aJ2j/black#60,
gdiGS,8/8/2p2p2/2R5/5r2/P4k1K/1P6/8 b - - 3 48,f3e4 c5c4 e4e5 c4f4 e5f4 a3a4 f4e5 a4a5 e5d6 b2b4,2253,99,84,27,crushing defensiveMove endgame master quietMove rookEndgame veryLong,https://lichess.org/SS8qWXum/black#96,
Vncc9,rNb1kb1r/pp2pppp/5n2/1B6/3ppq2/2N5/PPP2PPP/R2QK2R b KQkq - 1 9,c8d7 b8d7 e8c8 d1d4,2279,89,75,56,advantage opening short,https://lichess.org/XtrQgQTB/black#18,Sicilian_Defense Sicilian_Defense_Nimzowitsch_Variation
vpHk9,8/8/p1p5/2Pk1p2/PP1P1Pp1/6P1/6K1/8 w - - 1 35,b4b5 c6b5 a4b5 a6a5 b5b6 d5c6 d4d5 c6b7 g2f2 a5a4 f2e2 a4a3 d5d6 b7c6 e2d3 a3a2,2296,76,92,6477,advancedPawn crushing endgame pawnEndgame veryLong,https://lichess.org/ogW5uhGa#69,
pFKzA,r3kb1r/3q1ppp/p1p1p1n1/1bppP3/Q2P4/1NP1BN2/PP3PPP/R3R1K1 w kq - 4 14,a4a3 c5d4 a3a5 d4e3,2115,77,85,257,crushing middlegame short,https://lichess.org/BzltEXuv#27,Caro-Kann_Defense Caro-Kann_Defense_Advance_Variation
O8ZI8,4r3/1bq1rpkp/p2p2p1/1ppPnP2/8/1PN3PP/P2QR1BK/4R3 b - - 2 26,b7c8 f5f6 g7f6 d2h6 e5f3 g2f3,2113,93,87,25,advantage long middlegame,https://lichess.org/SQ3Fo8pP/black#52,
fmw0x,r3k2r/pb2pn2/1p1pqp2/2p3Pp/2P1P3/2P2BP1/PP2QP2/2BRR1K1 b kq - 0 18,f7g5 c1g5 f6g5 e4e5,2256,85,82,45,crushing master masterVsMaster middlegame short,https://lichess.org/Q6Cfc36L/black#36,English_Opening English_Opening_Symmetrical_Variation
fx8TO,5qk1/1p1r2pp/pQ6/Pb1Pp3/4P3/2N2KP1/5P1P/7R w - - 5 32,f3e3 f8a3 b6e6 d7f7 e6c8 f7f8,2295,79,82,232,advantage defensiveMove endgame long pin,https://lichess.org/JyNSdVa1#63,
Krd0E,rn1q3r/pp6/2pb4/3p1bk1/3P4/4RQ1P/PPP1NPP1/4R1K1 b - - 1 20,d8c7 e2g3 d6g3 f2g3,2188,76,87,163,crushing middlegame short,https://lichess.org/8sZD8nPF/black#40,
JUb7e,r2r3k/p1p2Bpp/1p6/nQ6/3qP3/3P4/PP4PP/R4R1K w - - 1 22,f7d5 a7a6 b5a5 b6a5,2103,77,74,58,advantage middlegame short trappedPiece,https://lichess.org/IHRL9Bfq#43,
WuJUE,4rrk1/6p1/p3n2p/1pqpB3/2p2PQ1/2P2KP1/P3R3/7R b - - 5 35,g8h7 f4f5 h7g8 h1h6 c5g1 h6e6,2221,88,88,53,crushing long middlegame pin,https://lichess.org/yekwQZGY/black#70,
egSME,rq6/5r1k/p4Bpp/8/7R/4Q1P1/P4P1K/8 b - - 0 32,f7f6 e3e7 h7g8 e7f6,2268,77,86,341,crushing endgame fork short,https://lichess.org/8moE0ast/black#64,
ALwuw,8/5Rpk/6r1/5p1p/5P2/4P3/5K1P/8 b - - 0 34,g6f6 f7f6 g7f6 f2f3 h7g6 e3e4,2142,83,83,63,crushing endgame long rookEndgame,https://lichess.org/O7FJU8pP/black#68,
YPild,6k1/2R5/3p2P1/1P2p3/5b2/5br1/5K2/5B2 b - - 0 54,e5e4 f1c4 g8f8 c7f7 f8e8 f7f4,2285,77,92,2813,crushing endgame exposedKing fork long,https://lichess.org/TDZMUozH/black#108,
HcflZ,4rrk1/p1n3pp/1p1P4/3Ppb2/1P5q/PB6/1BQ2PpP/R3R1K1 w - - 2 25,c2c7 f5d3 c7c2 d3c2,2196,79,91,2664,crushing middlegame quietMove short,https://lichess.org/GlEWkVK4#49,
1BIB9,8/1p1kqpQ1/8/8/6PK/8/7P/8 w - - 4 54,g7g5 b7b5 h4h5 e7g5 h5g5 b5b4,2163,82,92,1335,crushing defensiveMove endgame long pin queenEndgame quietMove,https://lichess.org/zFWt8DUn#107,
xifHY,2qr1r1k/4bp1p/pBnp4/1p2pp1Q/8/6RP/PPP3P1/5RK1 b - - 5 22,d8e8 f1f5 c8e6 b6e3 e6f5 h5f5,2157,75,92,5244,advantage long middlegame quietMove,https://lichess.org/1MRbFzgu/black#44,
gnQHZ,2r5/2r5/3kp1pp/1P3p2/3P1P2/1RNK2PP/8/8 b - - 2 40,c7c4 b5b6 c4c6 c3b5 d6d7 b5a7 c6d6 a7c8,2175,111,21,25,crushing endgame fork veryLong,https://lichess.org/GOAwLjfv/black#80,
yhF2l,8/pppn3p/4P2p/3P1k2/8/P5rb/P1P4K/4R3 b - - 1 25,f5g4 e6d7 g3g2 h2h1 g4g3 e1e3,2190,85,87,637,advancedPawn crushing endgame hangingPiece long,https://lichess.org/bJtFccxG/black#50,
3mDFj,r1b1k2r/ppppnppp/8/1Nb1q3/2B5/1P6/P2P1PPP/R1BQ1RK1 b kq - 1 11,c7c6 d2d4 e5f6 b5c7,2125,76,92,2250,advantage fork opening short,https://lichess.org/5SaameLG/black#22,Ruy_Lopez Ruy_Lopez_Other_variations
myXmx,8/8/p3Kp2/5Pp1/k5P1/8/8/8 b - - 1 46,a4b5 e6f6 a6a5 f6e5 a5a4 e5d4,2219,77,94,155,crushing defensiveMove endgame long pawnEndgame,https://lichess.org/bwXpvzgw/black#92,
8sonX,r3r1k1/pp3ppp/1qp5/3b4/5P2/P1Q3N1/5PPP/R4RK1 b - - 2 25,a8d8 g3h5 f7f6 c3g3,2172,77,86,149,advantage clearance master middlegame short,https://lichess.org/6SEE6Guc/black#50,
ZjbHq,2r5/7R/pkr1p3/1p3p2/6p1/4Q3/PPP3q1/2KR4 b - - 12 37,c6c5 d1d6 c8c6 d6c6 g2c6 b2b4,2210,77,92,2189,crushing endgame long pin,https://lichess.org/NOPj3W9A/black#74,
nymz2,8/8/6pp/ppp1k3/P3P3/1P1K2PP/8/8 b - - 0 36,b5a4 b3a4 g6g5 g3g4 e5f4 d3c4 h6h5 g4h5,2129,75,83,193,crushing endgame pawnEndgame quietMove veryLong zugzwang,https://lichess.org/5yGij4sL/black#72,
i5qlt,r1bq1rk1/ppppbpp1/2n2n1p/1B2p3/4P2B/2NP1N2/PPP2PPP/R2QK2R b KQ - 3 8,f6e4 h4e7 e4c3 e7d8 c3d1 d8c7,2193,80,83,239,advantage long opening,https://lichess.org/MKBTh0ww/black#16,Italian_Game Italian_Game_Giuoco_Pianissimo
YFot3,8/p7/2K5/1p1p4/3P4/2P5/Pk6/8 b - - 0 44,b2c3 c6d5 b5b4 d5c5 a7a5 d4d5 a5a4 d5d6 b4b3 d6d7 c3c2 d7d8q,2208,78,87,96,advancedPawn crushing endgame pawnEndgame promotion quietMove veryLong,https://lichess.org/Agdo2aQ9/black#88,
gtAAF,4r1k1/5ppp/3p4/1pb5/8/1Pq1P3/P2p1QPP/3RR1K1 w - - 0 27,f2d2 e8e3 d2e3 c5e3 e1e3 c3e3,2238,80,69,35,crushing endgame long,https://lichess.org/I01xPKQi#53,
eJUuQ,4QQ2/6pk/7p/8/8/2q3PP/3p1R1K/7r w - - 1 46,h2g2 h1g1 g2g1 c3g3,2206,77,87,614,attraction crushing deflection endgame sacrifice short,https://lichess.org/muXBDxox#91,
erm2m,4k1nr/pQ1r1ppp/8/1Bb1pq2/8/8/PPP2PPP/3R2K1 b k - 3 18,g8f6 b7c8 e8e7 c8c5 e7d8 b5d7,2285,86,91,189,advantage fork long middlegame pin,https://lichess.org/vxcF2kul/black#36,Scotch_Game Scotch_Game_Other_variations
9G5T5,1r3q2/2p3bk/3pB3/1PpPp1RP/4P3/pP3r2/PnQ2P2/1K5R b - - 0 29,f3f2 e6f5 f8f5 g5f5 f2c2 b1c2,2159,84,88,69,advantage long middlegame,https://lichess.org/fxHkIuGM/black#58,
W60Ne,4r1k1/p4p1p/6p1/8/5P2/2Q5/PB2bRPP/1q5K w - - 4 28,b2c1 e2a6 h2h3 e8c8,2156,99,13,26,advantage endgame quietMove short,https://lichess.org/evXpJvDf#55,
g4Fwq,3r4/8/p1R3R1/1p3p1k/4p3/P5P1/2Pr3P/6K1 b - - 6 33,e4e3 h2h4 d2d1 g1g2 d8d2 g2f3,2292,77,81,124,crushing endgame long quietMove rookEndgame,https://lichess.org/fOq5IeVY/black#66,
MHAxF,4r1k1/ppq2pp1/6p1/4p3/2B2n2/1PQ4P/P1Pr1PP1/4RRK1 b - - 3 25,f4e2 e1e2 d2e2 c3d3 e2c2 d3c2,2189,77,67,81,crushing long middlegame sacrifice trappedPiece,https://lichess.org/vg625VKF/black#50,
QqaXE,r5k1/5rpp/p1b5/8/1p1qnN1Q/3B4/PPP3PP/3R1R1K w - - 0 25,f4e6 e4f2 h4f2 d4f2 f1f2 f7f2,2170,77,91,1266,advantage fork long middlegame,https://lichess.org/tRbw9nVR#49,
UIg3m,8/p3r3/R7/4PK2/Pkp5/8/8/8 w - - 0 50,f5f6 e7c7 e5e6 c4c3 e6e7 c7c8 f6f7 c3c2 e7e8q c8e8 f7e8 c2c1q,2222,82,91,4217,advancedPawn crushing endgame promotion quietMove rookEndgame veryLong,https://lichess.org/z5tCQlst#99,
D5hmw,6rk/p5r1/PpP2q1b/4p3/4Bp2/2P2P1p/5RPK/R2QB3 w - - 0 34,g2h3 f6g5 e1d2 g5g3 h2h1 g3f2,2297,76,93,2732,crushing fork long middlegame quietMove,https://lichess.org/QCwY0aeY#67,
j1KUj,5rk1/5ppp/pr1p3q/2pR4/P1Q1P1P1/2P2P2/2K4P/1R6 b - - 6 28,f8b8 b1b6 b8b6 c4c5 h6h2 c2d3 b6b8 c5d6 h2d6 d5d6,2178,77,91,2904,advantage endgame veryLong,https://lichess.org/p1IN94dC/black#56,
wPRZw,r1b3kr/ppn1qppn/8/2pPp2Q/2P1P2N/P2B4/1P4PP/RN3RK1 w - - 0 15,b1d2 h7g5 h4g6 f7g6,2223,78,91,5631,advantage middlegame short,https://lichess.org/aonzaz8k#29,Englund_Gambit_Complex_Declined Englund_Gambit_Complex_Declined_Other_variations
OgeeO,4r3/p2n1pkp/1pp2qp1/8/3Q4/2PB1P2/P4P1P/R3K2R w KQ - 1 20,e1d2 d7e5 d2c2 e8d8 d4e3 d8d3,2134,76,86,150,advantage long middlegame,https://lichess.org/dU8aiASY#39,
dlpWO,r4k1r/1pp2Pp1/p4n1p/n1b5/2B2Bb1/2N2N2/PPP3PP/3R1R1K w - - 1 14,f3e5 a5c4 e5g4 f6g4,2139,75,78,140,advantage middlegame short,https://lichess.org/tsGzmdaD#27,Blackmar-Diemer_Gambit Blackmar-Diemer_Gambit_Other_variations
mpXIB,4r2k/1pp1q1pp/3b4/4nPPQ/8/1P6/rBPPN2P/2KR3R w - - 0 21,f5f6 d6a3 h5e8 e7e8,2114,81,76,67,advantage middlegame short,https://lichess.org/IItUDTZN#41,
bEyQG,3r1b1r/3kpppp/Q1p1q3/3n4/Pp6/5B2/5PPP/2R2RK1 b - - 3 20,e6d6 f3d5 c6d5 a6b5 d7e6 c1c6,2270,74,94,4916,advantage long master middlegame pin,https://lichess.org/1gBGoGQ9/black#40,
mtcAO,5rk1/1p2qrpn/p1p1p2p/Pn1pP3/1P1P4/1N2QN1P/5PP1/1R3RK1 w - - 7 22,b3c5 f7f3 g2f3 h7g5 f3f4 f8f4,2185,85,89,565,crushing long middlegame sacrifice,https://lichess.org/XuGlczfy#43,
SLCsL,8/8/r3p3/Pk3pp1/R7/1KP5/5PP1/8 b - - 10 39,a6a5 a4a5 b5a5 b3c4,2150,74,82,109,crushing defensiveMove endgame rookEndgame short,https://lichess.org/ME4eArG6/black#78,
UJG7V,r1b2rk1/pp1pbppp/2n2n2/q5B1/2P1p3/2N1PN2/PP1Q1PPP/R3KB1R w KQ - 0 10,c3e4 e7b4 e4c3 f6e4 c3e4 b4d2,2238,77,83,459,advantage long master opening pin,https://lichess.org/J7MAdxU7#19,English_Opening English_Opening_Symmetrical_Variation
O07ae,8/5p2/p1k1p1pp/1pp1P3/2P1KPP1/1P5P/P7/8 w - - 0 32,h3h4 b5c4 b3c4 c6b6 e4e3 b6a5,2212,84,89,1164,crushing defensiveMove endgame long pawnEndgame,https://lichess.org/DP7eJ096#63,
5hwX6,3r2k1/5p2/1p4Pp/p1p5/2P2BPK/2Q2R1P/PP2r3/6q1 b - - 0 39,g1e1 c3e1 e2e1 g6f7,2272,90,90,895,advancedPawn crushing endgame short,https://lichess.org/PWIxeaRj/black#78,
BI7bq,2kr4/1pp2pQp/2p5/p1P5/4q1b1/2K1B3/PPP2P1P/R3R3 w - - 0 20,a2a3 g4f5 a1c1 d8d3 c2d3 e4d3,2142,76,94,1140,exposedKing long mate mateIn3 middlegame sacrifice,https://lichess.org/frVf8GlD#39,
R56mx,2k5/4N2R/1p2p3/1B1p4/3n4/pPP1b3/Pr6/K7 b - - 3 37,c8b8 c3d4 b2c2 e7c6 c2c6 b5c6,2128,85,91,313,crushing endgame exposedKing long,https://lichess.org/unAHL5cW/black#74,
rMnx2,8/8/2p5/pp6/4kPp1/PPK3P1/8/8 b - - 0 44,c6c5 a3a4 b5a4 b3a4 e4d5 c3d3,2184,78,95,996,crushing defensiveMove endgame long pawnEndgame,https://lichess.org/gXt2zn6I/black#88,
ydpMn,r1bqkb1r/1p1npp1p/p2p2p1/3N2N1/2B5/8/PPP2PPP/R2QK2R b KQkq - 0 10,f8g7 d5c7 d8c7 c4f7 e8f8 g5e6 f8f7 e6c7,2235,80,92,9059,attackingF2F7 crushing discoveredAttack fork opening sacrifice veryLong,https://lichess.org/J10APAJy/black#20,Sicilian_Defense Sicilian_Defense_Najdorf_Variation
wbNGE,1r5k/7p/p3B1p1/2P2p2/P7/6PP/Kb1rN3/1R3R2 w - - 0 31,e2f4 b2d4 a2a3 d4c5,2108,73,94,7949,crushing discoveredAttack discoveredCheck middlegame short,https://lichess.org/5i7ntgMG#61,
wwEPz,8/pp5k/2p1P1np/3p1r2/3P1pRP/3P1P2/P2B3K/8 w - - 0 38,d2f4 h6h5 g4g5 f5f4,2155,81,91,291,advantage endgame master short,https://lichess.org/8QL8TOoR#75,
KxzgH,3r3r/1bk1p3/p1q3B1/1p2QP2/4n2p/P1P4P/1P2R1P1/R5K1 b - - 4 28,d8d6 e5h8 c6c5 g1h2,2235,77,94,2488,advantage defensiveMove hangingPiece master masterVsMaster middlegame short,https://lichess.org/FanAq4su/black#56,
yycpc,rnb2qk1/pp5p/6p1/3pn3/8/2PB4/PP1N2PP/R1BQ2K1 w - - 0 15,d3f1 f8c5 g1h1 e5g4 d2e4 d5e4,2161,80,82,55,advantage long middlegame,https://lichess.org/cvsGoRVJ#29,Queens_Pawn_Game Queens_Pawn_Game_Other_variations
2IqY4,8/p6R/1p2R1p1/1n4k1/3b1P2/5P1K/P1r5/8 b - - 0 38,g5f4 h7f7 f4g5 f3f4 g5h6 e6e7,2160,79,87,80,crushing endgame long,https://lichess.org/B7KLVB1N/black#76,
3AHAE,r1br2k1/pp2qpp1/4p2p/3p3P/3R4/1PN2Q2/P4PP1/4R1K1 b - - 1 20,b7b6 c3d5 d8d5 f3d5 e6d5 e1e7,2271,85,94,1466,advantage long middlegame,https://lichess.org/0ne4eVpW/black#40,
KXEoR,r4k2/pp3p1p/2n3p1/3qPb2/3p4/P4NR1/1P2Q2P/2KR1B2 w - - 2 24,e2d2 d5c5 d2c3 d4c3,2102,77,92,1629,crushing middlegame queensideAttack short,https://lichess.org/noYQr3d8#47,
yS4Z3,1b2r1k1/5p2/5n2/4pqpQ/8/4P1Pp/PB1P1P1P/1R3RK1 w - - 2 29,h5h6 g5g4 f2f3 g4f3,2121,84,71,122,advantage middlegame quietMove short,https://lichess.org/yq5DYr0U#57,
MZ6Cj,8/2k2p1p/p3p1p1/P3P1P1/1K1P3P/8/8/8 b - - 0 44,c7c6 b4c4 c6d7 d4d5 e6d5 c4d5,2197,76,98,412,crushing endgame long pawnEndgame zugzwang,https://lichess.org/MVS9D4vb/black#88,
WVufs,r1q1r1k1/2pb1pp1/p2b3p/1p1P4/4B3/P6P/1P3PP1/R1BQR1K1 b - - 0 21,d7h3 g2h3 c8h3 e4g2 e8e1 d1e1,2293,76,93,612,advantage clearance long middlegame,https://lichess.org/vCCLPHai/black#42,
b9ooo,8/2p5/2p2kp1/2P4p/5PP1/5K2/8/8 b - - 0 44,h5h4 f3g2 g6g5 f4g5 f6g6 g2h2,2199,98,81,43,crushing defensiveMove endgame long pawnEndgame,https://lichess.org/dEZFGLbP/black#88,
e6oRH,8/8/ppp2p2/3p1k1p/3P1P2/PPP2KP1/8/8 b - - 0 34,c6c5 d4c5 b6c5 b3b4 c5b4 c3b4,2198,78,93,2339,crushing endgame long pawnEndgame,https://lichess.org/tXsqWbcx/black#68,
t5tk2,5r2/1b1kb1Qp/pq2p1p1/1pnpP3/1P6/2P1B3/P1B3PP/RN3K2 w - - 1 23,f1g1 d5d4 e3g5 f8e8 g5e7 e8e7,2165,77,87,253,crushing long middlegame quietMove,https://lichess.org/nSp2lf9W#45,
gFOr8,8/8/5pp1/7p/4KP1P/3R2P1/1k2r3/8 w - - 2 61,d3e3 f6f5 e4f3 e2e3 f3e3 b2c3,2237,89,89,1295,crushing defensiveMove endgame long rookEndgame zugzwang,https://lichess.org/uU6I0j0Z#121,
HlYrO,8/6rp/2R5/1p2Ppk1/1Qp5/2N3Pb/1Pq2P2/6K1 b - - 0 30,c2c1 g1h2 c1f1 c3e4 g5g4 e4f6 g4f3 b4c3 f3f2 f6e4 f2e2 c3d2 e2f3 d2f4,2278,101,90,443,crushing endgame veryLong,https://lichess.org/RTZ1jJQh/black#60,
Yr7Yl,r2r1bk1/3q1ppp/2b1p3/p5RQ/4p3/2B3RB/3P1PPP/6K1 b - - 2 26,g7g6 g5g6 f7g6 g3g6 h7g6 h5g6 f8g7 h3e6,2210,81,83,244,advantage kingsideAttack middlegame sacrifice veryLong,https://lichess.org/NFJgxnvw/black#52,
XZnXJ,4r1k1/Q4pp1/7q/2p1r3/3p4/P2P2P1/4PPK1/2R1R3 b - - 2 31,e5e2 e1e2 e8e2 a7a8 g8h7 c1h1,2142,84,91,472,advantage endgame long pin,https://lichess.org/0JCYprdY/black#62,
S95hp,r7/ppp3k1/3pb1p1/4p3/P5PQ/3q1N2/1P2NK1P/1R5R w - - 2 21,f3g5 a8f8 f2e1 d3b1 e1d2 b1b2,2165,75,94,733,advantage exposedKing interference long middlegame,https://lichess.org/6ybx3oga#41,
Poa4o,8/8/pp1p2p1/3Pk3/PPP1p1P1/4K3/8/8 b - - 0 37,g6g5 a4a5 b6a5 b4a5,2256,75,84,391,crushing endgame pawnEndgame short zugzwang,https://lichess.org/kxMfdazc/black#74,
7A0wi,2r3k1/2r2ppp/4p3/1b1pP1PP/p2Q1P2/PqN5/1PR4R/1K6 b - - 0 28,c7c3 c2c3 c8c3 d4c3 b3d1 b1a2 b5c4 b2b3 a4b3 a2b2,2223,76,91,933,advantage middlegame veryLong,https://lichess.org/69eD8Uou/black#56,
w3j2C,r1bqk1nr/ppp2pbp/2np4/6p1/2BPPp2/2N2N2/PPP3PP/R1BQ1RK1 b kq - 0 7,g8e7 f3g5 g7d4 g1h1,2219,81,86,750,crushing defensiveMove opening short,https://lichess.org/Ty7NYd68/black#14,Kings_Gambit_Accepted Kings_Gambit_Accepted_Blachly_Gambit
UOieg,r4n2/2q2pkp/2p2pp1/1p6/1P1PN3/2PBB1Pb/2Q1KP1b/4R3 b - - 1 24,f6f5 e3f4 c7f4 g3f4 f5e4 d3e4,2249,75,62,74,advantage long middlegame,https://lichess.org/rX59lbqR/black#48,
p7faM,2r5/4k1p1/pp3p1p/3Nn2P/8/6P1/PPP3r1/1K2RR2 b - - 0 30,e7d6 e1d1 d6c6 d5e7 c6b7 e7c8,2122,81,91,1201,crushing endgame exposedKing fork long master quietMove,https://lichess.org/RIFzCDaJ/black#60,
t6gW8,8/1R3p1k/4p1p1/p3Q2p/P2r3P/3q2P1/5P2/6K1 b - - 13 41,h7g8 e5f6 d4d7 b7b8,2121,77,71,56,crushing endgame short,https://lichess.org/K91zGxPs/black#82,
j5O61,r1b1k1r1/p4p2/2pb4/2p1p2p/4pP1q/1P2P2P/PBPPN1PK/R2Q1R2 w q - 2 15,f4e5 g8g2 h2g2 c8h3 g2h1 h3f1,2125,85,81,33,attraction crushing discoveredAttack discoveredCheck long middlegame sacrifice skewer,https://lichess.org/a8eDdjZI#29,Vant_Kruijs_Opening Vant_Kruijs_Opening_Other_variations
VyzfL,r2q1rk1/pp3ppp/2nb4/3p3b/3P4/3B1N1P/PP3PP1/R1BQ1RK1 w - - 1 13,d3h7 g8h7 f3g5 d8g5 c1g5 h5d1,2269,89,91,2697,crushing hangingPiece long master opening,https://lichess.org/KNAHi2xy#25,Sicilian_Defense Sicilian_Defense_Alapin_Variation
tXeZd,2r4r/R1pk4/1p1pp1q1/1P2n1p1/1P2P1Pp/2RP4/4Q1PP/7K b - - 0 28,h4h3 e2c2 h3g2 h1g2 h8h2 g2h2 g6h7 h2g2,2295,77,84,113,advantage defensiveMove middlegame quietMove veryLong,https://lichess.org/C2JJ0AA2/black#56,
zCoYr,8/1k4pp/p3p3/2P2p2/2rPp2P/R1P2PP1/6K1/8 b - - 0 35,e4f3 g2f3 e6e5 f3e3 e5d4 c3d4,2177,77,88,453,crushing endgame long rookEndgame,https://lichess.org/GnVlbwYk/black#70,
accYj,r2q1rk1/ppp1b1pp/2np1n2/4p1B1/4P3/1N3N2/PPP2PPP/R2Q1RK1 b - - 1 11,f6e4 d1d5 f8f7 g5e7 d8e7 d5e4,2160,79,92,798,advantage fork long opening pin,https://lichess.org/SIShPg9a/black#22,Philidor_Defense Philidor_Defense_Nimzowitsch_Variation
PRTos,2b1r1k1/4r1b1/3p1p1B/3q1P2/2pP1Q2/1pP3N1/1P6/R4K1R w - - 4 32,f1f2 c8b7 a1g1 e7e3,2206,121,64,29,crushing master masterVsMaster middlegame quietMove short,https://lichess.org/C204Xum3#63,
OIAYQ,8/5b2/5k2/6p1/2B5/2K5/8/8 w - - 0 62,c4f7 f6f7 c3d3 f7g6 d3e2 g6h5 e2f2 h5h4 f2g2 h4g4,2203,78,87,813,crushing defensiveMove endgame veryLong zugzwang,https://lichess.org/nij0JMfU#123,
wPJGE,r2q1n1k/2p1r1pp/p2p4/1p3Q1B/8/8/PPP5/2K3RR b - - 5 27,c7c6 h5f7 e7f7 f5f7,2161,85,76,39,advantage master middlegame quietMove short,https://lichess.org/w4JotFEx/black#54,
wgEzc,7r/pkb3p1/1p2Qn2/3p3q/PPpPpP2/2P1P1Pp/5B1P/1R3RK1 w - - 1 27,f2e1 h8e8 e6f6 g7f6,2146,83,84,177,advantage middlegame short trappedPiece,https://lichess.org/XB3QRgBO#53,
4h4bD,r1bq1rk1/pp2ppb1/2n3Qp/8/2Bp3P/1PB1PN2/P4PP1/R3K2R b KQ - 0 14,d4c3 f3g5 d8d2 e1f1 h6g5 h4g5 d2d3 g6d3,2148,78,82,169,advantage middlegame pin sacrifice veryLong,https://lichess.org/LosFFwCW/black#28,Grunfeld_Defense Grunfeld_Defense_Three_Knights_Variation
s9Iw7,4r1k1/p1p4p/2Q1pn2/5p1q/3P4/B1P1P2P/P4P2/1R3K2 w - - 2 23,b1b7 h5d1 f1g2 g8h8 c6e8 f6e8,2297,81,88,268,advantage endgame long master superGM,https://lichess.org/puJWY8xD#45,
4qSHT,4q3/1b5k/1p2r1pp/p1bpP3/6QN/3B4/5PP1/4R1K1 b - - 5 35,b7c8 h4g6 e6g6 d3g6 e8g6 g4c8,2126,75,92,1660,advantage fork long middlegame,https://lichess.org/T00nfkby/black#70,
TOyeg,4k1q1/p1R1b3/1r3r1p/5R1Q/8/6P1/P1P2P1P/6K1 b - - 1 28,g8f7 c7c8 e7d8 c8d8 e8d8 h5f7 f6f7 f5f7,2271,77,92,538,advantage deflection exposedKing middlegame pin veryLong xRayAttack,https://lichess.org/B6k7PerH/black#56,
Bo1I5,r4rk1/5pb1/p1np4/1pp5/4PR2/1BPP4/PP4QK/RN2q3 b - - 0 22,a8e8 f4g4 e8e5 g4g7 g8h8 g7g3 e5h5 g3h3 h5h3 g2h3 h8g7 h3g3 e1g3 h2g3,2291,77,91,1993,crushing middlegame quietMove veryLong,https://lichess.org/euAs5d4M/black#44,
OBaOu,2brr1k1/2p1qppp/2p5/8/1PB3n1/P3B3/1QP2PPP/R4RK1 w - - 3 20,e3d4 e7d6 f2f4 d6d4 b2d4 d8d4,2228,75,94,8394,advantage fork long middlegame,https://lichess.org/PjsExGng#39,
argh2,r6k/4bQpp/p7/3p4/1p1q1B2/7P/1PP3P1/5R1K b - - 4 28,e7f6 f4g5 d4a7 f1f6 a7f7 f6f7,2118,75,85,194,advantage discoveredAttack endgame long,https://lichess.org/OdnTBdM3/black#56,
JUAuo,1r6/2p4p/4P1pk/p1P4r/P3p1q1/1NQ1PbP1/5PBP/2R1R1K1 w - - 2 33,h2h4 f3g2 c3f6 h5f5,2176,92,87,38,advantage middlegame short,https://lichess.org/9kLCLso2#65,
j7EBE,8/3q1kp1/3p1n1p/2pP1b1P/ppP2B1P/1P3BQ1/P7/7K b - - 1 30,f5e4 f3e4 f6e4 g3g6 f7g8 g6e4 d7h3 h1g1,2164,104,79,23,advantage endgame fork veryLong,https://lichess.org/oA92r18A/black#60,
JQbQW,r2qr1k1/pp3pp1/1np2b1p/7b/3P4/P1N2N1P/1PPQBPP1/R3R1K1 w - - 0 15,b2b3 h5f3 e2f3 d8d4 d2d4 f6d4 c3e4 d4a1,2188,81,85,61,advantage middlegame veryLong,https://lichess.org/mQrpuZpA#29,Scandinavian_Defense Scandinavian_Defense_Modern_Variation
Ltl0D,8/8/5k2/p1PK2p1/6P1/8/8/8 b - - 0 48,f6e7 d5c4 e7d7 c4b5 a5a4 b5a4 d7c6 a4b4,2199,79,91,310,crushing defensiveMove endgame pawnEndgame veryLong,https://lichess.org/dmSga3q2/black#96,
6dQyB,4Q3/pp3p1p/6k1/3r2p1/3r3q/2B5/PP3PP1/4R1K1 b - - 5 31,d5d8 e1e6 g6g7 e8d8,2118,76,88,978,crushing endgame pin short,https://lichess.org/Nhp0ui8u/black#62,
jXCsI,1r2k2r/3nbpp1/1Bp1Nnp1/3P4/p7/3B3P/pPPQ1PP1/2KR3R w k - 0 20,c2c4 a2a1q c1c2 a1a2,2122,81,86,38,advancedPawn advantage middlegame promotion short,https://lichess.org/uU0ywRFy#39,
QdBRx,4R3/K6p/6p1/5pP1/8/3p4/3k3P/8 w - - 3 56,a7b6 f5f4 e8f8 d2e3,2139,76,87,318,crushing defensiveMove endgame quietMove rookEndgame short,https://lichess.org/PRZRF6Gg#111,
hyZhK,8/p1p4p/1p6/3k4/1P1Pp1P1/P3K3/5P2/8 b - - 0 30,h7h6 b4b5 d5c4 e3e4,2158,89,91,449,crushing endgame pawnEndgame quietMove short,https://lichess.org/IgmQSzYr/black#60,
A6ZZP,1r2kr2/R7/b1p1p3/p1ppP2p/P6P/1PPP4/1BKN4/8 b - - 4 34,b8b6 b2a3 f8f7 a7a8 e8d7 a3c5,2216,84,90,885,crushing endgame exposedKing long master,https://lichess.org/Y3Y7Yn7g/black#68,
SeYCt,2k2bRr/1b2n3/p5Q1/2pqP3/3pNP2/P2p2R1/1P1B3P/6K1 w - - 2 34,g8h8 e7g6 g3g6 d5e4 h8f8 c8d7,2280,83,90,893,advantage capturingDefender long middlegame,https://lichess.org/sBdsDCfo#67,
2nf5u,2b1q3/kp4p1/4p3/r2pN3/3PnQP1/pP5r/P4P1P/1KR4R b - - 4 28,h3b3 a2b3 a5b5 b1a2 b5b3 e5c6 b7c6 a2b3,2117,160,82,6,crushing hangingPiece intermezzo middlegame veryLong,https://lichess.org/tpgYPXvo/black#56,
91YVJ,8/1p2k3/2p3p1/p1P1KpPP/P1P5/8/8/8 b - - 0 39,e7f7 h5g6 f7g6 e5f4,2173,75,96,723,crushing endgame pawnEndgame short zugzwang,https://lichess.org/BlugAq2H/black#78,
F8nPV,8/8/8/1P1k1p2/1K6/8/8/8 w - - 0 41,b4a5 f5f4 b5b6 d5c6 a5a6 f4f3 b6b7 f3f2 b7b8q f2f1q a6a5 f1a1,2125,73,94,10915,advancedPawn crushing endgame pawnEndgame promotion quietMove veryLong,https://lichess.org/HkUBK3z2#81,
GJJM9,3q1knr/1p3ppb/p7/4P2N/4BQP1/4P3/PP3r1P/1K1R3R b - - 3 20,f2f4 d1d8 f8e7 e4h7,2245,75,84,449,advantage hangingPiece master middlegame short,https://lichess.org/97qydbYk/black#40,
P5Ev2,r2q2k1/pp4pp/2p2b2/8/4Q3/6BP/PPP3P1/5RK1 b - - 0 22,d8d2 e4e6 g8h8 f1f6 g7f6 e6f6 h8g8 g3e5 d2d7 f6h8,2144,137,83,15,crushing endgame quietMove veryLong,https://lichess.org/MLwrJO1W/black#44,
bfmMX,r1b3k1/pp3p2/4rB1p/q3P1p1/1b1p4/P1NB3P/1PPQ1P2/R3K2R w KQ - 0 19,h1g1 d4c3 g1g5 g8f8 g5g8 f8g8 d2h6 c3b2,2134,89,91,2176,advancedPawn crushing discoveredAttack discoveredCheck middlegame veryLong,https://lichess.org/jCln5sy2#37,
Kaewk,8/8/p1k1p3/2P4p/4P2P/3K1pP1/8/8 w - - 0 50,d3e3 c6c5 g3g4 c5d6,2112,116,82,29,crushing defensiveMove endgame pawnEndgame short,https://lichess.org/jet1T1DO#99,
XH4Vj,5k2/1b3pp1/ppq1pb2/2P5/2r5/P1N3Q1/1BB3PP/3R2K1 b - - 0 25,f6c3 g3b8 b7c8 d1d8 f8e7 d8c8,2182,76,87,125,advantage long middlegame,https://lichess.org/bHmftQ7i/black#50,
xAeVC,r5k1/1p1q2bp/p2Nb1p1/2Pnp3/P1Bp4/1P3QP1/5B1P/R5K1 b - - 3 24,d5f6 f3b7 d7b7 c4e6 g8f8 d6b7,2225,86,91,888,advantage deflection intermezzo long middlegame sacrifice,https://lichess.org/7Du8YfXW/black#48,
bOb7S,4r1k1/R4p1p/2p3pb/p1Bp1b2/P1qP4/2N4P/1Q3PP1/6K1 b - - 5 25,h6g7 b2b7 g8h8 a7a8 f5d7 a8e8,2242,112,88,17,advantage long middlegame,https://lichess.org/dJozzJez/black#50,
3uUsV,8/5R2/Q3p1pp/1p1pP3/1P2r2P/P1k1q1P1/8/1KN5 w - - 5 39,a6c6 e4c4 c6e6 e3e4 b1a1 e4g2 f7f3 g2f3,2133,109,60,50,clearance crushing defensiveMove endgame exposedKing veryLong,https://lichess.org/QmYoiVXQ#77,
nbceX,8/6pk/7P/5KP1/4R3/8/8/7r b - - 0 61,g7h6 e4e7 h7g8 f5g6,2176,85,90,1589,crushing endgame rookEndgame short,https://lichess.org/GM8wDnlE/black#122,
uNyBn,6k1/6p1/1pp1N2p/p3p3/2Pnq1B1/1P4PK/P1n4P/5Q2 b - - 1 34,g8h7 f1f7 d4e6 g4f5 e4f5 f7f5,2214,76,96,1283,advantage endgame fork long sacrifice,https://lichess.org/1nYShNMM/black#68,
WlzhU,4q3/1ppr2k1/2n1pRp1/4P1Q1/p2PP2P/2P5/P7/7K b - - 2 34,d7e7 h4h5 g7h7 f6g6 e8f8 g6f6,2276,75,92,665,crushing endgame long,https://lichess.org/kz4MJYde/black#68,
mdciJ,5rk1/3nb1pp/q4pP1/n1p1pP2/1p1pP2P/N2P4/1PP1Q1B1/2B2RK1 b - - 0 21,b4a3 e2h5 h7h6 c1h6 g7h6 h5h6 f8f7 g6f7,2118,75,85,157,advancedPawn crushing kingsideAttack middlegame veryLong,https://lichess.org/TmwpvK9g/black#42,
oW7I2,8/7p/2p1N1p1/2P5/2kp1P2/1p6/3K2PP/8 w - - 0 33,g2g4 d4d3 e6g5 b3b2,2106,75,80,286,advancedPawn crushing endgame knightEndgame short,https://lichess.org/PixPzKP9#65,
0VhC1,2r3k1/p4p1p/3q1Pp1/3P2P1/2ppQ2P/8/PP6/4RK2 w - - 0 34,e4e8 c8e8 e1e8 d6f8 e8f8 g8f8 f1e2 f8e8 b2b3 c4c3,2143,75,93,990,crushing endgame master veryLong,https://lichess.org/AN8jYLzZ#67,
fXbBi,4r1k1/4p3/4P1Np/2pq1PpQ/3p3P/6P1/8/6K1 b - - 4 32,g8g7 h4g5 h6g5 h5g5 d5f5 g5f5,2293,79,84,127,crushing endgame long master,https://lichess.org/edAE0xgf/black#64,
33Vqe,6k1/pp4p1/1b1np2p/8/1P2Bq2/P2Q3P/4R1P1/R1r4K w - - 2 32,e2e1 d6e4 d3e4 f4e4,2148,124,81,14,advantage middlegame pin short,https://lichess.org/czmFNJip#63,
dTyQQ,r6r/1pp1kppp/1p6/3b4/1n1P4/6P1/PP3PBP/R1B1R1K1 b - - 1 16,e7f8 c1d2 b4c2 g2d5,2104,81,91,1848,crushing middlegame short,https://lichess.org/55HYCmCX/black#32,English_Opening English_Opening_Kings_English_Variation
UFiUM,r2r2k1/pp2pp2/6pQ/2p1Pq1p/8/2P3PP/PP4RK/4R3 b - - 2 26,e7e6 g3g4 h5g4 h3g4 f5d3 e1e3 d3e3 h6e3,2120,81,91,607,advantage endgame master veryLong,https://lichess.org/LVB9o2I1/black#52,
s20ys,Q4R2/1p3pk1/1q3bpp/4N3/1P1p1P2/4nP1P/4r1B1/7K b - - 3 36,f6e5 f4e5 e2e1 h1h2 e3f1 g2f1,2223,84,87,487,advantage long middlegame,https://lichess.org/040ICm0o/black#72,
uK49q,6k1/pp3p2/6p1/3P3p/4Q3/1P1P1PPK/P4q1P/8 w - - 4 31,d5d6 g6g5 f3f4 f2f1 e4g2 g5g4 h3h4 f1g2,2162,75,93,1337,endgame master,https://lichess.org/NJfSpIEH#61,
8ciTT,8/p5R1/kpN4p/3p4/1B1P4/P6r/5r2/6K1 b - - 1 48,f2b2 a3a4 h3g3 g7g3,2107,76,87,399,advantage endgame quietMove short,https://lichess.org/8XQIZ9xC/black#96,
xcrXt,r4rk1/1p3pp1/p1bp3p/4p3/Pq2P3/3B3Q/2P2PPP/R2R2K1 b - - 1 21,c6e4 c2c3 b4c3 d3e4 c3h3 g2h3,2170,76,91,1532,advantage deflection long middlegame,https://lichess.org/zf4qTYMd/black#42,
h13fA,r2b2k1/5pp1/3p3p/qP1Pp3/2Q1P3/p1N4P/R4PP1/5K2 w - - 0 38,c3b1 a8c8 c4c8 a5b5 f1g1 b5b1 g1h2 b1a2,2132,75,91,3237,crushing deflection endgame fork master sacrifice veryLong,https://lichess.org/SPtaiV42#75,
bfXf3,r2q1rk1/pp3pp1/3b1nnp/2p5/3pPNQ1/1P1P4/P1P1BPPP/R1B1K2R w KQ - 8 15,g4f5 g6f4 c1f4 g7g6 f5h3 d6f4,2267,79,85,253,advantage long opening,https://lichess.org/1jWZKW2P#29,Caro-Kann_Defense Caro-Kann_Defense_Other_variations
fL6ve,8/2p3pk/p6p/2P1qbb1/1P3N2/P4Q2/5RKP/8 w - - 16 41,g2g3 g5h4 g3g2 f5e4,2118,108,18,24,crushing endgame pin short,https://lichess.org/ur8UV8l4#81,
uwqeO,6k1/pp3R2/2p4r/2PpN1p1/3Pb2p/4P1r1/PP4PK/6R1 b - - 1 40,g3e3 g1f1 h6g6 e5g6,2292,93,89,1065,advantage endgame quietMove short,https://lichess.org/YsNyGWw0/black#80,
jemQN,r2r2k1/p1Q2ppp/1p1N2q1/8/6bP/8/PPPR2P1/1K5R b - - 2 22,d8d7 d6c8 d7d2 c8e7 g8h8 e7g6,2213,103,55,25,advantage fork long middlegame sacrifice,https://lichess.org/eM6c1OC1/black#44,
5qhty,8/p2N4/8/3p1k2/1P1P3p/1PPb1K2/8/8 w - - 4 45,d7e5 d3e4 f3f2 f5f4 e5d7 h4h3,2136,81,91,518,crushing endgame long master,https://lichess.org/RaTmWxXM#89,
C4ygh,2k3r1/1pq2p2/1np1pp2/P6p/7r/1B1P1P1b/1PP1QRPP/R5K1 w - - 0 24,a5b6 c7h2 g1h2 h3g2 h2g1 h4h1,2128,81,85,313,discoveredAttack discoveredCheck kingsideAttack long mate mateIn3 middlegame operaMate pin sacrifice,https://lichess.org/UVEFxJ8j#47,
aCKm6,3br3/1N1k1p2/p2P2p1/2p2q1p/2np1P1P/P4BP1/8/K2Q3R b - - 1 39,e8e3 d1a4 d7c8 a4c4,2101,77,85,74,crushing fork middlegame short,https://lichess.org/RJuLwSgC/black#78,
INpza,7r/2Q2p1k/1p1p2p1/3Pp1Bp/1PP1P2P/2P2PPB/1nq1K3/7R w - - 1 35,g5d2 c2d3 e2e1 d3f3,2120,80,90,221,advantage deflection middlegame short,https://lichess.org/d0E4KczW#69,
Iw7GE,8/6pp/5pk1/8/2p3Q1/2q1B1PP/5P1K/r7 b - - 3 38,g6f7 g4d7 f7g6 d7e8 g6f5 g3g4,2146,80,94,10858,endgame long mate mateIn3,https://lichess.org/19S4Lp2v/black#76,
uy0pW,3rk2r/1qp1bp1p/p4p2/1p1bN1B1/2nPB3/2P5/PP2QPPP/R4RK1 w k - 2 17,e5f7 e8f7 e2h5 f7g8 e4d5 b7d5,2210,85,89,225,advantage hangingPiece long middlegame,https://lichess.org/sFJ1HRgS#33,Italian_Game Italian_Game_Classical_Variation
BPxz7,4k1r1/1b3p1p/pq1rpQ2/1p3B2/8/6P1/PPP2P1P/R3R1K1 w - - 3 21,a1d1 b6c6 f5e4 c6e4 e1e4 d6d1,2106,108,16,27,advantage deflection long master middlegame,https://lichess.org/anFjPiDL#41,
BBNN3,7k/p4rpp/1qP5/4Pp2/3R1Pb1/3PK1P1/Q1R4P/1r6 w - - 0 33,a2f7 b1e1 e3f2 b6d4 f2e1 d4e3 e1f1 e3d3,2182,95,90,1352,crushing deflection endgame veryLong,https://lichess.org/QvuYIk7Y#65,
LDxpw,2R5/5p1p/6p1/1k1q4/1p1B1P1P/p2K2P1/2P5/8 b - - 11 43,b4b3 c2c4 d5c4 c8c4 b3b2 c4c5,2283,77,91,86,crushing endgame fork long,https://lichess.org/K8Bn5vUD/black#86,
61zcb,8/7p/2k1p1p1/5p2/P2K4/5P2/7P/8 b - - 1 37,c6d6 f3f4 h7h6 h2h4 h6h5 a4a5,2278,75,93,7391,crushing defensiveMove endgame long pawnEndgame quietMove,https://lichess.org/vUQg25ka/black#74,
hFmwn,r1b1k1r1/p2p2PB/1bp1p3/8/1P6/P7/1BP2nPP/R3K2R b KQq - 0 20,e8f7 h7g8 f7g8 h1f1,2162,84,90,330,advantage middlegame short,https://lichess.org/oaeqkBYm/black#40,
b8OHh,8/6p1/6pp/2p1k3/4P3/4K2P/2P3P1/8 w - - 2 37,c2c4 g6g5 g2g3 h6h5 e3d3 h5h4,2172,76,96,1903,crushing endgame long pawnEndgame quietMove zugzwang,https://lichess.org/3IOttxpl#73,
SXLxe,3r1r2/1b3knQ/p3p1p1/1p6/4Pq2/1BN2P2/PPPR4/2K4R w - - 3 25,h1d1 f8h8 b3e6 f7f6 h7h8 d8h8,2238,79,85,197,advantage defensiveMove long middlegame trappedPiece,https://lichess.org/fxbuxQRc#49,
Hkfim,r2qk2r/pb1nbpp1/1p1ppn1p/8/3PNB2/2PB1N2/PPQ2PPP/R3K2R w KQkq - 2 11,f4d6 b7e4 d3e4 e7d6 e4a8 d8a8,2174,80,89,578,advantage capturingDefender intermezzo long middlegame,https://lichess.org/2BNjtkWc#21,Indian_Defense Indian_Defense_London_System
mpBk6,2kr4/pp2q1b1/2b1p1p1/2pp4/3Pn3/2P4Q/PP3PPP/RNB2RK1 w - - 5 15,f2f3 d8h8 h3g4 h8h4 g4g6 c6e8 c1g5 e4g5,2125,75,90,254,advantage middlegame veryLong,https://lichess.org/Zpkw7N0j#29,French_Defense French_Defense_Advance_Variation
awOYz,7k/6p1/1p3b1p/1P2PB1Q/2q5/3p4/7P/6K1 b - - 0 35,f6e5 h5e8 c4g8 e8e5 g8d8 f5g4,2258,81,42,40,advantage defensiveMove endgame fork long,https://lichess.org/PnXWFfgK/black#70,
mWVBW,1r6/1bRRNrkp/p3q1p1/3pp1Pn/1p6/1P3B2/P2PQ2P/7K w - - 3 30,e7d5 f7d7 c7d7 e6d7 e2e5 g7f7 e5b8 b7d5,2239,76,93,968,crushing middlegame veryLong,https://lichess.org/ZV5vawyc#59,
Gn2V0,5rk1/5ppp/p2Pp3/Q4b1q/3Pn3/2r1P1B1/P4PPP/R3KB1R b KQ - 0 16,e4g3 h2g3 h5h1 a5c3,2233,82,87,384,crushing middlegame short,https://lichess.org/Mhw8j4aI/black#32,Indian_Defense Indian_Defense_Other_variations
3SnXe,8/N7/2Pk4/P3p1p1/4Pn1p/4K3/8/8 w - - 1 72,a5a6 h4h3 a7b5 d6c6 b5d6 c6b6,2127,80,91,4662,crushing endgame knightEndgame long,https://lichess.org/45V2E5aS#143,
NT1Gt,2k5/1p3p2/2q5/P2n3p/3p2pP/BQpP4/4rPP1/2R2K2 b - - 3 29,e2b2 a3b2 d5f4 b3c4 c6c4 d3c4,2297,100,82,62,advantage endgame long,https://lichess.org/rfrFdnLa/black#58,
F3tlu,rnb2rk1/ppp1qppp/3b1n2/3P4/2BNp3/2NP4/PPP2PPP/R1BQK2R w KQ - 1 8,e1g1 e7e5 g2g3 e5d4,2190,89,91,1260,advantage master opening short,https://lichess.org/MWkr0fnB#15,Elephant_Gambit Elephant_Gambit_Maroczy_Gambit
mZ428,2rk4/pp1bN1b1/3p4/7Q/1qn1P3/1PN4P/P1P5/2K2RR1 w - - 3 28,h5h8 g7h8 g1g8 d7e8,2223,83,88,191,crushing defensiveMove hangingPiece middlegame short,https://lichess.org/aHvF9QGo#55,
CNk4R,8/pp6/3n4/6P1/1P2k3/3pp3/7R/4K3 w - - 2 46,g5g6 d3d2 e1e2 d6f5 g6g7 f5g7,2174,80,79,178,advancedPawn advantage endgame long quietMove,https://lichess.org/kvraRB40#91,
DGQuv,8/5p1k/p4Ppp/1p2p3/1P5P/P5K1/6P1/8 b - - 1 33,g6g5 h4h5 h7g8 g3f3 g8f8 f3e4 f8e8 e4e5 e8d7 e5d5,2283,76,92,1211,crushing defensiveMove endgame pawnEndgame quietMove veryLong,https://lichess.org/EhC3ccoO/black#66,
ojP5v,2r3k1/ppp1p1b1/3pN2p/3Pnq2/5R2/2N1Q2P/PPP3p1/6K1 b - - 1 27,f5c2 f4f2 c2d3 e3d3 e5d3 f2g2,2277,80,82,97,advantage long middlegame,https://lichess.org/hm0n3KQn/black#54,
bDN0R,r1br1k2/bp3ppQ/4pq2/8/P5N1/2P4R/3Bn1PP/R6K b - - 2 24,f6g6 h7g6 f7g6 h3h8 f8e7 d2g5,2108,76,95,10761,clearance crushing long middlegame,https://lichess.org/Ebaivt2C/black#48,
QlOyM,4r2k/pb2qp1p/3bp3/N4p2/4P3/3B4/P3QPPP/1R4K1 b - - 1 23,f5e4 b1b7 e4d3 e2b2 h8g8 b7e7,2111,76,87,151,advantage long middlegame,https://lichess.org/l8asaL9X/black#46,
l8GoQ,r4k1r/Np2ppbp/n3bnp1/1B1q4/3B4/2P2P2/PP2N1PP/R2QK2R b KQ - 2 12,a8a7 c3c4 d5d6 d4a7,2291,75,91,4471,advantage intermezzo master masterVsMaster middlegame short,https://lichess.org/PAIhB5zP/black#24,Sicilian_Defense Sicilian_Defense_Alapin_Variation
MKMOi,6k1/6p1/2p2p2/p2p1PP1/3P2K1/1PP5/8/8 b - - 2 38,g8f7 g4h5 f6g5 h5g5,2129,78,89,518,crushing endgame master pawnEndgame short zugzwang,https://lichess.org/kY1QwauO/black#76,
vCHmH,1R5R/p1p5/kpq1pr2/3p3p/Pb1Pp1b1/1PN5/1KPQ1P2/7B w - - 4 29,h1g2 f6f2 d2f2 c6c3 b2a2 e4e3,2265,76,94,548,advantage deflection long middlegame,https://lichess.org/h2OpZGDJ#57,
DsUh5,r1bq1rk1/pp3pp1/2n4p/2bp1n2/8/P1PB1N1P/1P1N1PP1/R1BQ1RK1 w - - 0 12,f1e1 c5f2 g1f2 d8b6 f3d4 c6d4,2123,76,100,221,advantage attraction kingsideAttack long opening sacrifice,https://lichess.org/kTwbbA4g#23,French_Defense French_Defense_Exchange_Variation
dL5vO,r4r2/ppp2p2/3p4/4p1k1/1PP1P2P/3P1K2/P4P2/R4R2 b - - 0 21,g5h4 f1g1 f8g8 g1g8 a8g8 a1h1 h4g5 h1g1 g5f6 g1g8,2256,75,93,1187,clearance crushing endgame quietMove rookEndgame skewer veryLong,https://lichess.org/eagz6rCb/black#42,
9tWP4,3r1r1k/RR6/2p1q2p/2P1Pbp1/Q3p3/4PpP1/P4P1P/5BK1 w - - 1 36,a4b3 e6b3 a2b3 d8d1 e5e6 f8d8,2173,111,86,21,clearance crushing defensiveMove long master middlegame,https://lichess.org/ouqhtZk3#71,
WGipJ,4r1k1/RR3p2/4p1p1/8/3P3K/5P1P/1Q4r1/7q w - - 0 37,b7f7 h1e1 b2f2 e1f2,2219,101,66,44,endgame mate mateIn2 short,https://lichess.org/F9srR6mh#73,
UhXrD,2r5/p5k1/2b2pp1/2PNr2p/P2R4/2Q1p1qP/4P1B1/R6K w - - 0 29,a1f1 e5g5 d4g4 h5g4 c3f6 g7h6,2156,81,91,1634,crushing defensiveMove long master middlegame,https://lichess.org/KUhdW52S#57,
2Jzp7,8/4b1p1/2p5/4PP2/kp2Kp2/5P2/1B6/8 w - - 3 46,e4f4 a4b3 f5f6 g7f6 e5f6 e7f8,2117,82,84,41,advantage bishopEndgame defensiveMove endgame long,https://lichess.org/YSxJD9ah#91,
N1wkJ,R7/5p1r/4p1k1/3nB1p1/3P1PP1/8/8/6K1 b - - 3 42,g5f4 a8g8 g6h6 e5d6,2160,83,85,80,advantage endgame master short,https://lichess.org/G2hZKaq4/black#84,
rR2EY,r6k/2p2Brn/pp5Q/8/P7/3P1P1P/1qP2P2/R4R1K w - - 1 24,f7g6 b2f6 f1g1 a8g8 h6e3 g7g6,2148,77,90,449,advantage long middlegame quietMove,https://lichess.org/LzETYVE0#47,
wyrTN,6k1/1ppq1rb1/p2p2p1/8/2P1P1b1/1PN1Q2p/P3N3/3R2KB w - - 0 24,d1f1 h3h2 g1g2 g4h3 e3h3 d7h3 g2h3 f7f1,2204,75,69,90,advancedPawn crushing exposedKing kingsideAttack middlegame veryLong,https://lichess.org/p54PgTSu#47,
kdBmP,r1b2rk1/2R2ppp/p5q1/1p2p1B1/3bP3/1B6/PP2QPPP/2R3K1 w - - 0 18,b3d5 g6g5 d5a8 c8g4 e2d3 f8a8,2293,77,93,3442,advantage discoveredAttack long middlegame sacrifice,https://lichess.org/K1GaiqL8#35,Sicilian_Defense Sicilian_Defense_Smith-Morra_Gambit_Accepted
MaL7m,1r6/2R1kppp/1p1p4/4p3/4q1B1/4P1KP/8/3R4 b - - 1 38,e7f6 d1d6 f6g5 h3h4,2150,76,99,395,endgame mate mateIn2 short,https://lichess.org/aQy9Pm9w/black#76,
gU3Iw,3q2k1/1r3ppp/rNp1p3/2PP4/1P1b3n/P6P/2Q2PP1/RRB3K1 b - - 0 29,d4a1 d5c6 b7b6 c5b6 d8d5 f2f3 a1d4 g1h1 d4b6 c6c7 b6c7 c2c7,2110,80,62,74,advancedPawn advantage middlegame quietMove veryLong,https://lichess.org/WvGZ1Cf2/black#58,
tjnFt,5q1k/6p1/1n2Q2p/p2p4/1p1Pp1P1/PPr1P2P/K3R1N1/8 w - - 1 37,e6b6 f8f1 g2f4 c3c1 f4g6 h8h7,2259,76,91,1999,crushing endgame long quietMove,https://lichess.org/JJo43pmh#73,
EMv2s,rn3knr/p1pp1qpp/1p6/5pB1/2PP3Q/2PB3N/P2K1P1P/4R2b b - - 3 13,h1e4 d3e4 f5e4 e1e4 g8f6 g5f6,2193,78,77,406,advantage long middlegame,https://lichess.org/rM6qd5fZ/black#26,English_Defense English_Defense_Other_variations
O2TFI,6k1/5pb1/p2p2pp/qp1P4/2n2P2/2PN1B1P/PPK1Q1P1/8 w - - 9 29,d3b4 c4b2 f4f5 a5a3,2196,102,87,26,advantage endgame short,https://lichess.org/9SF0sLcL#57,
CJRfP,5r2/4Qnk1/1q1p2p1/pppP4/4P3/P7/NPP5/2K3R1 b - - 3 27,b5b4 g1f1 b6d8 f1f7 f8f7 e7d8,2293,75,93,353,crushing deflection endgame long,https://lichess.org/PpXdMEUn/black#54,
hjk2B,nr3r2/6k1/1P2q3/P1Pp4/4N2p/1B1Q1ppP/4N1K1/R2R4 w - - 0 37,g2g1 e6h3 d3d4 g7g6 e2f4 f8f4,2165,84,90,65,crushing long middlegame,https://lichess.org/YKEutVZT#73,
LOAU2,rn2kbr1/ppp5/5Q1p/3q2p1/3P4/P1N1P3/1P3PPP/R3K2R b KQq - 2 14,d5g2 f6e6 e8d8 e6g8 g2h1 e1e2 h1a1 g8f8,2247,79,80,154,advantage fork middlegame pin sacrifice veryLong,https://lichess.org/oEJ45wD2/black#28,Queens_Pawn_Game Queens_Pawn_Game_London_System
4wOu6,r1bq1rk1/p3b1pp/1p2p3/3pB3/3Q4/6P1/PPP1P1BP/R4RK1 w - - 0 16,e5g7 e7c5 d4c5 f8f1 a1f1 b6c5,2247,82,90,261,advantage long middlegame pin,https://lichess.org/6LGElKUm#31,Hungarian_Opening Hungarian_Opening_Slav_Formation
qYMX3,r3r1k1/1b3ppp/pp1q2P1/2pPn2P/5N2/1BN2P2/PP1Q4/2K4R b - - 0 22,h7g6 c3e4 e5f3 e4d6,2222,88,90,1842,advantage middlegame short,https://lichess.org/Xh1fbimh/black#44,
TuuzA,R7/8/8/8/5P2/1k4K1/p1r5/8 w - - 2 53,f4f5 c2c3 g3h4 c3c4 h4g5 c4a4 a8a4 b3a4,2299,81,87,236,crushing endgame exposedKing rookEndgame veryLong,https://lichess.org/1LEmBdPq#105,
0YxKE,8/p2r4/2RPk1p1/P6p/5K1P/8/8/8 b - - 0 47,e6f6 a5a6 f6e6 f4g5,2271,79,91,2291,advantage endgame rookEndgame short zugzwang,https://lichess.org/Vz3Akj1J/black#94,
Dw9SA,6k1/pb1R1rbp/np2p1p1/2p1P3/P1P2P2/2P5/4N1PP/3R2K1 b - - 4 24,a6b8 d7f7 g8f7 d1d8,2164,97,82,25,clearance crushing middlegame short,https://lichess.org/9BtVSVtY/black#48,
pDUnX,r4rk1/2p1qppp/2p1b3/4P3/p1B1P3/P1Q5/1P3PPP/3R1RK1 w - - 1 18,f2f4 e7c5 d1d4 a8d8,2205,79,87,329,advantage master middlegame short,https://lichess.org/FQMSvAFS#35,Queens_Gambit_Accepted Queens_Gambit_Accepted_Showalter_Variation
JtwrM,8/5r1k/1pb4p/p3R3/2PB4/P4rP1/3R1PK1/5N2 w - - 0 45,e5e6 f3f2 g2h3 f2d2 e6h6 h7h6,2232,78,83,60,advantage doubleCheck long middlegame,https://lichess.org/70OJFiE6#89,
rjmqa,1r5r/3b4/2pPk3/1p2p3/4Pp2/R6P/4B1PK/3R4 b - - 5 37,b5b4 a3a7 h8h7 e2g4,2241,95,84,44,advantage endgame short,https://lichess.org/9vrMQiv0/black#74,
CmavP,3Q4/ppp2kp1/1q2b2p/4r2n/P3N2P/1P4P1/2P4K/5R2 b - - 3 29,f7g6 d8e8 g6h7 f1f8 e6f7 e8e5,2294,78,93,1243,advantage long middlegame quietMove,https://lichess.org/0i6K1nPn/black#58,
hVCEV,8/3r2p1/p1p1rp1p/6k1/P5P1/2Bp1K2/8/3R4 b - - 4 39,g5h4 c3d2 e6e2 d1h1 e2h2 h1h2,2205,82,73,115,endgame long mate mateIn3 pillsburysMate,https://lichess.org/f9svh5dB/black#78,
iX9eS,3rr2k/p7/1p4Q1/2pb4/P7/2P4q/5RP1/5RK1 b - - 1 27,e8g8 g6f6 h8h7 f6e7 g8g7 e7g7 h7g7 g2h3,2227,76,92,2956,advantage exposedKing middlegame veryLong,https://lichess.org/toTcyRQX/black#54,
Grrti,r1b2rk1/1p3p2/4pBpp/p3P2P/3PP1Q1/P1p3P1/3q2B1/5RK1 b - - 4 28,g8h7 f6e7 g6g5 e7f8,2188,75,83,386,advantage master middlegame short,https://lichess.org/0Vwc7SyF/black#56,
bX8eM,8/7p/p5p1/1p2k3/8/PP2K2P/6P1/8 w - - 3 45,g2g4 g6g5 a3a4 b5a4 b3a4 a6a5,2114,75,95,548,crushing defensiveMove endgame long pawnEndgame quietMove zugzwang,https://lichess.org/EIhC7OEn#89,
Ke9co,5r2/1pp2r2/p2pk3/4p3/1P4P1/P1PPPpKp/5R2/5R2 w - - 3 28,f2f3 f7f3 f1f3 h3h2 f3f8 h2h1q,2179,144,36,14,advancedPawn crushing endgame long promotion rookEndgame,https://lichess.org/0XVyZ0GS#55,
iCDI0,5rk1/1b4p1/2p2q1p/1p6/1P1pQ1B1/5R1P/5P2/6K1 b - - 7 38,f6d6 e4e6 d6e6 g4e6,2159,77,87,119,crushing endgame short,https://lichess.org/TA72CwoH/black#76,
nqvP0,rnb1kb1r/pp2pp1p/1q3np1/8/3N4/2N1P3/PPQB1PPP/R3KB1R b KQkq - 0 9,f8g7 c3d5 f6d5 c2c8,2153,82,91,3305,crushing discoveredAttack opening short,https://lichess.org/nBuNKbDc/black#18,Neo-Grunfeld_Defense Neo-Grunfeld_Defense_Non-_or_Delayed_Fianchetto
qzZDU,8/4b3/1pq1P2P/pkp2Q2/8/1P1P2B1/4p2K/8 w - - 0 42,h6h7 e7d6 f5f2 d6g3 f2g3 c6e6,2119,81,91,472,crushing discoveredAttack endgame exposedKing long,https://lichess.org/oBRlkEUm#83,
3cgCR,8/8/8/5kP1/7P/4K3/3n1P2/8 b - - 8 47,d2f1 e3e2 f1h2 f2f3 f5g6 e2f2,2113,76,94,746,crushing defensiveMove endgame knightEndgame long quietMove,https://lichess.org/IO4iucVR/black#94,
ACblA,8/1b3p2/4p1pk/1p1qP1Rp/1PpN1P1P/2R1P1Q1/r5PK/1r6 w - - 7 36,f4f5 a2g2 g3g2 d5e5,2239,135,85,11,crushing deflection fork master middlegame sacrifice short,https://lichess.org/PPm0nhp1#71,
MZxgR,r4r2/6pk/p2p1b2/3Pq3/1p1B2R1/7P/PP1Q4/2KR4 b - - 1 25,e5d5 d2c2 h7g8 d4f6,2200,97,81,35,crushing middlegame pin short,https://lichess.org/fInC02zI/black#50,
mrmvU,3q4/5pkp/pn4p1/1pQ1P3/6NP/8/PP3PP1/6K1 w - - 1 32,c5c3 d8d1 g1h2 d1g4 e5e6 g7g8 e6f7 g8f7,2278,76,91,2596,advantage endgame fork veryLong,https://lichess.org/pGtxui88#63,
NJxZ3,r4rk1/ppp2bpp/1n6/5P2/4P3/q1PBQ3/P1PK4/6RR b - - 4 23,a8d8 g1g7 g8g7 e3h6 g7h8 h6h7,2137,84,84,196,attraction kingsideAttack long mate mateIn3 middlegame sacrifice,https://lichess.org/z9RsEzag/black#46,
2JFsi,1k4r1/p1p5/1p1p4/8/2P4B/PP1nr1PK/2N1pRP1/4R3 w - - 1 32,f2e2 d3f4 h3h2 e3e2 e1e2 f4e2,2133,84,79,77,advantage intermezzo long middlegame pin,https://lichess.org/aETRsgBb#63,
t4gyZ,3r4/2b5/p3pk2/1p3p2/b1pN2pN/P1P1R1P1/1n3PK1/1B6 b - - 1 38,b2d1 e3e6 f6f7 b1f5 d1c3 f5g6,2241,76,80,356,crushing deflection long middlegame,https://lichess.org/0PhqO3JL/black#76,
4hrqq,rn2k2r/1b1p1ppp/4q3/2p5/4PN1b/2N2Pn1/PP1B3P/R2QKB1R w KQkq - 0 15,f4e6 g3f5 e1e2 b7a6 c3b5 a6b5,2234,79,81,405,discoveredAttack discoveredCheck exposedKing long mate mateIn3 middlegame,https://lichess.org/SUhuPy3u#29,Benko_Gambit Benko_Gambit_Zaitsev_System
f7cf5,r1b2rk1/pp3p2/4p1p1/6Qp/1qBP4/8/P2N2PP/5RK1 b - - 2 20,b7b5 d2e4 b4c4 e4f6 g8g7 f6h5 g7g8 h5f6,2185,82,86,44,advantage kingsideAttack middlegame pin quietMove sacrifice veryLong,https://lichess.org/0oOXD9Gt/black#40,
4dxNc,5r1k/1bp3pp/ppq5/4B2Q/3P4/P1P2PP1/4r2P/2R2RK1 w - - 5 28,h5g4 c6h6 g4g7 h6g7 e5g7 h8g7,2130,81,91,176,advantage long middlegame,https://lichess.org/Oy9eKA7M#55,
wlaSa,7r/8/p1k5/1p4Kp/4p1p1/2P2p2/PP6/3R3R w - - 0 31,h1h5 h8h5 g5h5 e4e3 h5g4 e3e2 d1e1 f3f2 e1e2 f2f1q,2170,80,86,51,advancedPawn crushing endgame promotion rookEndgame veryLong,https://lichess.org/y8wabqp7#61,
sAosQ,6k1/1p3pPp/3p4/p2Bp1B1/4P3/2r5/P4QP1/1q1K3R w - - 2 29,d1d2 c3d3 d2e2 b1c2 e2f1 d3d1,2275,78,91,384,advantage endgame exposedKing long,https://lichess.org/Cnh0vikR#57,
zkThs,r4rk1/1b1Q3p/pq4pb/1p2p3/P1p1P3/2P3P1/2B1N1PP/1R3R1K b - - 2 24,b7c8 f1f8 h6f8 d7d5 c8e6 d5a8,2131,80,88,693,advantage fork long middlegame,https://lichess.org/gilIsYUl/black#48,
UGCYN,6k1/p4r2/8/3p4/1Pp2Bqn/P1QbP3/6PP/R3R1K1 w - - 3 35,f4g3 h4g2 c3d3 c4d3,2246,97,79,56,crushing master middlegame short,https://lichess.org/ZYA6wkxM#69,
BSKgE,8/p7/1p5p/1P1K3P/4pk2/P7/5P2/8 b - - 2 50,f4f3 d5e5 f3g4 e5e4 g4h5 e4f5,2248,95,90,3506,crushing defensiveMove endgame long pawnEndgame,https://lichess.org/UNaSdpjX/black#100,
4jIYn,8/8/2p5/p2k1ppp/Pp1P4/1P1K1PPP/8/8 b - - 0 34,f5f4 g3f4 g5f4 h3h4 d5e6 d3e4 e6d6 e4f4 d6d5 f4e3,2206,76,87,209,crushing defensiveMove endgame pawnEndgame quietMove veryLong zugzwang,https://lichess.org/0Wp1erAO/black#68,
VVi6q,r7/8/8/2p2p1k/2P2P2/p1P2P2/R7/5K2 w - - 1 45,f1e2 h5h4 e2f2 h4h3 a2a1 h3h2,2116,76,93,8617,crushing defensiveMove endgame long rookEndgame,https://lichess.org/qCwslCAr#89,
mjdW1,r1b2r2/pp5B/2pp3k/2q1pp1p/8/2N1P3/PP1Q1PP1/2K4R b - - 3 20,h6h7 d2d1 h7g7 d1h5 g7f6 h5h7 f8f7 h7h4 f6e6 h4d8 c5c3 b2c3,2204,126,79,21,crushing exposedKing middlegame veryLong,https://lichess.org/NoQSYQL7/black#40,
AwkeG,rr4k1/6pp/4p3/4qp2/B1Q1n3/4P3/5PPP/R4RK1 w - - 0 29,a4b3 e5a1 c4e6 g8h8,2228,80,76,75,crushing middlegame short,https://lichess.org/tqRF0xQI#57,
FBqjN,2r3k1/P3pp1p/KQ4p1/3q4/8/1P6/5P2/8 b - - 4 37,d5d6 b6d6 e7d6 b3b4 d6d5 b4b5 g8g7 b5b6,2266,87,90,495,crushing endgame quietMove veryLong,https://lichess.org/y2k6oMm4/black#74,
mnfPJ,8/8/8/3k1p2/2R3p1/3KP1P1/2P5/r7 w - - 16 46,e3e4 f5e4 c4e4 a1a3 d3d2 d5e4,2113,75,97,785,crushing deflection endgame long rookEndgame,https://lichess.org/pqcEsMg2#91,
TxE3u,2r1q1k1/pp2rp1p/2p2p2/5Q2/8/2P3P1/PP2bPBP/R3R1K1 b - - 1 19,e2d3 f5g4 g8f8 e1e7,2248,74,93,9420,crushing kingsideAttack middlegame short,https://lichess.org/exvE22Po/black#38,Zukertort_Opening Zukertort_Opening_Queens_Gambit_Invitation
bvBbS,4r2r/pkp3b1/1pNp4/3qnR1p/P5R1/3P2P1/2P1Q1BP/6K1 b - - 0 24,e5f3 g2f3 e8e2 f3d5 h5g4 c6d4,2139,87,91,3351,advantage discoveredAttack discoveredCheck long middlegame sacrifice,https://lichess.org/76Kt6Xwp/black#48,
foG21,3rkb1r/pQ1b1ppp/8/4N3/8/3q1P2/P3n1PP/1R2R2K b k - 0 19,d3c2 e5d7 f8e7 b1b2 c2b2 b7b2,2119,122,73,16,crushing long middlegame,https://lichess.org/guMdNs6C/black#38,Sicilian_Defense Sicilian_Defense_Other_variations
zXMfi,2RQ4/5pkp/3p2p1/1p2q3/8/1P4PP/5P1K/4r3 b - - 0 34,e5d5 d8f8 g7f6 f8h8 f6g5 f2f4 g5f5 g3g4,2294,77,52,95,crushing endgame veryLong,https://lichess.org/onVxWsNk/black#68,
WWY4G,3B2k1/5pb1/Q5p1/2p5/2P3p1/NP5b/r6P/2K5 w - - 0 33,a6c8 g4g3 c8b8 g3g2 d8b6 g8h7,2245,83,89,1154,advancedPawn crushing defensiveMove endgame long,https://lichess.org/BWyHy6M5#65,
c0c1d,r2br1k1/1p3ppp/p2B4/2p5/P3b3/1nP2N1P/1P2BPP1/3RR1K1 b - - 2 21,e4c2 e2d3 e8e1 d1e1 d8c7 d3c2,2222,75,87,216,crushing long master middlegame,https://lichess.org/HWQdmnSV/black#42,
BYdcu,r2q2k1/ppp2p2/2b1r3/4pRb1/4P1Q1/3P4/PPP3PP/R6K b - - 1 18,f7f6 f5g5 f6g5 g4e6 g8g7 a1f1,2248,81,90,1087,advantage defensiveMove discoveredAttack exposedKing kingsideAttack long middlegame,https://lichess.org/zlhM8asa/black#36,Vienna_Game Vienna_Game_Vienna_Gambit
TS1KE,8/p1p2k2/N1p2p2/4pK2/2P1P3/P7/7r/2R5 w - - 0 34,a6c7 h2g2 c7e6 g2f2 f5g4 f7e6,2103,78,91,758,crushing deflection endgame long quietMove,https://lichess.org/qsFhVCNv#67,
MZYzc,2bqr3/5k2/p1nBp1p1/2P4p/P3Q3/6PP/1r4B1/4R2K b - - 0 25,c8b7 e1f1 f7g7 d6e5 c6e5 e4e5 g7h6 e5b2,2125,145,100,27,equality fork middlegame veryLong,https://lichess.org/8lbrh7A0/black#50,
BHeZH,2q5/6k1/Q4p2/1P4p1/P1rPP2p/1bN5/3K2PP/2R5 w - - 5 40,d4d5 c8c5 d2e2 c4c3 c1c3 c5c3,2284,122,79,19,advantage endgame long,https://lichess.org/HRBTn9OT#79,
BKRME,1rb2rk1/p1q2p1p/4pp2/3p4/1b6/1PNBR3/P1PQ1PPP/R5K1 b - - 1 15,b4c3 d3h7 g8g7 e3c3,2294,77,93,550,advantage discoveredAttack middlegame short,https://lichess.org/bCAQ5k0z/black#30,Sicilian_Defense Sicilian_Defense_Open
KqQTF,1q6/6pk/5p1p/4n3/2PRP3/4R2P/1rQ3P1/7K w - - 1 45,c2c3 e5f3 e4e5 b2b1,2293,75,93,5042,crushing endgame short,https://lichess.org/cYnBEIod#89,
KFFom,1k5r/ppp5/6p1/3PQ3/2P5/1P1q1PP1/P7/1R2RK2 w - - 4 37,e1e2 d3b1 e2e1 h8h1 f1f2 b1c2 e5e2 h1h2,2126,88,77,41,advantage endgame exposedKing hangingPiece veryLong,https://lichess.org/FKyvOpbO#73,
eBCBX,3r4/2q3pk/2pRQ1p1/2P5/3Bpp2/7P/P4PPK/1r6 b - - 3 30,d8d6 c5d6 c7d8 e6f7,2252,82,90,653,crushing endgame master short,https://lichess.org/BdbkGdN5/black#60,
gFn8q,2br1q1k/6bp/1p3p2/2pB1n1Q/7B/2PP4/P4N1P/4R1K1 w - - 0 40,d5e4 f8e8 h5e8 d8e8,2193,89,85,31,advantage middlegame short,https://lichess.org/Hz3EYjFy#79,
2BWde,r2qr2k/5pp1/2p2b1B/p7/2pP4/5pR1/PPPQ3P/1K4R1 b - - 1 24,e8e2 h6g7 f6g7 g3h3 h8g8 g1g7,2251,84,88,594,crushing discoveredAttack kingsideAttack long middlegame sacrifice,https://lichess.org/2YBV6yZ5/black#48,
5oJWr,r2qk2r/1b1n1ppp/p2Q1n2/1p6/4Pp2/2N2B2/PPP2PPP/R3R1K1 b kq - 0 14,d8e7 e4e5 e7d6 e5d6 e8d8 f3b7,2110,77,85,289,advantage discoveredAttack discoveredCheck long middlegame,https://lichess.org/r2TXn3tU/black#28,Sicilian_Defense Sicilian_Defense_French_Variation
QmFzs,1rb3k1/2pBqpp1/1p2p2p/p1b1P3/P1P5/1P3QP1/1B3P1P/3R2K1 w - - 3 24,f3c6 c8b7 c6c7 e7d8 c7d8 b8d8,2216,86,90,707,crushing long middlegame,https://lichess.org/y2IWZYgJ#47,
VEsDk,r1bqr3/ppp3k1/2N3pp/3n4/2Q5/1P6/P1P2PPP/RNB1K2R w KQ - 1 13,e1f1 d5e3 f2e3 d8d1 f1f2 e8f8 f2g3 d1d6 c4f4 f8f4,2273,87,89,421,advantage clearance fork opening sacrifice veryLong,https://lichess.org/kiWpoWNm#25,Scotch_Game Scotch_Game_Scotch_Gambit
xxtmR,1r4k1/3q1pbp/P2p2p1/1p1P4/1R6/4B2P/5PP1/1R4K1 b - - 0 30,b8a8 b4b5 d7e8 a6a7 a8a7 e3a7,2130,82,82,36,advancedPawn advantage endgame long,https://lichess.org/9WXJfzva/black#60,
6z2W4,5r1k/R4b2/5q1p/p2p2p1/3P4/P1rB2QP/5P1K/6R1 w - - 0 30,a7a5 f7g6 a5a6 f6f2 g1g2 f2g3 g2g3 g6d3 a6h6 h8g7,2183,109,43,16,crushing middlegame veryLong,https://lichess.org/ATMT3I7f#59,
imXbU,1rb1r1k1/5q1p/6pQ/p1pp4/8/2PB4/PP3PP1/1K1R3R w - - 0 21,f2f4 c5c4 d3g6 f7g6 h6g6 h7g6,2290,87,91,513,crushing long middlegame,https://lichess.org/UOiENzdt#41,
SCZSx,8/2r5/1RPk2pp/p4p2/P1K2P2/1P6/7P/8 b - - 6 48,c7c6 b6c6 d6c6 h2h4,2168,96,90,552,crushing defensiveMove endgame master rookEndgame short,https://lichess.org/zVZ75JiI/black#96,
X4FRP,3Rk3/5r2/1Np4p/6b1/8/4P1P1/PPP4P/1K1R1q2 b - - 2 28,e8e7 b6c8 e7e6 d8e8 g5e7 e8e7 f7e7 d1f1,2163,76,72,111,crushing endgame exposedKing veryLong,https://lichess.org/nYKOXjMd/black#56,
fQcf2,5rk1/5r1p/P2p1qpP/3Pp3/1Pp1P1Q1/2Pn4/2B2P2/R3R1K1 w - - 1 39,c2d3 f6f2 g1h1 c4d3,2231,94,88,1218,crushing intermezzo kingsideAttack middlegame short,https://lichess.org/z4xEs0AU#77,
x79ks,4Q3/pp6/1n4rp/7k/2PP1p2/P2Pq2P/3KN2B/7R w - - 3 35,d2d1 e3e8 e2f4 h5h4,2158,77,85,76,advantage middlegame short,https://lichess.org/8UGhcaZg#69,
9339Y,3r1b1r/2R3pp/pk3p2/3nB3/P4P2/1p3B2/1P4PP/5R1K w - - 2 28,f3d5 d8d5 a4a5 d5a5,2211,76,81,140,advantage middlegame short,https://lichess.org/OeNHQP8O#55,
NUr5M,1r3rk1/4bpp1/p3p3/3pP1NP/1q3Q2/1P6/2P2P2/1K1R3R w - - 0 28,d1d4 b4c3 f4d2 c3d2,2261,86,86,36,crushing middlegame short,https://lichess.org/YIJ8UKQL#55,
N3eGJ,r3r3/1p1R2kp/p5p1/P3bp2/2B1p3/B5P1/5P1P/6K1 b - - 7 36,g7f6 d7f7 f6g5 a3c1 e4e3 c1e3 f5f4 g3f4,2208,75,95,795,advantage endgame veryLong,https://lichess.org/Ee1f4Rxc/black#72,
8NUEZ,4k2r/1pp2ppp/p3q3/PP1n4/1QBN4/4rR2/4K1PP/R7 w k - 0 25,e2f2 e3f3 g2f3 e6e3 f2f1 d5b4,2297,77,93,5360,clearance crushing fork long middlegame,https://lichess.org/ZI55KUrB#49,
V5lUy,2rr2k1/1p3pb1/p1bpp1pn/q6p/2PBPP2/1PN3PP/P2QR1B1/4R1K1 w - - 1 21,c3d5 g7d4 d2d4 e6d5,2270,85,91,1914,advantage master middlegame short,https://lichess.org/1NULCj88#41,
548WV,8/3kpp2/3p2p1/1p1P2Pp/1p1KP2P/1P3P2/P7/8 b - - 1 42,e7e5 d5e6 f7e6 e4e5 d6d5 d4c5,2120,77,87,95,crushing enPassant endgame long pawnEndgame,https://lichess.org/ZnmsLhAq/black#84,
udw2J,6R1/5p1p/7k/5Pp1/4Q3/4P1qP/1r1r2P1/R5K1 w - - 10 34,e4c6 h6h5 c6f3 g3f3,2209,75,93,397,crushing defensiveMove endgame master short,https://lichess.org/yqJURDST#67,
OQu4p,8/1p4k1/1Pp3p1/p1Pp1pb1/P2Pp3/4P1P1/3B4/7K b - - 0 40,g7h6 d2a5 g5e3 a5c3 e3f2 h1g2,2272,84,90,845,bishopEndgame crushing endgame long quietMove,https://lichess.org/RnD1wMAx/black#80,
h4Enm,8/8/p4p2/5k2/1p5P/1P3K2/1P6/8 b - - 2 54,a6a5 f3g3 f5e4 h4h5 e4f5 g3h4,2168,85,90,197,crushing defensiveMove endgame long master pawnEndgame quietMove zugzwang,https://lichess.org/qpKOeTFx/black#108,
GoldE,r2r2k1/1p1qbppp/p4nb1/6N1/1P1p1N2/PQ4P1/5PBP/R4RK1 b - - 1 19,e7d6 f4g6 h7g6 g2h3,2298,90,82,429,crushing master middlegame pin short,https://lichess.org/GyDTCk5k/black#38,English_Opening English_Opening_Kings_English_Variation
MnuP3,r1b2r1k/p5p1/1p2p1Rp/3pPqNQ/8/1P5P/P1P3P1/R5K1 w - - 3 24,g6f6 g7f6 h5h6 h8g8,2176,89,80,26,crushing middlegame short,https://lichess.org/30zx3xsH#47,
mFU6F,6k1/5pp1/6b1/1p1P4/p6R/B1r1PN2/5PPP/6K1 w - - 3 32,a3b4 c3c1 f3e1 a4a3 d5d6 g6f5,2146,85,87,76,advantage defensiveMove endgame long,https://lichess.org/gWZNltgt#63,
cuUqb,6k1/5ppp/PP2p3/4q3/1Qp5/P2r4/5P1P/b1K2R1R w - - 4 32,b6b7 d3c3 c1b1 c3b3 b4b3 c4b3,2128,78,92,183,crushing endgame exposedKing fork long,https://lichess.org/MrBgfgNI#63,
vYtA1,1r6/pp1k1p1p/3rn3/1Q6/4R3/2P4P/P1q2PP1/4R1K1 b - - 6 23,d6c6 b5f5 d7c7 f5f7,2200,97,84,18,crushing middlegame short,https://lichess.org/m7t48xEd/black#46,
XSH1y,8/8/6k1/7p/5R1P/4K1P1/8/5r2 b - - 4 52,f1f4 g3f4 g6f5 e3f3,2143,76,94,1372,crushing defensiveMove endgame short,https://lichess.org/RK4HmhjU/black#104,
piegD,r2qkb1r/pp3ppp/2p2n2/5p2/1n1P1B2/P1N5/1PP2KPP/R2Q1B1R b kq - 0 12,b4c2 d1c2 d8d4 f2f3,2279,75,92,3127,advantage defensiveMove opening short,https://lichess.org/hynd4dty/black#24,Rapport-Jobava_System Rapport-Jobava_System_Other_variations
5oRbA,7r/pprb1pk1/1q4p1/3RP1Pn/8/4P3/PP3Q2/KB4R1 b - - 0 28,d7e6 f2f6 g7h7 g1h1 e6g4 d5d6,2208,83,90,767,crushing long middlegame pin,https://lichess.org/dBPjmUA5/black#56,
hGMzS,r3k3/pp1b1p1p/4p3/3pn3/1P3N2/2P1q3/PB4BK/RN3Q2 w q - 8 23,b2c1 e5g4 h2h1 e3g3 f1g1 g4f2 g1f2 g3f2,2206,79,96,951,crushing exposedKing middlegame veryLong,https://lichess.org/ilFy4h1J#45,
gHolX,8/8/5ppp/8/3k1PPP/8/3K4/8 w - - 0 46,d2e2 d4e4 g4g5 f6g5 f4g5 h6h5,2251,76,82,72,crushing defensiveMove endgame long pawnEndgame,https://lichess.org/1Q6YFIBP#91,
FJ9AR,5r1k/6pp/1pN3p1/p3q3/P3n1P1/7P/1PQ2b2/R1B2RK1 w - - 0 25,f1f2 e5g3 f2g2 g3e1 g1h2 f8f1 g2g1 f1g1 c1f4 g1h1,2295,76,91,839,crushing exposedKing middlegame quietMove veryLong,https://lichess.org/u1hJFmXT#49,
Jk9he,8/8/8/2PP1k2/3K1n2/8/8/8 b - - 0 55,f4g6 c5c6 g6e7 d4c5 f5e5 d5d6,2183,85,91,238,crushing endgame knightEndgame long master,https://lichess.org/b4pW7s79/black#110,
oDnIg,8/7p/1p2k3/pRb2p2/3pp3/P4P2/1PP2PKP/8 w - - 0 35,g2g3 e4e3 f2e3 d4e3 b5c5 b6c5,2295,103,89,912,advantage endgame long,https://lichess.org/190FHoYI#69,
ai4Ak,8/4k2Q/p7/2pPpPb1/2Pnq3/P5K1/8/8 b - - 3 48,e7f6 h7g6 f6e7 f5f6,2187,78,84,278,crushing endgame short,https://lichess.org/py8mFbJ4/black#96,
sAHnD,2krr3/Qpp5/8/3B1Rp1/3P4/4qK2/PPP5/R7 w - - 3 26,f3g4 e8e4 d5e4 e3e4 g4g3 e4f5 a7a8 c8d7 a8d8 d7d8,2207,75,87,506,crushing deflection middlegame sacrifice veryLong,https://lichess.org/JFWDOd1U#51,
Irzo5,8/3k1b2/p1p2B2/2QpPp1q/8/2N2P2/Pr2K2P/3R4 w - - 1 38,d1d2 h5h2 e2f1 h2h1 c5g1 h1g1 f1g1 b2d2,2243,88,46,30,crushing middlegame veryLong,https://lichess.org/t0ZLU2YV#75,
PtAsC,3rr2k/2Q2ppp/2p2qb1/P3p3/4Pn2/2P2N1P/1P1N1PP1/R3R1K1 b - - 0 21,d8d2 f3d2 f6g5 g2g3 f4h3 g1g2,2206,86,91,1077,advantage hangingPiece long master middlegame,https://lichess.org/rm07R58C/black#42,
8tBC4,8/8/1p5b/1P1pP2p/p2Pk1pP/P3p1P1/4K3/2B5 w - - 4 42,e5e6 h6f8 c1e3 e4f5,2238,92,70,36,bishopEndgame crushing endgame short,https://lichess.org/8DbcA53R#83,
zLbxG,r2q1r1k/4bppp/p3p3/P2nP3/1pN5/6Q1/1P3PPP/R1B2RK1 w - - 3 18,f1d1 d5c3 d1d8 c3e2 g1f1 e2g3,2148,80,91,910,crushing fork long master middlegame sacrifice,https://lichess.org/1NZFWDZj#35,Queens_Gambit_Accepted Queens_Gambit_Accepted_Alekhine_Defense
hol5F,3r4/5p1p/p4qk1/5N2/8/7P/PrPQ1PP1/4R1K1 w - - 1 27,f5e7 f6e7 d2c3 e7f6,2188,76,86,358,advantage endgame short,https://lichess.org/JTy9LERm#53,
JC3MJ,1r1r2k1/2p2p2/pb5p/2q3p1/Q3B3/2B2N2/PP3nPP/R4RK1 w - - 0 22,c3d4 d8d4 f3d4 f2e4,2110,80,70,48,advantage middlegame short,https://lichess.org/YydGUtKY#43,
kR1zN,r4r2/1q2bppk/p2p1n1p/1ppN1P2/4P3/4B1Q1/PPP3PP/3R1RK1 b - - 3 18,f6e4 g3f3 b7d5 d1d5,2110,74,86,125,crushing middlegame short,https://lichess.org/1A8egasv/black#36,Sicilian_Defense Sicilian_Defense_Grand_Prix_Attack
Xilyt,3r3r/pk1nqppp/2p1b3/Q2pN3/N2P1P2/5R1P/PPP3P1/2Kn4 b - - 1 18,d8b8 f3b3 b7a8 e5c6,2148,78,83,65,crushing deflection middlegame short,https://lichess.org/IvM1K1OB/black#36,French_Defense French_Defense_Exchange_Variation
6AyKQ,r2qr1k1/ppb2pp1/5n2/3p2B1/5Pp1/2P3Q1/PP1N4/R4K1R b - - 1 20,d8e7 g3h2 e7e2 h2e2 e8e2 f1e2,2104,81,90,719,advantage long middlegame quietMove,https://lichess.org/HgtVM87F/black#40,
VP5AF,r1b1k2r/p1pqbppp/3p1n2/8/3N4/5Q2/PPP2PPP/RNB1R1K1 b kq - 5 11,a8b8 d4c6 c8b7 c6b8 b7f3 b8d7,2238,77,93,5424,crushing long opening,https://lichess.org/7RuQ1SwP/black#22,Ruy_Lopez Ruy_Lopez_Steinitz_Defense
9MZhW,K7/8/6p1/8/4kp2/8/5R2/8 w - - 1 56,a8b7 f4f3 f2b2 g6g5 b7c6 g5g4,2289,82,77,57,advantage defensiveMove endgame long quietMove rookEndgame,https://lichess.org/KV9Rd842#111,
Se9dc,6rk/p2Q3p/1pN1pq2/1Pb2p2/2P1b3/6P1/P4P1P/R3RBK1 w - - 5 32,e1e4 f5e4 f1e2 f6a1,2270,90,90,1025,crushing hangingPiece master middlegame short,https://lichess.org/MeYHzGfw#63,
ykTJo,2k2b2/1p1q3p/1R1p4/3p2r1/1Q1P2R1/4Pp1K/8/3N4 w - - 0 40,b4c3 c8b8 d1f2 h7h5,2244,86,85,232,crushing defensiveMove master middlegame pin short,https://lichess.org/ZZegK2Mg#79,
AT1gC,3brqk1/pb5p/1p1p2p1/1P1Pn3/P3Bp2/1N5R/1B3PPP/3Q2K1 b - - 1 32,e5c4 e4g6 h7g6 h3h8,2193,85,89,1447,advantage kingsideAttack master masterVsMaster middlegame sacrifice short,https://lichess.org/A0BLjyC9/black#64,
G6zL4,7k/pb2pBbp/6p1/4P3/4qB2/1Q5P/PPP2RPK/3r4 w - - 1 24,c2c3 d1h1 h2h1 e4e1 h1h2 e1f2 b3b7 f2f4 h2g1 f4f7,2230,80,86,98,advantage attraction fork middlegame sacrifice veryLong,https://lichess.org/5StlwJP7#47,
A0q6z,3q2k1/6pp/5p2/p2rp3/PbN5/1P2PQ1P/5PP1/2R3K1 w - - 0 31,c4b6 e5e4 f3e4 d5d1 c1d1 d8d1 g1h2 d1d6 g2g3 d6b6 e4d5 g8f8,2175,76,93,5561,advantage defensiveMove endgame fork veryLong,https://lichess.org/gWjtgAti#61,
KBrxh,r1b1r3/ppk4p/1qpp4/2n5/2P1P2Q/3p4/PPBP2PP/RNB2RK1 w - - 0 16,b1c3 c5e4 g1h1 e4f2,2265,80,82,207,advantage discoveredAttack discoveredCheck kingsideAttack middlegame short,https://lichess.org/tRlvHgtJ#31,Kings_Pawn_Game Kings_Pawn_Game_Busch-Gass_Gambit
k5bkJ,3rb2r/1Qpk1pb1/3p3p/2PPq3/4P1n1/2N1B3/PP4PP/4RRK1 w - - 1 25,b7c6 d7e7 c6c7 d8d7 c5d6 e7f8 e3f4 e5d4,2186,85,91,1778,advantage middlegame sacrifice veryLong,https://lichess.org/Yzn2w8Tp#49,
dJUrd,8/8/8/3p1kpp/3P4/4K2P/5P2/8 w - - 2 48,e3f3 h5h4 f3e3 g5g4 h3g4 f5g4,2171,75,91,657,crushing endgame long master pawnEndgame quietMove,https://lichess.org/XDb3xprG#95,
GNTQi,r3k1nr/p1p2ppp/8/1p2q3/Qb1n4/2N1BP2/PP3PPP/R3KB1R w KQkq - 0 11,f1b5 e5b5 a4b5 d4b5,2124,76,67,156,advantage middlegame pin short,https://lichess.org/d4XDrda8#21,Queens_Gambit_Declined Queens_Gambit_Declined_Chigorin_Defense
FbLWo,2r3kr/R4p2/3Bb3/2Q3P1/6P1/7q/P6P/5RK1 w - - 1 29,f1f7 h3g4 g1f2 e6f7,2274,80,80,396,crushing intermezzo middlegame short,https://lichess.org/8eQKxgkw#57,
AXmjG,2r3k1/3b1pp1/4pq1p/1p1p4/pP1P1P2/P1rB2P1/3Q3P/2R2RK1 w - - 0 24,c1c3 f6d4 g1g2 d4c3 d2c3 c8c3,2275,75,85,305,crushing long middlegame,https://lichess.org/IbA6wmHw#47,
XhaMB,r2q1nk1/pp1b1p1p/2pb4/7N/3PR2p/5QP1/PPP2P1P/2B3K1 b - - 1 22,f7f5 f3b3 f8e6 e4e6 d7e6 b3e6,2105,85,85,33,advantage kingsideAttack long master middlegame,https://lichess.org/2bpcWTss/black#44,
x2B4F,6Q1/8/p4q2/1p1k1p2/8/P6P/2P4K/8 b - - 5 51,f6e6 g8e6 d5e6 h2g3 e6e5 g3f3,2124,92,82,41,crushing defensiveMove endgame long queenEndgame,https://lichess.org/z0OHHQFA/black#102,
h51Ht,N6r/3bkppp/p2b1n2/Q1p1q3/4P3/8/PPP2PPP/R1BR2K1 w - - 5 16,a8b6 e5h2 g1f1 h2h1 f1e2 d7g4 f2f3 h1g2,2164,76,94,4731,crushing kingsideAttack middlegame veryLong,https://lichess.org/UvG9b2IM#31,Four_Knights_Game Four_Knights_Game_Ranken_Variation
lezGx,4r1k1/2p2pp1/3p4/p1p2PQ1/P3P3/2bb4/1q1B3P/2R3RK w - - 0 29,d2c3 d3e4 g1g2 e4g2 h1g1 f7f6 c3b2 f6g5,2198,79,91,879,advantage middlegame veryLong,https://lichess.org/oufhq5oj#57,
XGkNY,1k4r1/ppp2p2/3bq3/5r1p/8/P3B1P1/1P2PPQP/1RR3K1 w - - 0 22,h2h4 g8g3 f2g3 e6e3 g1h1 f5f2,2199,93,80,64,crushing deflection kingsideAttack long middlegame pin,https://lichess.org/9eS6nSyh#43,
D9Tl9,5rk1/5p1p/bq3Bp1/p2pQ1Pr/1p1P4/1P6/P4R1P/3R3K b - - 8 33,b6c6 f6h8 f7f6 f2f6 f8f6 h8f6,2138,110,80,15,crushing long middlegame quietMove,https://lichess.org/TH6QrVqz/black#66,
WdxvP,2k5/8/8/p3PP2/b2N4/2p5/1p4PP/1K6 w - - 0 37,f5f6 a4e8 e5e6 e8g6 d4c2 c8d8,2201,80,85,93,crushing defensiveMove endgame exposedKing long quietMove,https://lichess.org/KpHFPyep#73,
z2gRo,8/8/P4R2/2KRn3/1P2k2p/2r5/8/8 w - - 3 40,c5d6 c3c6 d6e7 e4d5,2149,82,91,907,advantage deflection endgame short,https://lichess.org/MgqdYKIj#79,
itY49,8/5pR1/4p3/4P3/3PK2k/r6p/8/8 w - - 10 58,g7f7 h3h2 e4f4 a3f3 f4f3 h2h1q,2105,85,90,837,advancedPawn attraction crushing endgame long master promotion rookEndgame,https://lichess.org/CFJ3859g#115,
RNRVr,5Q2/2p4r/6p1/3Pp2r/B1P3k1/1P6/5P2/6K1 w - - 7 51,f2f3 g4g3 g1f1 h5h2,2256,83,89,1205,crushing defensiveMove endgame short,https://lichess.org/U0832xKG#101,
Y0psm,2q1r1k1/2Pb1ppp/p7/1pRpn2r/1P1Np2P/P3P1P1/3Q1P2/4R1KB w - - 1 31,c5d5 e5c4 d5h5 c4d2,2268,80,100,76,advantage middlegame short,https://lichess.org/ZLV1KI6q#61,
QmMSq,rn2kb1r/pp3qp1/2p1B1p1/8/3P4/2P5/P1PBQ1PP/R5K1 b kq - 0 15,f7c7 e6f7 e8f7 a1f1 f7g8 e2e6,2294,79,92,994,attraction crushing discoveredCheck doubleCheck exposedKing long middlegame sacrifice,https://lichess.org/AJQE8TEI/black#30,Caro-Kann_Defense Caro-Kann_Defense_von_Hennig_Gambit
i4PHg,r6k/2p3p1/3p2Rp/pPpPp2P/P3Pr1q/1P6/3Q1P2/2K3R1 b - - 5 30,f4f2 d2h6 g7h6 g6h6,2121,76,93,494,endgame kingsideAttack mate mateIn2 sacrifice short,https://lichess.org/mXLtFf3E/black#60,
F1CKK,r4rk1/3q1pp1/2p4p/1p1nPN1P/p7/2P2Q1R/1P4P1/1K2R3 b - - 0 26,a4a3 f3g4 d7f5 g4f5,2189,83,89,962,crushing middlegame short,https://lichess.org/cpYw3Ege/black#52,
7Ndh9,8/8/4p3/3pP2p/3P2k1/6P1/5K2/8 b - - 3 52,g4h3 f2f3 h3h2 g3g4 h5g4 f3g4 h2g1 g4g5 g1f2 g5f6,2154,75,96,2875,crushing endgame pawnEndgame veryLong zugzwang,https://lichess.org/z4oFzqmY/black#104,
MgOor,5rk1/1Q3ppp/4p3/1PPp4/3qn3/B7/5PPP/2R3K1 w - - 5 28,c5c6 d4f2 g1h1 f2e3,2254,77,65,110,crushing endgame master short,https://lichess.org/SSS3iZpL#55,
BftP0,8/p4pkp/6p1/2p5/1n5P/PP2PKP1/8/1B6 b - - 0 47,b4c6 f3e4 c6e7 e4e5,2123,146,71,8,crushing defensiveMove endgame short,https://lichess.org/pKxO3ItI/black#94,
nk3TW,r1r2k2/3q2p1/p3pbQ1/1p1n2N1/Pn1pN3/7P/1P3PP1/R4RK1 b - - 4 25,d5f4 e4f6 f4g6 f6d7 f8e7 d7b6,2214,77,99,133,advantage long middlegame,https://lichess.org/JiR1xPhS/black#50,
YVnzX,5k2/6p1/8/2R2PP1/7p/8/5r2/2K5 w - - 0 48,g5g6 h4h3 c5c8 f8e7 f5f6 f2f6,2267,100,84,32,crushing endgame long rookEndgame,https://lichess.org/tcXibhz3#95,
0IuAP,8/p4ppp/8/PP1k4/1Kp5/8/5PPP/8 b - - 1 37,c4c3 b4c3 d5c5 b5b6 a7b6 a5a6 c5c6 c3b4,2144,77,93,1160,crushing defensiveMove endgame pawnEndgame veryLong,https://lichess.org/TYh8drDz/black#74,
Q7gI4,6k1/1b3ppp/p3p3/1p1nN1b1/3P3P/1B6/PP2QPP1/2r3K1 w - - 1 21,g1h2 g5f4 g2g3 d5c3,2188,82,91,392,advantage middlegame short,https://lichess.org/vPSB9U6m#41,
2tyj5,r2q1rk1/5ppp/4bn2/pp6/3b4/Q2P2P1/PB2PPBP/RN3RK1 w - - 0 16,g2a8 b5b4 a3a4 d4b2,2167,81,91,244,advantage master middlegame short,https://lichess.org/X20BS2hj#31,Kings_Indian_Attack Kings_Indian_Attack_Other_variations
qknSE,2r3r1/1b1k1p2/p3pB1p/8/1p1N4/8/PPP3PP/R4RK1 w - - 0 23,a1d1 g8g2 g1h1 g2d2 d4f3 b7f3 f1f3 d2d1,2154,83,90,434,advantage discoveredAttack discoveredCheck middlegame veryLong,https://lichess.org/XhrWVsGO#45,
Sm8Sy,8/6p1/4p3/4pkp1/8/4K1PP/5P2/8 b - - 0 36,g7g6 g3g4 f5f6 e3e4 f6f7 e4e5 f7e7 f2f3 e7f7 e5d6,2299,89,89,286,crushing endgame pawnEndgame quietMove veryLong zugzwang,https://lichess.org/Nd1DUwot/black#72,
U4WgU,7R/4r1p1/1Q5p/6r1/6Pk/P3n2P/8/6K1 w - - 1 43,g1f2 h4h3 b6e3 e7e3,2190,79,81,89,advantage endgame short,https://lichess.org/VenL8WkU#85,
S6STx,8/R7/8/7P/bk6/p4KP1/6P1/8 w - - 2 49,a7e7 a4d1 f3f2 a3a2 e7b7 b4a3,2195,81,91,404,advancedPawn advantage defensiveMove endgame long,https://lichess.org/rZDMedKk#97,
TdUGJ,r3q3/ppp3b1/3p2k1/3NpnP1/2B1pr2/1Q3b2/PPPK1P1R/R7 b - - 3 21,e8c6 d5f4 e5f4 c4f7 g6g5 a1g1 f5g3 f2g3 e4e3 d2c1,2296,89,91,1464,clearance crushing defensiveMove exposedKing master middlegame veryLong,https://lichess.org/Uv8r2tr6/black#42,
8KeXL,2k4r/npp1qp2/p3p1p1/1b1pP1P1/3P3R/PN3N2/1PP2P2/1K1QRB1r b - - 0 23,h8h4 f1b5 h1e1 d1e1,2195,76,85,347,advantage middlegame short,https://lichess.org/Motq3jsj/black#46,
Pm3ql,R7/1p3Qpk/7p/4q3/8/6PP/5P1K/1r6 b - - 0 32,e5f6 f7g8 h7g6 a8f8 f6e7 f8e8,2218,95,74,32,advantage endgame long,https://lichess.org/sWoO1XcC/black#64,
KhXM1,1Qb3k1/p4p1p/1p4pB/3q1p2/3P4/8/1P4PK/8 b - - 1 24,d5e6 d4d5 e6e8 b8d6,2274,79,86,251,crushing endgame short,https://lichess.org/o37e4wTl/black#48,
3oMl6,3r4/6Rp/p2pk2P/1p6/PP6/1K6/5P2/8 b - - 0 34,d8d7 a4b5 a6b5 g7d7 e6d7 b3c3 d7e6 c3d4,2242,128,84,21,crushing defensiveMove endgame rookEndgame veryLong,https://lichess.org/rduAeBgF/black#68,
3wLeB,3r1rk1/pp2npp1/1q5p/4Nb2/5N2/PB4R1/1P1p1PPP/2RQ2K1 w - - 0 22,c1c3 b6b3 c3b3 f5c2,2181,79,93,6712,advantage middlegame sacrifice short,https://lichess.org/ydbSb85t#43,
Vu8nZ,rn4nN/1k4p1/p3Q2p/1p6/1q6/8/PPP2PPP/3R2K1 b - - 0 24,b8c6 d1d7 b7b6 e6e3 b6a5 d7d3,2187,110,86,11,advantage defensiveMove long middlegame,https://lichess.org/jK5ilRWq/black#48,
brhZx,1n3rk1/5ppp/Bp2pn2/r2p4/P2P4/4PN2/3N1PPP/R3K2R b KQ - 0 15,b8a6 d2b3 a6b4 b3a5 b4c2 e1e2,2127,80,88,45,advantage defensiveMove long middlegame trappedPiece,https://lichess.org/FxqJrrKB/black#30,Queens_Pawn_Game Queens_Pawn_Game_Other_variations
aLqSd,r2r2k1/5p2/p6P/4qpQn/1p1NP3/5P2/PPP4P/1K1R4 b - - 1 26,g8f8 d4e6 f7e6 d1d8 a8d8 g5d8 f8f7 h6h7,2127,76,85,93,advancedPawn crushing discoveredAttack middlegame veryLong,https://lichess.org/28gcvAb3/black#52,
eTF2f,r2qkb1r/pbpnpppp/1p1p4/8/2B5/P2P1N2/1PP2PPP/R1BQR1K1 b kq - 2 9,g7g6 f3g5 d6d5 d1f3 f7f6 g5e6,2127,80,58,54,advantage clearance long opening,https://lichess.org/vha70ZYF/black#18,Owen_Defense Owen_Defense_Other_variations
OLCjM,3r1r2/pb2bp1k/4p1pP/qpn1P2P/5B2/2Pp1NQ1/PP3P2/1BKR3R w - - 5 22,f4g5 c5e4 h5g6 f7g6 g5e7 e4g3,2185,82,89,845,advantage long middlegame,https://lichess.org/wDeEAXQL#43,
wCnZ2,5k2/1R6/p6p/3qP1p1/8/8/1P4P1/4RK2 w - - 7 42,b7b6 d5c4 e1e2 c4c1,2170,77,78,340,crushing endgame queenRookEndgame short,https://lichess.org/AcXAdXNp#83,
9VJCz,8/pp3p1k/2p3pb/2p1P3/2P1BP2/1P3QKP/P7/6q1 w - - 3 38,f3g2 g1e3 g2f3 h6f4,2244,83,89,675,crushing endgame master short,https://lichess.org/cbGFmQ11#75,
Mxh1b,r4r1k/pp3qp1/2b1pp1p/4n3/7Q/8/PP1B1PPP/RB3RK1 w - - 8 22,d2h6 g7h6 h4h6 h8g8,2209,76,81,158,advantage middlegame short,https://lichess.org/MljNFFVi#43,
9WIfH,5r1k/6pp/p7/Pr1PP3/8/6P1/2q3BP/3R2QK w - - 5 47,g1e1 b5b2 e1g1 f8f2 d1f1 f2f1,2112,75,84,83,crushing endgame long pin quietMove,https://lichess.org/CPo1tOSP#93,
SpDcD,q7/Pr2ppk1/5b1p/2QP2p1/8/4B1P1/R6P/6K1 w - - 1 42,d5d6 b7b1 g1f2 a8h1 c5c4 h1h2,2118,79,91,229,advantage clearance endgame long,https://lichess.org/BH27zpWq#83,
6pVWE,r1b2r2/5p1k/p3p2b/1p2Q3/2p1NnP1/P5q1/BPP5/1K5R b - - 5 28,g3g2 h1h6 h7h6 e5g5 h6h7 e4f6 h7h8 g5h6,2249,76,94,10932,attraction exposedKing fork mate mateIn4 middlegame sacrifice veryLong,https://lichess.org/gmmOINTx/black#56,
uiFVi,1kr5/1p3p1p/1q6/p1bpPN2/P7/1P4P1/2Q1P3/1K1R4 w - - 1 26,d1d5 c5a3 c2d3 b6g1 b1a2 g1c1 d3b1 c8c2 b1c2 c1c2,2183,80,90,365,clearance crushing endgame exposedKing quietMove veryLong,https://lichess.org/IIS9RkVO#51,
gCaaM,8/7p/3pk1p1/2p5/4RP2/1P5P/r1PK4/8 b - - 0 53,e6f5 e4a4 a2a4 b3a4 f5e6 c2c4,2183,78,91,1802,crushing defensiveMove endgame long master rookEndgame,https://lichess.org/ZbIvRaAd/black#106,
e87M8,r1b2rk1/1p1pQNb1/p5pp/8/8/6P1/Pq2PPBP/R4RK1 b - - 0 21,f8f7 g2d5 b2f6 e7e8 g7f8 a1c1 g8g7 c1c8 a8c8 e8c8,2220,84,90,827,advantage exposedKing middlegame pin veryLong,https://lichess.org/kXTwnjFb/black#42,
2xc0p,2r1r1k1/pp1b1pbp/1q1ppnp1/4P1B1/2nP4/2N2NPP/PP2QPB1/1R1R2K1 b - - 2 16,d6e5 g5f6 g7f6 d4e5 f6g7 d1d7,2292,85,92,623,crushing discoveredAttack intermezzo long master masterVsMaster middlegame,https://lichess.org/NbeWKlj2/black#32,Zukertort_Opening Zukertort_Opening_Sicilian_Invitation
TlkgQ,r1b2nk1/1p4p1/pqn1p3/7Q/4N3/7P/PP4P1/4R2K b - - 2 25,f8h7 h5e8 h7f8 e1f1 b6b4 e8f7,2249,88,90,418,middlegame,https://lichess.org/ypkZU2t3/black#50,
DzoXN,5r1k/p1p3p1/1p5p/8/P1Q5/7P/1P3PPN/1q1N3K w - - 1 30,c4d4 f8f6 d4d8 h8h7 h2g4 f6d6,2159,154,0,13,advantage endgame long,https://lichess.org/Ms7xVq23#59,
d5A8K,r1br2k1/1p5p/p3p1pB/3q1pR1/2nP3N/8/5PPP/3QR1K1 b - - 1 26,d5d4 h4g6 h7g6 g5g6 g8f7 d1h5,2166,108,88,36,advantage kingsideAttack long middlegame,https://lichess.org/UxbUagTK/black#52,
y3bnJ,8/8/7K/6p1/3n4/1k5P/6P1/8 b - - 0 50,d4f5 h6g5 f5e3 h3h4 e3g2 h4h5,2120,84,91,996,crushing defensiveMove endgame knightEndgame long quietMove,https://lichess.org/25HObI9j/black#100,
GkNvs,r2q1rk1/1bp2ppp/pp3n2/2b1p3/P1BnP3/3P3P/1PP1N1PN/R1BQ1RK1 w - - 2 13,e2d4 d8d4 g1h1 f6e4,2101,80,88,226,advantage kingsideAttack middlegame short,https://lichess.org/p9tUkM7m#25,Bishops_Opening Bishops_Opening_Berlin_Defense
LHDfT,r1b4k/1p4p1/2pp1q1p/p4P2/8/P3Q3/1P3RPP/3B2K1 b - - 0 23,c8f5 d1g4 f6e6 e3e6 f5e6 g4e6,2270,98,87,396,advantage endgame long xRayAttack,https://lichess.org/AmmAZgYZ/black#46,
25BHf,8/6p1/1pr3k1/p2R2Pp/P7/1P3PK1/8/8 b - - 3 55,c6c5 d5c5 b6c5 g3h4 g6f5 h4h5,2177,78,89,174,crushing endgame long rookEndgame zugzwang,https://lichess.org/kotJCRir/black#110,
7bP4g,2krn2r/pppq4/2np2p1/4p1P1/4B2p/1PP4P/PB1PQP2/R3R1K1 b - - 0 17,d7h3 e4f3 h8f8 f3g4 h3g4 e2g4,2181,84,90,828,advantage fork long middlegame,https://lichess.org/0Ix9t695/black#34,Vienna_Game Vienna_Game_Max_Lange_Defense
0MnK0,3Q2k1/pp4r1/2pp2n1/2q1p3/2P2p2/2PP1N2/3K1P1P/2R5 b - - 6 37,g8h7 f3g5 h7h6 g5e4,2202,75,93,429,crushing endgame master short,https://lichess.org/cYnve7dX/black#74,
FcjOV,5rk1/R4p1p/6p1/P2Q4/6q1/4P1P1/4KP2/8 w - - 1 46,d5f3 g4c4 e2e1 f8d8 a7c7 c4c7,2240,91,90,531,crushing endgame long quietMove,https://lichess.org/75LGMsu4#91,
ziXT3,r4r2/pb2n1kp/5q2/2p2pN1/2N1p3/1P2P3/P3QPP1/R2R2K1 w - - 2 20,d1d7 f6a1 g1h2 a1f6 e2h5 h7h6,2298,95,90,841,advantage hangingPiece long master middlegame,https://lichess.org/kvRmMV8J#39,
zY41d,r2q3r/1pp2k2/p2pbn1p/8/3bPB2/2NP2Q1/PPP3PP/R3NRK1 w - - 1 17,g1h1 h8g8 g3f3 e6g4,2249,154,82,31,equality middlegame short,https://lichess.org/gRdn7jl4#33,
S0M2X,8/p2rk3/1p1Rp1pp/1P2Pp2/2PK1P1P/6P1/8/8 w - - 1 41,c4c5 b6c5 d4c5 d7d6 e5d6 e7d7 c5c4 d7d6,2130,75,96,1589,crushing endgame rookEndgame veryLong,https://lichess.org/AMEsOxc3#81,
wyfvN,2r3k1/3n1pp1/4b2p/3p3P/5Q2/P1qBBP2/P4PP1/1R4K1 w - - 0 24,d3f5 c8c4 b1b8 d7b8,2247,77,85,72,advantage master middlegame short,https://lichess.org/Zwds2nhr#47,
TdoOs,r1b4r/pp1p3p/5Qpk/3pP3/5P2/2q5/P2N2PP/RK5R w - - 0 22,f6h8 d7d6 h8f8 h6h5 h1c1 c3b4 b1c2 c8f5 f8f5 g6f5,2299,99,89,756,crushing fork middlegame veryLong,https://lichess.org/8b5tgvqH#43,
O9cD5,r1b1k2r/p2p1p2/1p2p2p/6N1/1qPb4/1P1B2P1/P1Q1KPP1/3R3R b kq - 0 18,c8b7 g5f7 e8f7 d3g6 f7e7 d1d4,2130,77,86,713,advantage attackingF2F7 attraction discoveredAttack long middlegame sacrifice,https://lichess.org/vYjNBZiY/black#36,Nimzo-Indian_Defense Nimzo-Indian_Defense_Leningrad_Variation
9uTB3,3rr1k1/ppq2ppp/5n2/4b2b/2P5/1P1p1NPP/PBQ2PB1/R3R1K1 w - - 0 20,b2e5 d3c2 e5c7 e8e1 f3e1 d8d1,2252,82,90,1803,advancedPawn crushing long master middlegame pin,https://lichess.org/AHIrECMb#39,
p66VZ,2r2rk1/1b1p2pp/1q2p3/1p2Pp2/8/1B4QP/1PP3P1/RNB3K1 w - - 2 19,g1h2 f5f4 c1f4 f8f4 g3f4 c8f8,2220,79,71,296,advantage clearance long middlegame sacrifice,https://lichess.org/H43JFyPf#37,Sicilian_Defense Sicilian_Defense_Nyezhmetdinov-Rossolimo_Attack
fTr7T,8/6p1/8/1k3Kp1/6P1/8/8/8 b - - 1 47,b5c4 f5g6 c4d5 g6g7,2268,78,93,3441,crushing endgame pawnEndgame short,https://lichess.org/itzX9iHc/black#94,
uQ8ot,6k1/8/4R3/n3p1N1/8/r4PP1/2p1K2P/8 w - - 0 41,e2d2 a3c3 e6e8 g8g7 d2c3 c2c1q,2182,87,89,225,advancedPawn crushing endgame long promotion,https://lichess.org/rEcU5hY8#81,
24WwT,Q7/p1p3pk/bp1p1q1p/2b1pn2/8/2P4P/PP1P1PP1/R1B2RK1 w - - 1 19,f1e1 c5f2 g1f2 f6h4 f2g1 h4e1,2188,119,75,24,advantage attraction deflection kingsideAttack long middlegame sacrifice skewer,https://lichess.org/rtBxE2tN#37,
appS4,rn1qr1k1/pp3pp1/2p2p1p/8/1b1P3N/3Q2R1/PPP2PPP/R5K1 b - - 9 15,e8e1 a1e1 b4e1 h4f5 e1f2 g1f2,2218,78,76,470,crushing long middlegame,https://lichess.org/LUMFryVv/black#30,Caro-Kann_Defense Caro-Kann_Defense_Classical_Variation
cSpOY,4r2k/1p4qp/p2PB1p1/2Q2p2/8/1P5P/P4PK1/8 b - - 3 37,e8e6 d6d7 g7f6 c5c8 h8g7 d7d8q f6d8 c8d8,2184,89,91,1212,advancedPawn advantage endgame promotion veryLong,https://lichess.org/eiMyF7tf/black#74,
qotdX,6rk/p7/1p1p1P1r/2p1p2p/2P4q/P4QP1/1P4K1/3B1R2 b - - 0 34,e5e4 f3c3 h4g3 c3g3,2141,78,87,52,crushing endgame quietMove short,https://lichess.org/bCmfNZTG/black#68,
i3ABb,6k1/1p4pp/8/1N6/2r1p3/3p4/PP4PP/3R3K w - - 0 34,h1g1 e4e3 b5c3 c4c3 b2c3 e3e2 d1e1 d3d2 e1e2 d2d1q,2164,79,91,506,advancedPawn advantage endgame promotion sacrifice veryLong,https://lichess.org/W3lFLphg#67,
e88ID,5rk1/p5pp/3Qp3/3p3N/1p4P1/1P2q2P/P4pK1/5R2 w - - 2 35,d6g3 e3e4 g2h2 g7g6 f1f2 f8f2 g3f2 g6h5,2283,77,88,955,advantage endgame master veryLong,https://lichess.org/cNByD132#69,
uzP2B,8/pp6/7p/4p3/1PP1KpPk/7P/P7/8 w - - 1 33,c4c5 h4g3 b4b5 f4f3,2155,77,95,3067,advantage endgame pawnEndgame short,https://lichess.org/SfO7Llgf#65,
9hQI4,2k5/1p4p1/1PpBp3/p6q/P2PP2p/2R1Q2P/7K/5r2 w - - 2 34,d4d5 h5d1 h2g2 f1e1 e3f2 e1e2,2147,85,63,45,advantage endgame long pin,https://lichess.org/4wOAag4n#67,
tByF3,8/8/p7/p4p2/2k4p/P1P5/2K3PP/8 b - - 3 43,f5f4 a3a4 h4h3 g2h3,2154,75,84,181,crushing endgame pawnEndgame quietMove short,https://lichess.org/3X6kh1BW/black#86,
mRUBz,1r3k2/5p2/3Prp2/1KP2b2/7p/5N1P/R2R2P1/8 w - - 1 43,b5c6 f5e4 d2d5 b8c8 c6b5 e4d5,2196,78,77,64,crushing endgame long pin,https://lichess.org/hUFjmD0V#85,
bHBbb,8/8/8/3p1R2/2k4P/2p1b3/8/3K4 w - - 6 54,h4h5 c4b3 d1e2 c3c2 f5d5 c2c1q,2233,82,85,54,advancedPawn crushing endgame long promotion,https://lichess.org/cjnbzrUj#107,
fpU6R,2r1k2r/pp3ppp/1bp5/6B1/Q2P2n1/2N3P1/PP2PPqP/R3KR2 w Qk - 3 17,d4d5 g4h2 e1c1 h2f1,2203,85,75,66,advantage master middlegame short trappedPiece,https://lichess.org/rr0tdKo3#33,English_Opening English_Opening_Kings_English_Variation
v64Jw,2r2rk1/ppqbppbp/3p3B/7Q/2n1P3/PNN2P2/BPP3P1/R3K3 b Q - 2 17,c4b2 c3d5 g7h6 d5c7,2265,81,90,1032,advantage middlegame short,https://lichess.org/Q5kWs88c/black#34,Sicilian_Defense Sicilian_Defense_Modern_Variations
4qsRu,r4rk1/p4p2/1p1p1P1p/2nPnRpq/3R4/2N1Q1P1/P1B4P/6K1 b - - 0 30,e5g4 e3e2 h5h2 e2h2,2185,78,90,396,advantage middlegame short,https://lichess.org/pK5Ax6FJ/black#60,
PTW0v,2r2qk1/pp4p1/7p/2pp4/1b1P4/nPNQP3/PK3P1P/5R1R w - - 0 27,d4c5 c8c5 c3d5 c5c2 b2a1 c2d2,2212,97,90,41,crushing long middlegame,https://lichess.org/28iKLoBK#53,
in3tP,r5k1/pp1nq1pp/1nb1p3/2pp1rP1/8/PBNP1N1P/1PP1QP2/2KR3R b - - 2 17,d5d4 e2e6 e7e6 b3e6 g8h8 e6f5,2272,78,86,130,advantage fork long middlegame,https://lichess.org/tI4yiiX4/black#34,Sicilian_Defense Sicilian_Defense_Canal_Attack
8Zqlr,r4rk1/ppq4p/2p3p1/3pp3/5P2/2P4P/PPQ3P1/RN3RK1 w - - 0 20,f4e5 f8f1 g1f1 a8f8 f1g1 c7b6 g1h2 f8f1,2214,93,78,56,advantage attraction kingsideAttack middlegame veryLong,https://lichess.org/M48HjSen#39,
9DuVn,3r1r1k/ppq3pp/1b6/5n2/8/1QP2N1P/PP1B1PP1/R3R1K1 w - - 3 24,d2g5 b6f2 g1f2 c7c5 g5e3 f5e3,2260,108,84,32,attraction crushing kingsideAttack long middlegame sacrifice,https://lichess.org/h3EUjDpx#47,
9Gs7g,5k2/Qp1q2p1/p4p1p/3p4/2n5/PPN4P/5PP1/6K1 b - - 0 28,c4d2 a7d4 d2b3 d4b4 d7e7 b4b3,2274,78,75,141,advantage endgame fork long master masterVsMaster,https://lichess.org/b1w4RjT9/black#56,
SMhrh,3bkr2/5p2/4p2p/p3Q3/Pp5P/1P4N1/KBq2PP1/8 b - - 2 29,c2f2 e5b5 e8e7 b5b7,2102,80,87,992,crushing endgame short,https://lichess.org/2DfLu6Zf/black#58,
q21mG,2k4r/ppqn2b1/2n3p1/2p1p2r/Q1PpNPbP/P2P1NP1/1P4B1/R1B1R1K1 w - - 0 18,f3e5 d7e5 f4e5 g7e5,2288,79,83,85,advantage master masterVsMaster middlegame short,https://lichess.org/Hgr2BO4o#35,Sicilian_Defense Sicilian_Defense_Lasker-Dunne_Attack
hlrLx,4r1k1/3qp2p/p3R1p1/3P1p2/3bnB2/8/P5PP/2Q2B1K b - - 1 32,d7d5 f1c4 e4f2 h1g1 f2d3 g1f1 d3c1 c4d5,2291,80,90,1485,advantage middlegame veryLong,https://lichess.org/b0xka2G6/black#64,
KWuIJ,4r3/3q1kp1/p2p2bp/1ppQ4/5P1P/PP2N1P1/1P3K2/4R3 b - - 4 32,d7e6 f4f5 g6f5 d5f5 e6f5 e3f5,2133,157,39,13,crushing endgame fork long,https://lichess.org/Vqk6KjXR/black#64,
TfAUv,5r2/p7/2p3pk/2Qp4/P3P3/1B2R2P/KPPn4/5q2 w - - 8 41,e3g3 f1b1 a2a3 b1a1 a3b4 f8b8 b4a5 b8b5,2189,82,89,1058,crushing endgame pin veryLong,https://lichess.org/1wOFy3DM#81,
aNieR,1r6/1p2kBp1/p2q1pP1/3P4/4P1nr/P7/4QR1P/2R3K1 w - - 5 41,f2g2 d6b6 g1h1 b8h8 g2g4 h4h2 e2h2 h8h2,2261,75,92,1487,crushing fork master masterVsMaster middlegame quietMove sacrifice veryLong,https://lichess.org/5uRZBK3L#81,
2AI1F,2Q5/5ppk/p3p3/N2p2p1/3P1q2/P6P/6PK/8 w - - 1 37,h2g1 f4d4 g1h2 d4e5,2165,76,80,60,crushing endgame master short,https://lichess.org/If7xhVvO#73,
Fxn58,3r1bQ1/1p2k2p/p7/q2pp1RP/8/P1P2P2/1P1R4/1b2K3 b - - 6 27,a5c7 g5g7 f8g7 g8g7 e7d6 d2d5 d6e6 g7c7,2245,76,85,187,advantage deflection exposedKing middlegame sacrifice veryLong,https://lichess.org/P32ZJeeO/black#54,
zvLmH,r7/ppp1k1bq/3P2b1/6pp/8/2P2Q2/PP1N4/2K3R1 b - - 0 30,e7d6 d2c4 d6d7 g1d1,2197,85,63,30,advantage middlegame short,https://lichess.org/0vqQHWAI/black#60,
nGzII,r2q2r1/1k5p/b1pb1pn1/np6/pN1P2Q1/P7/BPPB1PPP/R3R1K1 b - - 2 24,g6e5 g4g8 e5f3 g2f3 d8g8 a2g8,2179,85,74,45,advantage long middlegame,https://lichess.org/m40FuOZE/black#48,
SyvbN,5r1k/2p3pp/1p3qr1/p1PBR3/3Qp3/1P4Pb/P2R1P2/6K1 b - - 6 30,g6g3 f2g3 f6f1 g1h2 h3g4 d2g2,2233,80,89,56,advantage defensiveMove hangingPiece long middlegame,https://lichess.org/gXpMvad0/black#60,
dCaxl,r6r/1k1n4/2p2np1/1p2P2q/1P2P3/2N3QP/2P3P1/R4RK1 b - - 0 25,h5e5 g3e5 d7e5 a1a8 h8a8 f1f6,2128,75,94,8549,advantage long middlegame,https://lichess.org/ZIeybmYV/black#50,
SosqG,r3k2r/pp3p1p/1q2pp2/3N4/8/8/PPP2bPP/R2QRK2 b kq - 1 15,b6c5 d5f6 e8e7 f6e4 c5d4 e4f2,2141,77,84,124,crushing long middlegame,https://lichess.org/TeQoTTvv/black#30,French_Defense French_Defense_Advance_Variation
kaOW1,8/p7/2p2kp1/1p5p/5K1P/P7/1PP2P2/8 b - - 0 26,a7a5 b2b4 a5a4 c2c3 f6e6 f4g5,2289,82,87,128,crushing endgame long pawnEndgame quietMove zugzwang,https://lichess.org/dMvqx4DK/black#52,
wBqij,4R3/kpp2p2/p2p2p1/5q1r/7P/2PPQ3/PP3P2/2K5 b - - 2 26,b7b6 e3e7 f5f4 c1b1 f4f3 e7c7,2289,80,78,196,crushing defensiveMove endgame long pin,https://lichess.org/Cx6HZBMu/black#52,
PwlSG,2kr3r/p1b3pp/5p2/1qpPpb2/1nN5/1P3NP1/PB2QPBP/1K1R3R w - - 1 18,b1c1 b4a2 c1d2 b5b4 d2e3 b4b3 d1d3 b3c4,2139,79,87,248,crushing exposedKing interference middlegame queensideAttack veryLong,https://lichess.org/kIrsX1ez#35,Mieses_Opening Mieses_Opening_Other_variations
zAO6z,r1b1k2r/ppp4p/3q1p2/4pp2/1bQ5/1PN5/P3PPPP/2KR1B1R b kq - 0 13,d6e7 c3d5 c8e6 c4b4 e7b4 d5b4,2290,78,93,2103,advantage long middlegame,https://lichess.org/5gMbefBQ/black#26,Dutch_Defense Dutch_Defense_Krause_Variation
7VZrJ,8/2p5/p2k2pp/4pp2/1P2P3/3K1P1P/1P4P1/8 b - - 2 31,d6c6 e4f5 g6f5 g2g4 f5g4 f3g4,2192,84,91,178,crushing endgame long pawnEndgame,https://lichess.org/1j1ZCvb3/black#62,
oe2CM,2kr3r/1ppqbp2/p7/3nBb2/3P3p/PQ2PP2/1P2B1P1/2R2RK1 w - - 0 23,b3d5 d7d5 c1c7 c8b8 c7c5 d5e5 c5e5 f5e6,2166,79,80,62,advantage defensiveMove middlegame veryLong,https://lichess.org/Bl1eEKPT#45,
RSP3m,8/kpp2p2/p5p1/1PNp1p1p/3n1q1P/P2Q1P2/2P3Pn/R3RK2 w - - 4 25,f1g1 d4f3 d3f3 h2f3,2100,77,86,412,advantage kingsideAttack master middlegame short,https://lichess.org/Gjg2qzIw#49,
GDrsX,8/p5k1/7p/3Pn1p1/2pp2P1/5PKP/PP3P2/5B2 w - - 0 44,f3f4 c4c3 b2c3 d4c3 f4e5 c3c2 d5d6 c2c1q,2193,123,84,31,advancedPawn crushing endgame promotion sacrifice veryLong,https://lichess.org/ab1Btth3#87,
aMlpr,4r3/pb5k/3qnbp1/2p2p1p/2Pp1P2/P2B4/1B2RQPP/5RK1 b - - 1 29,e6f4 f2f4 e8e2 d3e2 d6f4 f1f4,2278,79,90,352,crushing long master middlegame,https://lichess.org/j8qknIM0/black#58,
gFlBQ,r1b1k2r/pq1p1ppp/1p2pn2/1Bb1B3/8/1P3N2/P4PPP/RN1QK2R w KQkq - 2 14,e5d6 b7e4 b5e2 e4b4 b1d2 c5d6,2139,76,93,9390,advantage interference long opening,https://lichess.org/6Q5ko4gz#27,Sicilian_Defense Sicilian_Defense_Old_Sicilian
uC1au,1q2r3/8/R3p1k1/3pPpp1/2n5/1r3N2/5PP1/2Q2RK1 b - - 3 41,f5f4 c1c2 g6h6 c2f5,2299,86,90,2925,advantage middlegame pin short,https://lichess.org/rJmcebs6/black#82,
ZoXrZ,r1b4r/pp2k2p/5p2/2q1pNQ1/3nP3/2P1p3/PP4PP/2KR1B1R b - - 1 18,c8f5 g5g7 e7d6 e4f5,2225,78,79,144,advantage intermezzo middlegame pin short,https://lichess.org/PCuVuhIb/black#36,Sicilian_Defense Sicilian_Defense_Taimanov_Variation
qV6aE,3nk1r1/2p2p2/2P5/2Qp4/3Pp2p/4P2q/3N1RP1/6K1 b - - 0 32,g8g5 d2e4 g5g6 e4f6 g6f6 g2h3,2236,82,89,479,crushing endgame long,https://lichess.org/phZfPBuP/black#64,
S2btW,2k5/pp2q1rp/1b2ppr1/3p4/PP3Q1B/2P5/3N1PPP/4RRK1 w - - 3 24,a4a5 g6g2 g1h1 b6c7,2115,75,94,6519,advantage middlegame short,https://lichess.org/o90MM0ML#47,
XJcz7,8/p6p/5k2/2pr4/3p1pP1/1P3P2/P4K1P/4R3 w - - 2 38,f2e2 d5e5 e2f2 e5e1 f2e1 f6g5,2187,80,88,54,crushing endgame long rookEndgame,https://lichess.org/fJJd7jMg#75,
DfxVb,1k4rr/1pp3q1/p1p1b3/2B2p2/1PP3p1/P2PQ2P/5PPK/R3R3 w - - 0 27,e3e6 g4g3 h2h1 g3f2,2112,156,86,7,advancedPawn crushing middlegame short,https://lichess.org/0yC7xgHh#53,
08B2a,8/5pp1/6bp/2k5/3p2PP/3N4/P3KP2/8 b - - 2 40,c5c4 d3e5 c4c3 e5g6 f7g6 e2d1,2103,79,91,213,crushing defensiveMove endgame long,https://lichess.org/2F8rpfRn/black#80,
zwpGM,1nkr3b/1pp5/2q2pp1/1pNp1n2/3Pp1b1/Q1P1P3/P4PPB/R3KBN1 b Q - 5 19,b8a6 a1b1 f5d6 h2d6 c6d6 f1b5,2119,87,82,72,capturingDefender crushing long master middlegame,https://lichess.org/eGQHTzb5/black#38,Zukertort_Opening Zukertort_Opening_Kingside_Fianchetto
JqOVd,8/1R3pkp/6p1/r3p1P1/2BpKn1P/5P2/8/8 b - - 3 38,a5a4 b7f7 g7g8 f7c7 g8f8 e4e5,2268,150,83,10,crushing discoveredAttack discoveredCheck endgame long,https://lichess.org/fKB5Ppry/black#76,
0jNIQ,r2qkb1r/1p3ppp/p1n1pn2/2p2b2/P1BP4/1QN1PN2/1P3PPP/R1B1K2R w KQkq - 2 9,b3b7 c6a5 c4b5 a6b5,2183,75,94,3475,advantage fork master middlegame short,https://lichess.org/OBQA1DY8#17,Queens_Gambit_Accepted Queens_Gambit_Accepted_Alekhine_Defense
6WBX9,3r4/p4pk1/1p1rp1p1/7p/P1B3qP/1P3RP1/4QPK1/8 b - - 7 38,d6d2 e2e5 g7g8 f3f4,2225,80,90,1795,advantage endgame master short,https://lichess.org/83VsMIfy/black#76,
pZC2g,r4r2/6pk/3b3p/2pP1p2/1pP1pP1q/4B1RP/1P2Q1PK/4R3 b - - 3 26,f8f6 g3g7 h7g7 g2g3 h4g3 h2g3,2175,77,91,750,advantage long middlegame sacrifice trappedPiece,https://lichess.org/Dtf57nkq/black#52,
zP5Qw,1r1r4/pkp1QR2/2p1P3/q1P4p/1P2R3/6pP/P5PK/8 w - - 0 31,h2g1 d8d1 f7f1 d1f1 g1f1 a5a2,2149,77,80,164,crushing endgame long,https://lichess.org/rbzNS7MR#61,
KUC7z,8/1b2k1pp/p4p2/5P2/5N2/P2pK1P1/7P/8 b - - 1 40,b7e4 e3e4 d3d2 f4d5,2122,79,94,11986,advantage endgame hangingPiece short,https://lichess.org/uX9qn7VZ/black#80,
oIlrk,5rk1/pq4pp/5r2/1pp3n1/5PB1/P5P1/1PQ4P/R3RK2 w - - 0 27,c2c5 f6f4 g3f4 f8f4 f1e2 f4g4,2146,84,68,38,advantage exposedKing fork long middlegame sacrifice,https://lichess.org/UNZLB1IU#53,
lBXl9,r4k2/ppq2p2/3prB2/2p3R1/8/3P3P/PPP1n1BK/R4Q2 w - - 5 24,g5h5 d6d5 h2h1 e2g3 h1g1 g3h5,2104,97,72,25,advantage discoveredAttack discoveredCheck fork long middlegame,https://lichess.org/M5vdRHPs#47,
5KyYy,3r2k1/1Q1N1pp1/4p1q1/7p/P4n2/2P3P1/1Pr2P1P/3R1RK1 w - - 0 28,d7e5 d8d1 b7b8 g8h7,2112,78,83,78,advantage middlegame pin short,https://lichess.org/wewWKJxu#55,
BFN9z,7k/p6p/b2pqnpB/2pN2Q1/4P1PP/2P4K/6B1/1r6 b - - 0 32,f6d5 e4d5 b1h1 g2h1,2119,75,73,189,crushing master middlegame short,https://lichess.org/4TwXcKmS/black#64,
zQlIn,2k2r2/pp1r3p/2n4b/2N1Pq1p/2Np1p1B/8/PP2QPP1/K2R4 b - - 5 26,d7d5 c4d6 d5d6 e5d6 f5c5 e2e6 c8b8 e6h6 c5f5 d6d7,2267,94,90,1667,advancedPawn advantage fork master middlegame veryLong,https://lichess.org/wqZG4gVI/black#52,
wbGaf,r3r1k1/1p3pp1/p1p5/2PpN3/P2P3p/3BqP1K/2Q3P1/5R2 b - - 0 28,e3d4 d3h7 g8f8 e5d7 f8e7 c2f5,2114,84,72,30,crushing kingsideAttack long middlegame,https://lichess.org/ZDxF8sfQ/black#56,
RZIPg,8/2p5/1pp2k2/3p1p2/1P1P1K2/P1P5/8/8 b - - 3 34,c6c5 a3a4 c5c4 a4a5 b6a5 b4a5,2150,85,37,42,crushing endgame long pawnEndgame quietMove,https://lichess.org/X9uObmpG/black#68,
3JIZa,8/2p5/1p1p4/p2P2p1/P1Pk1pP1/1P3P2/3K4/8 b - - 8 46,d4c5 d2c3 c7c6 d5c6 c5c6 c3d4 c6c7 d4e4,2195,76,93,574,crushing endgame pawnEndgame veryLong zugzwang,https://lichess.org/V5Fzslz6/black#92,
SxP9w,r1bq3r/pp1nb1pp/2p1kn2/8/3P4/1QP5/PP4PP/RNB2RK1 b - - 1 12,e6d6 c1f4 d7e5 d4e5 d6d7 e5f6 d8b6 b3b6,2122,98,84,20,crushing fork opening veryLong,https://lichess.org/qh5wo5HT/black#24,Caro-Kann_Defense Caro-Kann_Defense_Other_variations
Cg4QW,r3rk2/pp3pp1/1q5p/3p1Q2/8/2P5/PP3PPP/4RRK1 b - - 0 20,b6b2 f5h7 f7f6 e1b1 b2b6 b1b6,2279,117,83,16,advantage endgame long,https://lichess.org/hMAYmeR8/black#40,
kukgt,3rk2r/1q3pb1/p1b1p3/1pB4p/3N2p1/P2P1P1P/1PP3P1/2QRR1K1 b k - 1 26,g4h3 d4e6 f7e6 e1e6 e8f7 d1e1 h8e8 c1f4 f7g8 e6e7 e8e7 e1e7,2185,155,78,10,collinearMove crushing middlegame quietMove veryLong,https://lichess.org/jPSgTvOd/black#52,
oDF24,k2r4/1p1qb1p1/p1p2n1p/2P5/QP2pB2/6P1/P4PBP/2R3K1 b - - 3 27,d7d5 g2f1 d5d7 f1a6 b7a6 a4a6 d7a7 a6c6,2210,81,90,645,crushing deflection middlegame queensideAttack veryLong,https://lichess.org/aQrnApe8/black#54,
4YU3K,r1q1r1k1/2P1p1bp/2N1bpp1/pN1p4/P2BnP2/4P3/2P3PP/R2Q1RK1 w - - 3 20,d4b6 c8b7 c6e7 e8e7,2210,77,89,735,advantage fork middlegame short,https://lichess.org/C9pqqg5R#39,
VfyIy,5rk1/1pq3pp/1pppN3/3Pn2P/1P3r2/P4PQB/1KP5/3R4 b - - 0 27,c7f7 e6f4 f7f4 h3e6 g8h8 g3f4,2279,78,86,164,crushing intermezzo long master middlegame,https://lichess.org/fe2yD9AZ/black#54,
Jnwof,8/5k2/5pp1/2bPp2p/7P/5PP1/3B1K2/8 w - - 1 43,d2e3 c5e3 f2e3 f7e7 f3f4 e7d6,2203,76,81,69,bishopEndgame crushing endgame long master,https://lichess.org/EXmOjTro#85,
1Opmc,6k1/6b1/4P1p1/8/2p3P1/rp1pR3/8/2KR4 w - - 0 45,e6e7 b3b2 c1b1 a3a1,2162,77,88,426,advancedPawn endgame mate mateIn2 short,https://lichess.org/YvkVC1UI#89,
bc7qV,7k/pp2r1p1/2p2qpp/6n1/2Q5/1PP3NP/P2r1PP1/3R1RK1 b - - 1 28,e7d7 d1d2 d7d2 h3h4 g5f7 g3e4 f7d6 e4f6 d6c4 f6e4 d2e2 e4g3 e2c2 b3c4,2239,76,66,99,crushing fork master middlegame veryLong,https://lichess.org/ONWPIKiq/black#56,
WEui4,8/2r3kr/8/8/P2ppq2/4RnNP/1Q3PK1/5R2 b - - 1 43,h7h3 e3f3 e4f3 g2h3 f4h6 h3g4,2201,86,89,6062,advantage intermezzo long master middlegame pin,https://lichess.org/FVdBvZ3G/black#86,
kM2Y1,r1bqr1k1/1pp2pp1/p1p4p/2b5/2N1PPn1/P1NP4/1PP3PP/R1BQ1R1K w - - 3 14,d1f3 g4h2 f3h5 h2f1,2294,93,90,1464,advantage opening short,https://lichess.org/kD75tpGJ#27,Ruy_Lopez Ruy_Lopez_Morphy_Defense
bqxeu,k7/1b6/p2Pq2p/2B3p1/2P5/P4p2/2Q3PP/6K1 w - - 0 36,g2f3 e6e1 g1g2 g5g4 c2f5 b7f3 f5f3 g4f3,2230,77,81,108,crushing endgame pin veryLong,https://lichess.org/g4fm9oXh#71,
5HhlN,8/p7/1p3k2/7p/PP3K2/7P/8/8 b - - 1 48,f6g6 b4b5 g6f6 h3h4,2274,75,81,192,crushing defensiveMove endgame pawnEndgame quietMove short zugzwang,https://lichess.org/IAZ9JsGe/black#96,
Vdnap,rnb1kb1r/ppp1p1pp/5p2/8/3q4/2NB2P1/PPP3P1/R2Q1KNR b kq - 1 10,d4d7 d1h5 e8d8 a1d1,2103,160,75,18,advantage clearance defensiveMove master opening short,https://lichess.org/EK1vWl3X/black#20,Queens_Pawn_Game Queens_Pawn_Game_Levitsky_Attack
WgonG,2kr3r/ppp5/8/3q4/1P1Np2n/P1Q1PbPp/5P1B/R3R1K1 w - - 3 25,g3h4 d5g8 h2g3 h3h2 g1h2 h8h4 g3h4 g8g2,2270,78,93,2127,advancedPawn attraction kingsideAttack mate mateIn4 middlegame pin sacrifice veryLong,https://lichess.org/8q0ucGGO#49,
eUYrC,4r1k1/7p/p5p1/1p3p2/3PBp2/P1P2P1P/1P4QK/RN2q3 w - - 0 30,g2d2 e1g3 h2h1 e8e4 f3e4 f4f3,2287,127,79,21,advantage endgame long sacrifice,https://lichess.org/3ogXrCxo#59,
1vCNc,8/p3q1k1/2Q1p1rp/6r1/3R3p/8/P4P2/4R2K b - - 3 32,e7f8 c6c7 f8f7 d4d7,2179,76,91,1087,advantage endgame master pin short,https://lichess.org/gelc7R9G/black#64,
2L2jW,7k/8/8/8/p7/1p1K4/1P6/8 b - - 1 45,a4a3 b2a3 h8g7 a3a4 b3b2 d3c2 b2b1q c2b1 g7f6 a4a5 f6e5 a5a6,2161,76,84,350,crushing endgame pawnEndgame quietMove veryLong,https://lichess.org/YkAgbJrY/black#90,
TwTSK,r6k/5n1b/p2p3q/2pPpPp1/2P1P1Q1/6RP/2r3B1/4BRK1 w - - 7 36,h3h4 g5h4 g3h3 a8g8 g4g8 h8g8,2140,84,91,1847,crushing long middlegame,https://lichess.org/BqBUsuLi#71,
3bAKV,8/8/8/8/4KpRp/7P/5rP1/6k1 b - - 17 70,f2g2 e4f4 g1h2 g4g2 h2g2 f4g4 g2f2 g4h4,2156,75,86,161,crushing endgame rookEndgame veryLong,https://lichess.org/X9DBIBCA/black#140,
0NWz7,r3qrk1/2p4p/1p1n2p1/p1nP2B1/2P2p2/1PQ2N2/P1B4P/4R1K1 b - - 0 23,e8f7 e1e7 c5e4 c2e4 d6e4 e7e4,2286,80,83,53,advantage long master middlegame,https://lichess.org/JFcwiloc/black#46,
f1WKP,r5kr/4pp1p/p2p1npB/2p5/1p2q3/7Q/PPP3PP/4RRK1 b - - 1 21,e4g4 e1e7 g4h3 g2h3,2199,77,87,582,crushing middlegame short,https://lichess.org/LzBJZ0bY/black#42,
hFKZb,r2qr1k1/5pp1/1pp4p/5Q2/1nPp4/1p3P2/5KPP/1B1RR3 b - - 0 25,e8e1 f5h7 g8f8 d1e1 d8h4 f2f1,2143,81,91,6196,advantage defensiveMove intermezzo long middlegame,https://lichess.org/2aScDwQM/black#50,
tEYWD,8/1k3n1P/5p2/3K1p1P/3P4/8/8/8 b - - 0 51,b7c7 d5e6 f7g5 e6e7 g5h7 d4d5,2126,149,56,10,crushing defensiveMove endgame knightEndgame long,https://lichess.org/767FpeNo/black#102,
ojRX1,5r1k/2Q3p1/3p3p/3Bp3/2Pn1nq1/3P4/3N1PPP/3R1RK1 w - - 3 34,c7d6 f4h3 g1h1 h3f2 f1f2 g4d1 d2f1 d1f1 f2f1 f8f1,2142,73,93,12861,backRankMate deflection fork mate mateIn5 middlegame pin veryLong xRayAttack,https://lichess.org/mBCzMTi6#67,
6iP3v,r1r3k1/1p2nppp/3p4/1N6/2p1PP2/pP4P1/PqPKQ2P/3R3R w - - 0 21,b5d6 c4b3 d6c8 a8c8,2168,82,84,35,crushing middlegame short,https://lichess.org/ljHxxDPo#41,
TeXC2,8/5P2/p4K1p/2b3pP/Pk4P1/8/8/8 b - - 2 54,b4a4 f6g7 a6a5 g7h6,2129,76,86,72,bishopEndgame crushing endgame short,https://lichess.org/fHyd1pGj/black#108,
j8Cm4,5rk1/p3q1bp/2r1pnp1/4BpR1/3P1Q2/2N1P3/PP3P2/6RK b - - 5 29,g7h6 g5g6 h7g6 f4h6 e7h7 g1g6,2164,78,91,442,advantage discoveredAttack kingsideAttack long middlegame,https://lichess.org/CTpPojST/black#58,
m9pau,r4r2/5p1k/p1p2P2/1p4R1/8/5K2/PPB2P2/8 b - - 2 31,h7h6 f3g4 f8g8 f2f4 g8g6 c2g6,2193,82,82,42,crushing endgame long quietMove,https://lichess.org/xldoHWZd/black#62,
bdKAy,r4k2/1R4pp/2pNp1q1/p3Pb2/8/8/P4QPP/7K b - - 6 30,f8g8 f2a7 a8d8 b7b8,2234,76,90,884,crushing endgame short,https://lichess.org/znfHSkPD/black#60,
x60J5,4k3/1bpr1pBR/p3p1q1/1p1n4/1P4P1/P4n1Q/2P2P1P/3R1K2 b - - 6 43,f3g5 h7h8 e8e7 h8e8 e7d6 h3c3,2279,116,71,22,crushing long middlegame pin,https://lichess.org/EvR0pxoV/black#86,
NkTzz,6k1/P4r1p/6p1/8/3Q3P/4P3/5rK1/8 w - - 1 52,g2g3 f7f3 g3g4 h7h5 g4g5 g8h7 d4d7 f3f7 d7f7 f2f7,2146,75,91,2148,crushing endgame queenRookEndgame veryLong,https://lichess.org/A2ZU8Hav#103,
wZRS6,3R4/1q4kp/4N1p1/1p6/1P2Rrp1/P7/2n4P/7K b - - 7 35,g7f6 d8f8 f6e7 f8f4 e7d6 e6c5,2192,90,91,3249,crushing endgame long skewer,https://lichess.org/h9l2DQtG/black#70,
cithv,5r1k/1p2n1pp/p2b4/8/3P1p1q/2P1p2P/PP1BQPP1/R3R1K1 w - - 0 23,f2e3 f4f3 g2f3 f8f6,2231,75,82,111,advantage master middlegame short,https://lichess.org/IFj6Qohh#45,
wtL9m,6k1/5p1p/8/4P1KP/8/8/8/8 b - - 0 52,g8g7 h5h6 g7g8 g5f5 g8f8 f5f6 f8e8 f6g7,2294,90,80,42,crushing endgame pawnEndgame veryLong zugzwang,https://lichess.org/WzDx5lPt/black#104,
pWGcM,6k1/1p3p1p/pr4p1/7P/8/2PQ4/P7/K2Rq3 b - - 1 28,e1e6 h5h6 e6e8 d3d4 f7f6 d4b6,2141,78,73,47,crushing endgame long,https://lichess.org/1n5WTca4/black#56,
d8JRA,2r3k1/p4pP1/4p3/3p2q1/2n5/3R4/2P2Q2/1K1R4 b - - 3 35,g5e7 f2h2 e7b7 d3b3 b7b3 c2b3,2287,85,90,280,crushing defensiveMove endgame long quietMove,https://lichess.org/5uqVOJOx/black#70,
P0dsh,8/8/8/p2k2pp/P1p5/2K2PPP/8/8 b - - 0 36,d5c5 h3h4 g5h4 g3h4 c5d5 f3f4 d5c5 f4f5 c5d5 f5f6 d5e6 c3c4 e6f6 c4b5 f6e7 b5a5,2217,120,28,15,crushing endgame master masterVsMaster pawnEndgame quietMove veryLong,https://lichess.org/9oI8ccWW/black#72,
aSxvq,7Q/2p2p2/1pq1pNp1/4Pnk1/1P1P4/2P5/6PP/6K1 w - - 7 35,h2h4 g5f4 h8e8 c6c3,2276,85,81,79,advantage endgame short,https://lichess.org/lUET2xsj#69,
BRP0g,r7/8/5N2/1Rpk1n2/P2p1P2/8/3K4/8 b - - 2 47,d5c4 f6d7 a8a4 b5c5 c4b4 c5f5,2219,75,94,1000,advantage endgame fork long master,https://lichess.org/OwYcLgni/black#94,
QhHdW,5q2/7k/p2p2pn/2pPp3/2P1P1n1/3B2P1/P2Q2K1/7R w - - 2 29,d3e2 f8f2 g2h3 g4e3 h1h2 f2g1,2180,76,90,260,advantage endgame long,https://lichess.org/D8wBwNUe#57,
b1U3V,8/5p1k/6pb/4P2p/q1r2P1P/2PR4/P2Q4/1K3R2 w - - 5 38,d3d4 c4d4 c3d4 a4b5,2183,79,83,172,advantage endgame master short,https://lichess.org/Un6q6cSz#75,
BN0Pk,4q2r/Q1pk1pp1/Br6/2BP3p/P5b1/2n1PN2/1b3PPP/5RK1 b - - 6 21,e8b8 f3e5 d7e8 c5b6 b8a7 b6a7,2106,78,84,43,advantage long middlegame,https://lichess.org/cPOZ7F7s/black#42,
ffjh0,r1b2rk1/pppp1ppp/2nb1q2/8/8/3B1N2/P1PB1PPP/R2QR1K1 b - - 7 11,c6e5 f3e5 d6e5 d1h5 h7h6 h5e5 f6e5 e1e5,2201,77,86,379,crushing opening veryLong,https://lichess.org/9lvUkkst/black#22,Four_Knights_Game Four_Knights_Game_Scotch_Variation_Accepted
Me2Fc,3n1r1k/3qb1p1/p1r3Qp/1p1NpR2/1P5P/2PB4/P5P1/5RK1 b - - 0 29,c6g6 f5f8 e7f8 f1f8 h8h7 h4h5,2267,76,91,5441,crushing kingsideAttack long middlegame pin,https://lichess.org/kIKGeqA0/black#58,
4Af44,3Q4/p4pk1/5rpp/8/3P3q/2P3bP/PP2RP2/4R1K1 w - - 0 28,f2g3 h4g3 g1h1 g3h3 h1g1 h3g3 e2g2 g3e1,2158,77,86,136,crushing deflection endgame exposedKing veryLong,https://lichess.org/uJWOqF5N#55,
FZQIT,3r1rk1/p6p/b3P1p1/q1pQ2N1/1pP5/8/P5PP/RKB1R3 w - - 1 25,e6e7 d8d5 e7f8q g8f8 g5h7 f8f7,2293,85,89,739,crushing defensiveMove long master middlegame,https://lichess.org/Y4P54I04#49,
Xxkm7,r2q1rk1/pppb1ppp/2nb4/8/3NB3/8/PPP2PPP/R1BQ1RK1 w - - 1 11,e4f3 d8h4 g2g3 h4d4 f3c6 d4d1,2172,77,91,1585,crushing long opening,https://lichess.org/fUJ6eBP6#21,Four_Knights_Game Four_Knights_Game_Italian_Variation
wiJ3c,8/p2k2b1/Pp1p3p/1Pp2Pp1/2PpK1P1/6P1/1BP5/8 w - - 1 52,e4d5 d4d3 b2c1 g7b2,2152,78,92,4884,bishopEndgame clearance crushing endgame master short,https://lichess.org/XCI7HqQn#103,
MMBne,r4rk1/pbpp2pp/1p2pq2/2P5/2P5/1Q6/PP2BnPP/RNB2RK1 w - - 2 13,c1e3 f2h3 g2h3 f6g6 e2g4 g6e4 f1f3 f8f3,2135,76,94,4597,crushing kingsideAttack middlegame sacrifice veryLong,https://lichess.org/Ls2Q2Ioy#25,Indian_Defense Indian_Defense_Budapest_Defense
ihKoA,2rbr2k/1bq2ppP/pn6/4p2P/1p2P3/2NBNQ2/PPP4R/2K3R1 w - - 1 23,g1g7 h8g7 h2g2 g7h8,2148,89,90,807,advantage hangingPiece middlegame short,https://lichess.org/Aek5DDi7#45,
0WGgh,r4rk1/pp1n1ppp/2p1p1b1/q2n4/1b4PP/1BNP1N2/PPPBQP2/R3K2R b KQ - 0 13,d5c3 b2c3 b4c3 h4h5,2138,76,87,81,advantage master middlegame short,https://lichess.org/hluwdPDe/black#26,Alekhine_Defense Alekhine_Defense_Scandinavian_Variation
B2tvK,8/8/6k1/6pp/p5P1/Pr2RK2/7P/8 w - - 0 46,h2h3 h5g4 h3g4 g6f6 f3f2 b3e3 f2e3 f6e5,2223,76,93,3577,crushing defensiveMove endgame rookEndgame veryLong zugzwang,https://lichess.org/ny86wRni#91,
AAKEh,B2k2n1/p5p1/1p1q1p2/2p3rQ/3nP2p/4N2P/PP3PP1/2R2RK1 w - - 2 23,h5h4 d4f3 g1h1 d6h2,2187,78,84,309,kingsideAttack mate mateIn2 middlegame pin short,https://lichess.org/lHlkaG3O#45,
IzXCm,r2r2k1/1b3ppp/p1n1pb2/3q4/3P4/P3BN1P/4BPP1/1R1Q1RK1 b - - 6 17,c6d4 e3d4 f6d4 d1d4 d5d4 f3d4,2156,77,91,1988,advantage long middlegame,https://lichess.org/PqWtf4BX/black#34,Queens_Gambit_Declined Queens_Gambit_Declined_Other_variations
aZ6IA,r3rbk1/1p4p1/1qp1pn1p/p3N3/P1Q1PP2/2N5/1PP3PP/R5RK b - - 0 18,b6b2 g1b1 b2c2 a1a2 b7b5 a4b5 c2b1 c3b1,2210,92,83,38,crushing middlegame trappedPiece veryLong,https://lichess.org/gSLGkEuy/black#36,Philidor_Defense Philidor_Defense_Hanham_Variation
gbTjk,5r2/p1p2pk1/3b4/6QP/3P4/P1q1PP2/1r1BKP2/3R4 b - - 0 27,g7h8 g5h6 h8g8 d1g1 d6g3 g1g3,2127,79,84,201,exposedKing long mate mateIn3 middlegame,https://lichess.org/0DfPv6lY/black#54,
Cw4JY,8/pkp1Q3/3rN3/p1rp4/R7/KPq3P1/P1P4P/8 b - - 9 34,c5b5 a4c4 d5c4 e7c7 b7a6 c7d6 b5b6 d6d7,2197,116,86,51,advantage endgame fork sacrifice veryLong,https://lichess.org/Ewd2Eun3/black#68,
HYEGP,q5k1/3r2b1/1Bn3p1/5pP1/5P2/2NbpQ2/1P4B1/4K2R w K - 0 30,f3c6 g7c3 c6c3 a8a1 c3c1 a1c1,2169,76,94,1235,exposedKing long mate mateIn3 middlegame,https://lichess.org/6EWRCsYI#59,
Rcwoe,r3kb1r/1p2q2p/p3pR2/3p4/3Q4/4R3/PPP3PP/6K1 b kq - 0 18,f8g7 e3e6 g7f6 d4f6 e7e6 f6e6,2217,78,87,296,advantage long middlegame pin,https://lichess.org/EOzfRkF0/black#36,Sicilian_Defense Sicilian_Defense_Najdorf_Variation
GGx5N,5k2/pbq2p2/1p4p1/2b4p/4PnN1/2QB3P/PP3PP1/4R1K1 w - - 2 28,g4h6 c5f2 g1f2 c7c3 b2c3 f4d3,2226,80,93,3085,advantage capturingDefender discoveredAttack kingsideAttack long middlegame,https://lichess.org/lHVQ4Ypl#55,
3BtG3,r3k2r/1p3p1p/p4q2/3p4/1P1P4/2P1B1QB/P5PP/6K1 b kq - 2 20,a8d8 e3g5 f6d6 g3e3 e8f8 g5h6 d6h6 e3h6,2105,77,85,138,clearance crushing endgame veryLong,https://lichess.org/e8EdaySL/black#40,
43Lwt,4r3/1p3k2/p2p1pp1/3P2bp/2PB4/7r/PPB5/R4RK1 w - - 2 29,f1f6 g5f6 a1f1 e8e1 f1e1 f6d4,2105,85,82,37,crushing long middlegame,https://lichess.org/MvZUUlaY#57,
GlcJF,r2q4/pp1bb3/2p1k3/2n1p1p1/2P1n1B1/1P2Q3/PB1pNrP1/R2K3R b - - 1 24,e6f6 b2e5 f6f7 h1h7 f7g8 h7h8,2288,78,77,101,advantage long middlegame,https://lichess.org/TjEl3PjC/black#48,
fv2sZ,2b4k/p1b2pqp/2p2Q2/2N5/3pP3/1P3BrP/P1P3P1/5R1K w - - 1 29,f6c6 g7e5 c5d3 g3h3 h1g1 e5h2 g1f2 h3f3 f2f3 h2g3,2203,159,69,15,advantage attraction kingsideAttack middlegame pin veryLong,https://lichess.org/qjKfdPHi#57,
USpJy,r1bqr1k1/1p3pp1/p1n2n1p/2Q1p3/3pP2B/P2B1P1N/1PP3PP/2KR3R b - - 1 15,f6e4 c5c6 b7c6 h4d8,2121,76,93,7712,advantage middlegame short,https://lichess.org/j2nxXJri/black#30,Benoni_Defense Benoni_Defense_Old_Benoni
Q2pOM,8/4k1pp/BP3p2/P7/1K5P/2P3P1/3r1P2/5b2 b - - 0 36,d2f2 a6f1 f2f1 a5a6 f1b1 b4c5,2171,77,89,418,advantage defensiveMove endgame long,https://lichess.org/wFTUAIqw/black#72,
okRMy,8/8/6p1/3K3p/5PkP/2R3r1/8/8 w - - 0 84,c3g3 g4g3 d5e5 g3g4 e5e6 g4f4,2199,85,90,1155,crushing endgame long master zugzwang,https://lichess.org/BPLEDT1A#167,
Jqizg,4r3/pp1k3R/2n1p3/3p2Q1/1P3r2/P4BK1/3q2P1/R7 b - - 4 27,d7c8 g5f4 e8g8 f3g4 d2d3 g3f2 d3h7 g4e6,2244,89,72,47,crushing middlegame pin veryLong,https://lichess.org/kPzxppbq/black#54,
iMDUV,3br3/3q2pk/2p4p/p1PpB3/3PbRNP/6Q1/1P6/6K1 b - - 2 37,d8e7 f4f7 e8g8 g4f6 e7f6 f7d7,2177,77,87,166,crushing long middlegame pin,https://lichess.org/F2622Uhd/black#74,
SVry2,2q3k1/6p1/p2p1r1p/2bRp3/1pP5/1P3P2/P3R1KP/4Q3 w - - 1 32,e2e4 f6g6 e4g4 g6g4 f3g4 c8g4 e1g3 g4e2 g2h3 h6h5,2217,125,75,17,crushing defensiveMove endgame master masterVsMaster veryLong,https://lichess.org/ADObLzAA#63,
nDUo2,8/4k3/2Pb4/3PBp2/5Ppp/8/5K1P/8 w - - 3 44,c6c7 d6c5 f2e2 e7d7 c7c8q d7c8 h2h3 g4h3,2293,79,60,118,bishopEndgame crushing endgame veryLong,https://lichess.org/PgyBOrt3#87,
XccjA,1qr2rk1/pb1n1ppp/1p1bp3/2p5/2PP3Q/1P3N1P/PB2BPP1/3R1RK1 b - - 1 16,c5d4 h4d4 d7f6 d4d6 b8d6 d1d6,2157,76,85,333,crushing long middlegame,https://lichess.org/kgjmlTVf/black#32,Semi-Slav_Defense Semi-Slav_Defense_Stoltz_Variation
wUroh,8/8/1p6/p1p2K2/2P2P2/P1Pk4/8/8 b - - 0 47,d3c3 f5e4 c3c4 f4f5 c4b3 f5f6 c5c4 f6f7 c4c3 f7f8q,2122,78,93,4883,advancedPawn crushing endgame pawnEndgame promotion quietMove veryLong,https://lichess.org/yIdQlDAy/black#94,
xz3MS,8/R4pk1/3Pp2p/2Bq2p1/3P4/6P1/5P1P/6K1 b - - 2 41,e6e5 d6d7 g5g4 c5e7 d5d4 d7d8q,2206,87,90,518,advancedPawn advantage clearance endgame long master promotion quietMove,https://lichess.org/d4lFCh2W/black#82,
EsImX,6k1/1b3pp1/1p1Bpn1p/p6r/P6q/3BPP2/1P1Q2P1/2R2RK1 w - - 2 27,f1d1 h4h1 g1f2 f6g4 f3g4 h1g2 f2e1 h5h1 d3f1 g2f1,2286,80,93,8056,kingsideAttack mate mateIn5 middlegame sacrifice veryLong,https://lichess.org/1uCMvFNI#53,
TWgCP,r5k1/2p1nppp/pb1p4/1p2pP2/4P1q1/P1PP4/1P1Q2PP/R1B2R1K w - - 1 19,d2g5 g4e2 c1e3 f7f6 g5g3 e2e3 g3e3 b6e3,2114,77,80,46,advantage middlegame veryLong,https://lichess.org/2ekmyVgs#37,
vEDoT,4k3/7p/p3pp2/4B3/7r/2Q2qN1/PPP2R2/R2r2K1 w - - 1 28,f2f1 h4h1 g3h1 f3f1 g1h2 f1h1,2206,77,87,316,crushing deflection exposedKing long middlegame pin,https://lichess.org/UJCxs6vg#55,
CtDVQ,5rk1/ppq1rPp1/2p4p/5R2/2QP4/2P3P1/P6P/5RK1 b - - 0 25,e7f7 c4e6 c7e7 e6e7 f7e7 f5f8,2297,78,79,73,advantage endgame long,https://lichess.org/PFHESY1U/black#50,
UywS9,8/3b4/Bk3ppp/1P1p4/3P1P1P/2K5/8/8 w - - 4 41,c3b4 g6g5 f4g5 f6g5 h4g5 h6g5 b4c3 g5g4 c3d2 g4g3,2264,78,85,180,bishopEndgame crushing endgame quietMove veryLong,https://lichess.org/BH3tv17u#81,
YrSgL,8/p7/2p5/2Np2k1/P2P1pp1/2P3p1/1P4K1/8 w - - 1 35,b2b4 g5h4 g2h1 f4f3,2227,79,86,66,crushing endgame knightEndgame master short,https://lichess.org/wlWsAfEh#69,
UdEJY,8/1p6/p3k3/2P2p2/1P1p4/P2K2P1/8/8 b - - 5 55,e6e5 a3a4 e5d5 a4a5 d5e5 b4b5 a6b5 c5c6 b7c6 a5a6,2144,74,92,6323,crushing endgame pawnEndgame quietMove sacrifice veryLong zugzwang,https://lichess.org/foVUCKw0/black#110,
5Ke7L,1r4k1/3q2p1/8/P2p1bP1/2pP1P1p/2P5/1P4K1/R1Q2B2 w - - 0 36,a5a6 f5e4 g2f2 d7g4 c1e3 b8b2,2125,75,75,361,clearance crushing endgame long,https://lichess.org/SZSnB8mH#71,
uA9hn,8/8/p1p3p1/2K1kp1p/PP5P/6P1/8/8 b - - 1 35,f5f4 g3f4 e5f4 c5c6 g6g5 b4b5 a6b5 a4b5 g5g4 b5b6,2138,76,93,505,crushing endgame pawnEndgame veryLong,https://lichess.org/QcMJbhiC/black#70,
ET105,6k1/5p2/2p5/2P1p1b1/pPN1P2p/P7/4K3/8 b - - 3 37,g5c1 b4b5 c6b5 c5c6,2210,75,82,293,advantage endgame short,https://lichess.org/Z4Bqxxhl/black#74,
ALb22,6R1/5p1Q/7p/ppp3p1/3q1k2/5P1P/6P1/7K w - - 3 40,h7f7 f4g3 f7c7 g3f2 h1h2 f2f1 c7c5 d4c5,2141,140,69,11,crushing defensiveMove endgame veryLong,https://lichess.org/LlpIUoag#79,
uADYL,R2R1bk1/6p1/8/3p1p2/2pBnP2/2P3r1/4K3/5r2 b - - 1 43,f1b1 d8f8 g8h7 f8h8 h7g6 a8a6 e4f6 a6f6 g7f6 h8g8 g6f7 g8g3,2155,87,90,1833,crushing middlegame skewer veryLong,https://lichess.org/n8EE72hd/black#86,
8DfXp,2R1r3/4P1k1/p4p2/2Q1p1pp/8/KP6/3q1P2/8 b - - 9 45,g7f7 c5c4 f7e7 c8c7,2122,79,92,143,advantage endgame short,https://lichess.org/IGOQGHe9/black#90,
AYWgT,7k/p1P3p1/7p/8/5Pq1/1P1Q2P1/P3r1bP/3R2K1 b - - 0 35,g2e4 c7c8q g4c8 d3e2,2235,91,88,833,advancedPawn crushing deflection endgame promotion short,https://lichess.org/5GGr63Fm/black#70,
FRYK8,2r5/1N3pk1/p5p1/3p3p/1P1Pp2P/P1Q1P2q/3KBb2/2R5 w - - 1 33,c3c8 f2e3 d2c2 h3c8,2174,77,88,119,crushing endgame interference intermezzo short,https://lichess.org/LUBAzilW#65,
SFA7I,1r6/4b1pk/p4p1p/4pP1P/1q1p3B/1Q6/P1P2PP1/1R4K1 w - - 4 33,f2f3 d4d3 h4f2 d3c2,2146,79,91,939,advancedPawn crushing endgame master short,https://lichess.org/pPVt0N28#65,
qbmuo,r5k1/1p3rp1/p1p3qp/3pR3/P2P2n1/1QP3P1/1P4PP/R3N1K1 w - - 4 24,e5e2 g4h2 g1h2 g6h5 h2g1 h5e2,2111,77,82,122,attraction crushing fork long middlegame sacrifice,https://lichess.org/j6AgCqHz#47,
N2o8z,2r2rk1/pb1p1ppp/1p2p3/1P4q1/3QPn2/P1B2P2/2P2P1P/R5RK b - - 6 19,f4e2 d4g7 g5g7 g1g7 g8h8 c3f6,2216,78,81,167,advantage defensiveMove kingsideAttack long middlegame xRayAttack,https://lichess.org/khEJEwj5/black#38,
tWGGk,q3r1k1/2p3pp/1b6/1p6/1Pn1N3/2P4P/5PP1/2BQR1K1 w - - 1 22,d1d3 c4d6 e4f6 g7f6,2113,80,79,39,advantage middlegame short,https://lichess.org/QbYT0Ws6#43,
1fvq2,r2q1r1k/1b3p2/p1n2n2/1p2NPQ1/3Pp3/2PB4/P5PP/R4RK1 b - - 3 19,e4d3 g5h6 f6h7 f5f6 d8f6 f1f6,2183,87,91,422,advantage kingsideAttack long middlegame pin,https://lichess.org/TPz0y0Ge/black#38,
lxXvm,8/8/2p4k/p1p2Pp1/P4nP1/1PK4P/8/8 b - - 1 47,f4d5 c3c4 d5f4 c4c5 f4h3 b3b4 a5b4 c5b4,2267,88,87,62,crushing defensiveMove endgame knightEndgame master veryLong,https://lichess.org/u7JIxWPi/black#94,
xo68w,r1b1r2Q/pp3kp1/2p2pN1/4b3/2P5/7P/PP3PPq/R1B1RK2 w - - 2 21,g6e5 e8e5 e1e5 h2h1 f1e2 c8g4,2116,76,93,5205,crushing long middlegame sacrifice,https://lichess.org/tieapiPR#41,
moRVj,2r1k2r/1p1n2pp/p1qb2p1/3pp1P1/P2P4/2N2Q2/1P3P1P/R1B1R1K1 b k - 1 19,e5e4 c3d5 c6d5 e1e4 e8d8 e4e8 h8e8 f3d5,2218,94,85,48,advantage discoveredAttack exposedKing middlegame pin veryLong,https://lichess.org/VGZN6hIy/black#38,Caro-Kann_Defense Caro-Kann_Defense_Hillbilly_Attack
SqseI,5rk1/1p4pp/p2b4/P1pNpr2/2PnQ1Pq/4B3/1P3P1P/R3R2K w - - 1 27,e3d4 f5f2 d4f2 f8f2 e4g2 f2g2,2117,82,90,1990,crushing long master middlegame,https://lichess.org/Ghb5Jrrp#53,
LXbaP,4q3/pp6/3p2k1/3P2p1/2P3Q1/PB6/KP6/4r3 b - - 0 36,e8e4 g4e4 e1e4 b3c2 g6f5 c4c5 f5e5 c2e4,2158,74,95,1585,advantage endgame master pin veryLong,https://lichess.org/NazdUleA/black#72,
0WgI8,3rq1k1/R5pp/4pp2/1p4n1/2bB4/4QPP1/2B1P2P/6K1 b - - 5 31,c4e2 a7g7 g8f8 d4f6,2171,82,91,350,crushing middlegame short,https://lichess.org/j5WSGLlN/black#62,
jU67C,8/2p5/p2k4/1p4R1/3P1n2/P7/1r6/3R2K1 w - - 0 41,g5f5 f4e2 g1f2 e2c3 f2e1 c3d1,2167,87,91,1078,crushing discoveredAttack discoveredCheck endgame exposedKing long,https://lichess.org/wAb2UmFl#81,
bk0xO,1r3rk1/p4ppp/4p3/4qb2/2PN4/P1Q5/3R1PPP/4KB1R w K - 3 20,f1e2 b8b1 d2d1 b1d1 e1d1 f8d8 d1e1 d8d4,2152,85,91,1995,advantage middlegame pin veryLong,https://lichess.org/CSsu6P5X#39,
bM04a,8/p7/6p1/1PK2p1p/k4P2/6P1/7P/8 b - - 0 44,a4a5 h2h4 a5a4 b5b6 a7b6 c5b6,2297,77,87,328,endgame,https://lichess.org/HOicN3wz/black#88,
9acSS,5bk1/1b3p1p/3p1PpB/rq5P/3PP3/1p3B2/rP1Q4/3R1RK1 b - - 4 31,b7e4 f3e4 a2b2 d2b2,2238,77,78,167,advantage hangingPiece master middlegame short,https://lichess.org/UF626KyS/black#62,
Gf4e3,6k1/6bp/2PQ2p1/4p2q/5P2/6P1/P5KP/8 b - - 2 34,e5f4 d6e6 g8f8 c6c7 f4f3 g2h1,2287,76,93,741,advancedPawn crushing defensiveMove endgame long,https://lichess.org/xwydgoUs/black#68,
JxnIZ,2kr4/p4pp1/2p5/2bppq2/2P3n1/1P3PP1/PB1QP1K1/3N3R w - - 3 20,h1h4 d5c4 d2a5 f5c2,2252,166,75,7,advantage middlegame pin short,https://lichess.org/lCqPSGWn#39,
TbdSu,5rk1/1p1r1ppp/pQn2q2/4p3/4P1b1/5N2/PPP1BPPP/R4RK1 w - - 5 16,a1d1 c6d4 b6f6 d4e2,2109,78,91,871,crushing kingsideAttack middlegame sacrifice short,https://lichess.org/Djy8FIpN#31,Sicilian_Defense Sicilian_Defense_Other_variations
GacwQ,8/2k1n3/1p2PK2/1P6/P1P4p/7P/8/8 b - - 1 47,c7d6 a4a5 b6a5 c4c5 d6c5 f6e7,2248,84,91,1148,crushing deflection endgame exposedKing knightEndgame long master,https://lichess.org/aHUnHyaU/black#94,
3Y3ep,8/1R6/6pk/4Kp1P/6r1/1R4P1/8/6r1 b - - 0 41,h6h5 e5f6 g4g3 b3b4 f5f4 b4f4 g6g5 b7h7,2140,75,88,815,endgame mate mateIn4 quietMove rookEndgame veryLong,https://lichess.org/l08ryijP/black#82,
l2GLt,5r2/pp2p1k1/3p1np1/3Pb1q1/2P5/1P3QPB/P4RK1/7R w - - 12 33,h3e6 e5g3 f3g3 g5g3 g2g3 f6e4,2297,82,90,496,advantage attraction long middlegame sacrifice,https://lichess.org/RXaIH8Ln#65,
mkJP0,r1bq2nr/pp2k2p/4p1p1/1Qp1b1B1/4P3/2P5/PP3PPP/RN2K2R b KQ - 3 13,g8f6 f2f4 e5f4 g5f4,2275,85,89,191,advantage opening pin short,https://lichess.org/YqA2Kmlo/black#26,Sicilian_Defense Sicilian_Defense_Old_Sicilian
MWgO3,8/8/4k3/4p2r/2K2p2/3P1P2/4P2p/7R w - - 6 52,c4c3 e6d5 d3d4 e5e4 f3e4 d5e4,2266,99,89,53,crushing endgame long rookEndgame,https://lichess.org/2Zogf4p2#103,
3xUw3,N6r/5ppp/2k1p3/2b1P3/1pn4B/8/5PPP/R2R2K1 w - - 0 25,d1d8 h8d8 h4d8 b4b3,2105,158,100,28,equality middlegame short,https://lichess.org/QkvFDtMD#49,
2QoW6,1k6/2pp2pQ/2q5/8/2P5/6PK/7P/8 b - - 0 37,c6h6 h7h6 g7h6 h3g4,2158,76,83,104,crushing defensiveMove endgame queenEndgame short,https://lichess.org/fpmKZ4YN/black#74,
d4C47,3r4/1p3p1k/2p3pp/2P1p2n/1PBnP2q/2N1B3/5PK1/3R1Q2 w - - 0 32,f1h1 h4g4 g2f1 d4c2,2163,77,87,706,advantage master middlegame short,https://lichess.org/EYZE9xo9#63,
6GDhi,8/p4p1k/1p4p1/2q4p/7P/1PbR1PPK/P2p4/3Q4 w - - 4 40,d1e2 c5g1 d3d2 c3d2 e2d2 g1h1 d2h2 h1f3,2145,79,90,614,advantage endgame master veryLong,https://lichess.org/9nz7H8wi#79,
f3Y0S,2r4r/p2q3k/3bR3/1P3np1/4QP2/2B4p/6PP/5RK1 b - - 5 31,h8f8 f4g5 d7e6 e4e6 d6c5 g1h1 f5g3 h2g3 f8f1 h1h2 c5g1 h2h3,2147,78,92,1456,crushing middlegame veryLong,https://lichess.org/4YjLR5um/black#62,
Aq8XD,8/8/5K2/2Q5/2qp1P2/2k5/8/8 w - - 6 62,c5a3 c3c2 f4f5 d4d3,2290,84,81,76,crushing defensiveMove endgame master masterVsMaster queenEndgame short,https://lichess.org/wzS0ZjiC#123,
H2Mkk,4r3/1bkn1R2/2qb4/p7/3pP1Q1/1R5P/4N1P1/7K b - - 0 37,e8e4 f7d7 c7c8 d7d6 e4g4 d6c6 b7c6 h3g4,2168,76,91,628,crushing deflection discoveredAttack discoveredCheck exposedKing middlegame veryLong,https://lichess.org/F6z6NdSp/black#74,
5CUfb,8/3kbppp/p1p5/1p2P3/1P1B1P2/PK6/6PP/8 w - - 0 30,d4c5 e7c5 b4c5 a6a5,2242,78,94,5810,bishopEndgame crushing defensiveMove endgame short,https://lichess.org/bByaP8oL#59,
Fho0E,8/1p6/p4PkB/P5P1/1P6/r7/1K6/8 b - - 10 65,a3a4 f6f7 g6f7 g5g6,2205,114,84,20,advancedPawn attraction crushing endgame short,https://lichess.org/2lyYWUoT/black#130,
sMTMP,8/p7/q3p3/5p1k/B3p3/2P1K1Q1/P2P1P1P/8 w - - 8 38,a4b3 a6d3 e3f4 d3d6,2124,80,89,1570,advantage endgame short,https://lichess.org/Y4TRmatW#75,
0S7RQ,6k1/8/6p1/5p2/1P3R1P/8/1R3K1P/r2r4 w - - 2 40,b4b5 d1f1 f2e3 a1a3,2137,76,94,3576,crushing endgame master rookEndgame short,https://lichess.org/jjQRCPSr#79,
UGWsa,r7/PR5P/5p2/8/4p3/5kP1/8/3n2K1 b - - 5 57,e4e3 h7h8q a8h8 b7b8 h8b8 a7b8q,2290,104,50,27,advancedPawn crushing endgame long promotion,https://lichess.org/QO5SS0zw/black#114,
H1GVL,8/8/kp2p2p/2p1P1p1/2P3P1/KP5P/8/8 w - - 4 42,a3a4 b6b5 a4a3 a6a5 c4b5 a5b5,2137,78,88,264,crushing endgame long pawnEndgame zugzwang,https://lichess.org/6cSB35KH#83,
HHC3D,4r2k/2pq3b/pp1p2Pp/3Pp3/P1P5/1P2Q2P/1B4K1/5R2 b - - 0 34,e8g8 b2e5 d6e5 e3e5 d7g7 f1f7 h7g6 f7g7,2290,79,90,108,advantage endgame exposedKing kingsideAttack pin veryLong,https://lichess.org/vdK7MC3U/black#68,
RStND,2r4r/2p1kq2/pp1p1pn1/3P3N/1PP1P1Q1/P7/6PP/5RK1 b - - 7 30,f7h7 g4e6 e7d8 e6f6 h7e7 f6g6,2137,89,87,25,advantage deflection long middlegame,https://lichess.org/jD62dFie/black#60,
B1NrR,r4nk1/4N1p1/bq2p2p/p2pP3/3p1Q1N/1P6/P5PP/4R1K1 b - - 1 27,g8h7 f4f7 f8d7 h4f3,2213,126,88,12,crushing middlegame short,https://lichess.org/z1UBWZ9i/black#54,
7cjUc,4k3/1R4pp/4P3/5K1P/p4P2/1p6/8/r7 b - - 0 46,a1d1 h5h6 g7g6 f5f6,2293,83,94,1545,advantage defensiveMove endgame rookEndgame short,https://lichess.org/snitk40o/black#92,
A8KAx,r3r1k1/ppp2pp1/4b3/b2pQ3/1B6/P1P5/5PPP/RN4K1 b - - 2 18,a5b4 c3b4 e6f5 e5c3,2139,82,91,1238,crushing middlegame short,https://lichess.org/lxsxI1xA/black#36,Scotch_Game Scotch_Game_Other_variations
WQHWy,r2qr3/5p1k/p1n3bN/1p6/3P1P2/6Q1/PPP5/2KR2R1 b - - 0 27,h7h6 f4f5 d8f6 f5g6 f7g6 d1f1,2257,98,90,1036,crushing long middlegame,https://lichess.org/6g1IpYEd/black#54,
kWc9M,2q3k1/6pp/2P5/3Qp3/8/8/4p2K/8 b - - 0 40,g8h8 c6c7 g7g6 d5d8 h8g7 d8c8 e2e1q c8d7,2162,79,91,571,advancedPawn crushing endgame master queenEndgame veryLong,https://lichess.org/hgjzgcUQ/black#80,
qgfAb,r4rk1/4bppp/1n3n2/5qN1/2p1pB2/2N4P/PPQ2PP1/R3R1K1 w - - 2 23,f4c7 b6d5 g5e4 d5c7 e4f6 f5f6,2132,75,91,6094,advantage long middlegame,https://lichess.org/hXAt6FyL#45,
uFa7v,r3kb2/ppp2q1p/2np2r1/3NpQ2/4Pp2/3P3P/PPPB1P2/R3K2R b KQq - 5 16,f7f5 d5c7 e8d7 e4f5 d7c7 f5g6,2132,77,84,165,advantage fork intermezzo long middlegame,https://lichess.org/sN9m0z7H/black#32,Philidor_Defense Philidor_Defense_Other_variations
tJWj7,6r1/7k/7P/1P2p3/8/6p1/1K6/7R w - - 0 47,b5b6 g8b8 b2c3 b8b6 h1g1 b6g6,2223,93,87,44,crushing endgame long rookEndgame,https://lichess.org/OywTUUaW#93,
G81WL,1k6/1r6/RP6/8/6p1/6Kp/8/8 w - - 2 52,g3g4 h3h2 a6a1 b7g7 g4h3 g7g1 h3h2 g1a1,2189,74,95,5794,advancedPawn crushing endgame rookEndgame veryLong,https://lichess.org/mYBcjsnR#103,
fPKyT,1k6/P7/1P2r3/1KP5/8/8/8/8 b - - 0 63,b8b7 c5c6 b7a8 c6c7 e6b6 b5c5 a8a7 c7c8q,2113,105,75,31,advancedPawn crushing endgame promotion rookEndgame veryLong,https://lichess.org/jVZClUs6/black#126,
H73l1,8/8/P3R3/8/8/7K/r4pP1/5k2 w - - 10 56,e6f6 f1g1 g2g4 a2a6,2265,77,93,795,crushing endgame rookEndgame short,https://lichess.org/xhhuTyiJ#111,
76oTU,3r4/1b6/p2r1k2/1p1B4/1P1KPPpp/2P5/5RP1/7R w - - 1 45,f2d2 d6d5 e4d5 d8d5 d4e3 d5d2,2245,78,91,505,crushing endgame long,https://lichess.org/Q1tvKUSj#89,
sLOzA,5k2/7p/3p2p1/2pP2P1/1p1bpP2/1P5P/P4B1K/8 w - - 0 36,f2e1 d4c3 e1g3 e4e3 h2g2 e3e2,2150,74,71,106,advancedPawn bishopEndgame crushing endgame long,https://lichess.org/Px1RKMVN#71,
CTT9f,4r3/1p5k/pPp2bp1/P6p/1P1p1P1P/1q6/1B1QK3/6RR w - - 5 40,e2f1 b3f3 d2f2 f3d3 f1g2 e8e2,2180,80,91,147,advantage exposedKing long middlegame pin,https://lichess.org/jBzaJrjY#79,
eUGTh,8/1k6/8/5ppp/2p5/2P1P2P/3K2P1/8 w - - 0 45,e3e4 f5f4 d2e2 g5g4,2121,75,94,9614,crushing endgame pawnEndgame quietMove short,https://lichess.org/FxslQUmM#89,
xLc5D,5rk1/1pp2ppp/p4n2/4pN2/4P3/1BP3QP/Pq1r2P1/5RK1 b - - 3 22,f6h5 f5h6 g8h8 h6f7 f8f7 f1f7,2104,80,91,1052,advantage deflection kingsideAttack long middlegame pin,https://lichess.org/Z4cM8Il3/black#44,
wS4qA,r1bq1rk1/1pp2pp1/1b3P1p/8/P1ppP2B/2P5/6PP/RN1Q1RK1 b - - 0 15,g7g5 d1h5 d4c3 g1h1 b6d4 h4g5,2254,91,91,1939,advantage defensiveMove long middlegame,https://lichess.org/WxiZuioX/black#30,Italian_Game Italian_Game_Classical_Variation
xpAtb,8/p7/4k3/1p2P1pp/1P2Kp2/2P5/P5PP/8 w - - 0 28,a2a3 h5h4 h2h3 a7a6 c3c4 b5c4,2299,76,85,511,crushing endgame long pawnEndgame quietMove zugzwang,https://lichess.org/QI3Z8WKx#55,
fnv04,8/1p3k2/2p5/1PPp1p2/P2P2p1/3nK3/3B4/8 b - - 4 50,d3b2 b5c6 b7c6 a4a5 b2c4 e3f4 c4d2 a5a6 d2e4 a6a7,2182,81,71,38,advancedPawn crushing endgame master quietMove sacrifice veryLong,https://lichess.org/7Qg7jd9T/black#100,
wy5op,8/5p1p/3kpPp1/1p4P1/1PbP3P/4K3/2B5/8 b - - 0 48,d6d5 c2g6 h7g6 h4h5,2250,77,91,1157,bishopEndgame crushing endgame master sacrifice short,https://lichess.org/VXn6ZEMD/black#96,
GuLyv,2r2rk1/pp3ppp/1qb1pb2/3pn3/1P6/P1N4P/1BB1NPP1/R2Q1RK1 w - - 4 17,e2d4 e5c4 d1d3 g7g6,2192,79,89,506,crushing defensiveMove middlegame short,https://lichess.org/UXuhx5ZQ#33,French_Defense French_Defense_Advance_Variation
7EyZd,r5k1/2q4p/2ppn1p1/p1n1p3/2PbN1PB/1P3Q1P/P3B3/5R1K b - - 4 25,a8f8 f3f8 e6f8 e4f6 g8h8 f6e8,2207,84,71,46,advantage kingsideAttack long middlegame sacrifice,https://lichess.org/36n2aFPE/black#50,
qAisX,4k3/4P3/5BK1/2N5/p7/P7/1P6/6r1 w - - 5 61,g6f5 g1f1 f5e5 f1f6,2259,135,100,29,endgame equality short,https://lichess.org/39GXcRI5#121,
CXuOi,3r2k1/1R1b1pp1/7p/3p1nq1/P2Pr3/1P1BP1P1/3Q1PP1/2R3K1 b - - 2 32,e4d4 b7d7 d8d7 c1c8 g8h7 d3f5,2130,82,90,472,crushing kingsideAttack long middlegame sacrifice,https://lichess.org/vCDyjHgl/black#64,
k7vtr,4rrk1/ppp3pp/4b3/8/1P1B1q2/P2P1B2/4Q1PP/RN4KR w - - 1 18,f3e4 f4c1 e2d1 c1d1,2147,76,97,217,mate mateIn2 middlegame short,https://lichess.org/wIAU0hDG#35,English_Opening English_Opening_Anglo-Scandinavian_Defense
QHtw3,6k1/p2Q2pp/2p2p2/3p4/8/6BP/Pb3PPK/4q3 b - - 1 24,e1b4 d7e6 g8f8 g3d6 b4d6 e6d6,2197,85,90,683,advantage endgame fork long,https://lichess.org/98s8Nc4U/black#48,
urUTL,r1bqk2r/pppp1ppp/8/2b5/2B1PPQ1/2N5/PPn3PP/R1B2K1R b kq - 1 9,c2a1 g4g7 h8f8 c3d5 d8h4 g7e5,2210,96,85,31,advantage long middlegame,https://lichess.org/M7gFRCzx/black#18,Kings_Gambit_Declined Kings_Gambit_Declined_Queens_Knight_Defense
GHBBY,r4rk1/ppp2ppp/2np4/2b3Bq/2B3bN/2P4P/P1PQ1PP1/R4RK1 b - - 0 13,g4e6 c4e2 h5e2 d2e2,2196,91,91,3251,crushing middlegame short trappedPiece,https://lichess.org/BNn03IEj/black#26,Four_Knights_Game Four_Knights_Game_Italian_Variation
4hgVU,3r3k/5pp1/2Q4p/4P3/8/1P4RP/P1R1rP1K/5q2 w - - 0 38,c6c4 f1f2 g3g2 f2g2,2130,79,84,123,endgame mate mateIn2 short,https://lichess.org/pCmUqWwy#75,
Impgx,3r4/5p2/8/1P2PpPp/Pkp2P2/3pK3/7P/3R4 w - - 4 37,b5b6 c4c3 d1d3 c3c2 d3d8 c2c1q,2289,78,92,246,advancedPawn advantage endgame long master promotion rookEndgame,https://lichess.org/UGC8cllc#73,
MQTJO,3r2k1/pp1q1rpp/2p1R3/3n1Q2/2P5/1P1PR3/PB3PPP/6K1 w - - 3 25,e6e8 d7e8 e3e8 d8e8,2184,76,86,218,crushing middlegame short,https://lichess.org/6qnIzNkc#49,
y5cPi,6r1/p1Qbk3/2p1p3/8/3P4/2P4P/q1PK1P2/4R3 b - - 2 26,g8h8 e1g1 a2d5 g1g7,2265,81,74,71,crushing endgame quietMove short,https://lichess.org/yxU6ATx1/black#52,
e5L9e,1r1q1rk1/6pp/2pbb3/p1p1pp2/8/1PNPBP2/P1P1Q1PP/3RR2K w - - 2 18,e3c5 d6c5 e2e5 e6d5,2164,81,84,124,advantage middlegame short,https://lichess.org/JJFGPwM3#35,Sicilian_Defense Sicilian_Defense_Other_variations
muiyz,r4rk1/pbp3q1/1p3nB1/1P1nR1Q1/P2P4/8/5PPP/R5K1 b - - 4 28,f6h7 g6h7 g8h7 g5h4 h7g8 e5g5,2114,75,94,6434,advantage attraction clearance exposedKing kingsideAttack long middlegame pin,https://lichess.org/tKrokzHT/black#56,
jBiXD,1r6/6r1/2QpB2k/p2Pb1q1/5p1p/2P5/PP2R1PP/4R1K1 w - - 0 29,e6h3 f4f3 e2e5 f3f2 g1f2 b8b2,2232,76,86,252,advancedPawn attraction crushing long middlegame pin sacrifice,https://lichess.org/Xu5duMUc#57,
zUUIY,8/8/3Bp3/4P3/2pk4/3p4/3K4/8 w - - 2 65,d6c7 c4c3 d2d1 d4c4 c7a5 c4b3,2279,75,91,2202,bishopEndgame crushing defensiveMove endgame long master,https://lichess.org/vuo1cKC3#129,
9LEMm,2krr3/ppp3pp/5p2/qP1Pp3/P7/1QR1P3/6PP/4R1K1 b - - 0 24,d8d5 b3d5 a5c3 e1d1 c3e3 g1h1 e3d4 d1d4,2127,81,90,1290,crushing endgame quietMove veryLong,https://lichess.org/8fE52KgM/black#48,
gdmnZ,8/8/p2kp3/1p6/1P3N1r/P4K2/8/8 b - - 4 47,d6e5 f4g6 e5d4 g6h4 d4c3 h4g6,2187,93,90,194,crushing defensiveMove endgame fork long,https://lichess.org/K7rpUGCV/black#94,
b7DYB,8/4r1k1/3q1pp1/1P3n1p/4Q2P/2P2P2/6P1/1R2B2K w - - 3 42,e4c6 d6d3 e1f2 d3b1,2274,78,90,839,crushing endgame master short,https://lichess.org/DWixZz6I#83,
wjhVk,8/8/8/p4p2/P1k2K1p/7P/6P1/8 b - - 9 54,c4b4 g2g3 h4g3 f4g3,2282,81,56,108,crushing endgame pawnEndgame short,https://lichess.org/UnVmGmlb/black#108,
9JROk,5rk1/1pR3p1/p5r1/3Pp3/4Pp1q/5P1p/PP3R1P/5Q1K w - - 8 28,c7b7 f8c8 f2d2 g6g2 d2g2 h3g2 f1g2 c8c1 g2g1 c1g1,2229,74,93,7669,advancedPawn crushing endgame quietMove veryLong,https://lichess.org/nGFrWXGe#55,
aFP68,r1qr2k1/ppp2pbp/3p1np1/8/3BP3/2N2Q2/PP3PPP/3R1RK1 b - - 1 14,f6d7 c3d5 c8b8 d4g7 g8g7 f3c3,2193,77,87,791,attraction crushing long middlegame,https://lichess.org/fYaY98R8/black#28,Modern_Defense Modern_Defense_Kotov_Variation
8oUjY,5rk1/ppq3pr/2p1QP2/3pn1Pp/2n4P/2N5/PPP5/1K2RR2 b - - 4 27,c7f7 f6g7 h7g7 f1f7,2189,81,91,3717,advancedPawn crushing discoveredAttack middlegame pin short,https://lichess.org/UM3LQd9R/black#54,
PGk1o,2k5/ppqn1prp/2p1p3/8/2NP4/2P2Q1P/PP6/R6K b - - 3 26,d7f6 f3f6 c7g3 f6f1,2211,86,90,366,advantage endgame hangingPiece master short,https://lichess.org/yaHL3v40/black#52,
oWC9G,4k2r/1b3nb1/pq4p1/1p2p3/6p1/2PQ4/P1P1N1PP/R1B2R1K w k - 4 22,c1a3 e5e4 d3g3 g7e5,2236,81,86,229,advantage clearance master middlegame short,https://lichess.org/ltybXpyo#43,
18V2b,8/p5pk/7p/7q/5P2/6P1/PP2r2P/1K1R3Q w - - 3 33,h2h3 h5b5 d1d2 e2d2,2251,76,86,75,crushing endgame short,https://lichess.org/pBD4Gs9f#65,
TTGUf,R2bk2r/2qb1p2/2pp1p2/p3pP1p/N3P3/7P/P1PQB1P1/7K b k - 1 22,c7b7 a8d8 e8d8 d2d6,2148,78,80,65,advantage middlegame short,https://lichess.org/P38beNYu/black#44,
78NsK,Q4bk1/1r3ppp/8/1Pq5/5B2/2Nb4/PP3nPP/R3N1K1 w - - 3 25,h2h3 f2h3 g1h2 h3f4,2177,82,76,85,crushing discoveredCheck doubleCheck kingsideAttack master middlegame short,https://lichess.org/wchKuIrd#49,
GWQfS,r3k2r/pppq1pp1/1P1p1nnp/P7/1b1PP3/5NPb/2QN1PBP/R1B2RK1 b kq - 0 16,a7b6 g2h3 d7h3 c2a4 h3d7 a4b4,2211,83,88,665,advantage fork long middlegame,https://lichess.org/0SalMjMC/black#32,Mieses_Opening Mieses_Opening_Reversed_Rat
SUXU7,4k3/5p2/3p4/p1r5/1qp5/7Q/P4PP1/3R2K1 w - - 0 38,d1d6 b4e1 g1h2 e1e5 h3g3 e5h8,2234,86,90,631,crushing endgame fork long master,https://lichess.org/Kt0JiEQi#75,
DYZju,8/p3Np1k/5rpp/P2p4/3P2q1/2PQ2Pn/2P2PK1/5R2 w - - 2 35,f2f4 h3f4 f1f4 f6f4 e7d5 f4f5,2230,88,89,869,advantage endgame long master pin,https://lichess.org/gPoatCcO#69,
vE791,8/6pp/8/6P1/4kP2/3p2P1/4K3/8 w - - 0 46,e2d2 g7g6 g3g4 e4f4,2150,75,91,2520,crushing endgame pawnEndgame quietMove short zugzwang,https://lichess.org/jxtAZI1p#91,
NMixQ,5rk1/p1p3p1/4p3/3p1q2/3P3p/P2NQ1B1/1PP1R1KP/5r2 w - - 0 30,g3h4 f1g1 e3g1 f5f3,2198,83,89,342,dovetailMate master masterVsMaster mate mateIn2 middlegame sacrifice short,https://lichess.org/yJiwjCAb#59,
aZjm6,8/8/7p/3n1p2/3pKPPP/2kB4/8/8 w - - 0 55,g4f5 d5f6 e4e5 f6g4,2115,77,92,964,crushing endgame short,https://lichess.org/PnxoN2hN#109,
aUCrZ,8/1p6/p7/Pk1p1p2/1P1P1P2/1K4p1/3B2P1/3n4 w - - 0 51,b3c2 d1f2 c2b3 f2d3,2279,77,80,307,crushing endgame quietMove short zugzwang,https://lichess.org/wFN7lbEC#101,
XqHSm,rn1q1r2/p1p3kP/1p1p4/6p1/3P1n1P/2PB1R2/P1PQ2P1/R5K1 b - - 0 17,f4d3 f3f8 d8f8 d2g5 g7h8 a1f1 f8f1 g1f1,2173,78,91,2422,crushing exposedKing middlegame veryLong,https://lichess.org/jwjJA3sd/black#34,French_Defense French_Defense_Normal_Variation
n10DB,8/p7/2K3k1/1p6/2p5/8/PP6/8 b - - 1 46,a7a6 a2a3 c4c3 b2c3,2284,102,58,28,crushing endgame pawnEndgame quietMove short,https://lichess.org/W7iTpXQ5/black#92,
K9qqx,2r2nk1/5p1p/1p2p1P1/pP1pPnN1/Pq1P4/5QP1/4NP2/5RK1 b - - 0 25,f8g6 f3h5 h7h6 g5e6 f5g7 e6g7,2162,92,77,23,crushing long middlegame,https://lichess.org/IoDgtW1g/black#50,
kxQyu,4rb2/pp1b1k1p/2p3P1/3pr3/8/2PB4/PP1K2PP/4RR2 b - - 0 21,f7g8 g6h7 g8h8 f1f8 e8f8 e1e5,2281,80,93,288,advancedPawn advantage deflection kingsideAttack long middlegame,https://lichess.org/zqurNsEI/black#42,
freuf,4k3/1bP5/3B4/1p5K/6pP/2p3P1/8/8 b - - 0 58,c3c2 d6f4 b7c8 h5g6,2114,76,85,120,bishopEndgame crushing defensiveMove endgame quietMove short,https://lichess.org/UJGlCIyk/black#116,
RDQcT,8/4b3/4Pp1p/pK3Pp1/Pp4P1/1P4kP/8/8 b - - 13 44,e7d8 b5c6 g3h3 c6d7 h3g4 d7d8,2132,75,85,118,bishopEndgame crushing endgame long,https://lichess.org/NygxaYuD/black#88,
d7eyG,k7/p1QP4/1p2p3/8/2P5/1P6/Pn1K4/6q1 b - - 0 41,g1g5 d2c2 g5g2 c2b1 g2g1 b1b2 g1d4 b2a3,2296,77,95,259,crushing defensiveMove endgame veryLong,https://lichess.org/Xxh6fEX3/black#82,
Vb2HB,8/8/7K/4B3/p1k3P1/Pp6/1P4rp/1R6 w - - 2 45,g4g5 g2g1 e5h2 g1b1 h2e5 c4d5,2298,85,89,413,crushing endgame long,https://lichess.org/AGjJYRTF#89,
jWfze,6k1/5ppp/1q6/3P4/2P5/1p3R2/1Qn3PP/r1KR4 w - - 4 29,c1d2 a1d1 d2d1 b6g1 d1e2 g1g2,2180,96,90,859,attraction crushing endgame exposedKing long,https://lichess.org/zZzEQ5w5#57,
o3taH,8/8/5R2/5PN1/3k1n1p/8/PP5r/5K2 w - - 0 38,f6d6 d4e3 f1g1 h2g2 g1h1 g2g5,2124,76,94,4960,crushing defensiveMove endgame exposedKing fork long master,https://lichess.org/mw9PVmGt#75,
2De2Y,r2q1rk1/pbpnbppp/1p1pp3/7N/1PPP4/P2B3P/1B3P2/R2QK1R1 b Q - 3 14,e7f6 g1g7 f6g7 d1g4 d8f6 h5f6,2120,90,90,341,advantage kingsideAttack long middlegame pin sacrifice,https://lichess.org/rGtousFL/black#28,English_Opening English_Opening_Other_variations
X6K0P,8/1P5p/1Q6/3N2pk/4Pp2/5n2/6KP/6q1 w - - 8 53,g2f3 g1f1 b6f2 g5g4 f3f4 f1f2,2143,82,91,250,crushing deflection endgame long master,https://lichess.org/PhIddyBk#105,
Cq0Zt,4r1k1/2n2p1p/R2p4/2pP1bp1/1pP5/1Pn2N1P/1K3PP1/5B1R w - - 1 26,a6d6 e8a8 f1d3 a8a2 b2c1 f5d3 d6d8 g8g7,2261,77,72,96,crushing master middlegame quietMove veryLong,https://lichess.org/y6SDMv58#51,
6UlEg,3r4/2Qnb2k/b5p1/p2pN3/p2P4/4P3/1r3P2/4K1R1 w - - 0 26,e5d7 e7b4 e1d1 b2d2 d1c1 d8c8 d7f6 h7h6 f6g8 h6h5,2219,84,89,1526,crushing middlegame pin veryLong,https://lichess.org/HCeXt9bG#51,
7WJid,6rk/1p3pr1/p1p2Q2/4p3/4q3/2P1R3/PP2KP2/R7 b - - 1 30,e4g4 e2d2 g8e8 a1h1,2102,106,82,14,advantage defensiveMove endgame short,https://lichess.org/iOSJKgsm/black#60,
Y3scz,2b3k1/4rqp1/p5Rp/1p1p3P/3P1p2/2PBrP2/PPK3Q1/6R1 w - - 2 28,g6h6 c8f5 d3f5 e3e2 c2b3 e2g2,2153,78,94,8496,crushing fork long middlegame sacrifice,https://lichess.org/MSum4Guj#55,
7MB1t,4r3/Q1pq1k1p/6p1/2pP4/P7/7P/5PP1/1R4K1 w - - 0 30,b1b7 e8e1 g1h2 d7d6 g2g3 d6d5 b7c7 f7f6 c7f7 d5f7,2116,76,97,374,crushing endgame veryLong,https://lichess.org/Fa0QDng8#59,
UHQa1,6k1/2R3p1/p4r2/1p3p2/1b1P1P1q/1P2B3/P3Q1KP/8 w - - 1 42,d4d5 f6g6 g2h1 h4d8 c7c2 d8d5,2249,79,91,6289,clearance crushing endgame long,https://lichess.org/bbq5sJxC#83,
lNYhl,3r4/1k1r4/1p3p2/PP1bpqpp/1B6/2R1Q2P/5PPK/2R5 b - - 0 34,b6a5 b4a5 f5f4 e3f4 g5f4 a5d8,2167,78,90,1710,crushing long middlegame,https://lichess.org/6shFtvjL/black#68,
51kua,4r2k/1R6/1p3p1p/pPb5/q5P1/7P/6Q1/5R1K w - - 0 56,f1f6 e8e1 f6f1 e1f1 g2f1 a4e4,2106,82,90,2080,crushing endgame exposedKing long,https://lichess.org/d8eaPWWt#111,
IBgUv,r4r2/pp4Q1/1kpB4/6p1/2B5/2P4P/P1Pn1qPK/R7 b - - 0 29,d2c4 a1b1 b6a5 g7b7,2162,77,91,863,crushing deflection middlegame short,https://lichess.org/qYyCBP0D/black#58,
P3CpN,r2q4/p4kp1/1p3b1p/2pbN3/3p1Q2/P7/BPP2PPP/4R1K1 b - - 3 30,f7g8 e5c6 d8d7 a2d5 d7d5 f4f6,2159,76,94,4813,advantage long middlegame pin,https://lichess.org/F9urPHEv/black#60,
SYGao,6R1/1pk2pp1/1n1qp3/1Pr5/8/4P2r/1Q1NKP2/2R5 b - - 3 34,b6a4 b5b6 d6b6 b2e5,2273,105,67,19,advantage middlegame pin short,https://lichess.org/ioMYQ7yP/black#68,
4iCjz,3k4/3P4/r7/5K2/8/8/7p/3R4 w - - 0 77,f5g4 a6g6 g4h3 g6g1 h3h2 g1d1,2183,76,93,1732,crushing endgame long rookEndgame,https://lichess.org/c0zW9W8F#153,
mlCUO,2k1r3/p2r4/2N4p/2b2pp1/2P2n2/1P5P/R2N1PP1/3R2K1 w - - 1 28,b3b4 f4e2 g1f1 e2c3 d1a1 c3a2,2185,79,94,9108,advantage fork long middlegame,https://lichess.org/2Mcem54G#55,
jepej,r2qkb1r/1b1pnppp/p1n1p3/1p2P1B1/3P4/P1N2N2/1P2BPPP/R2Q1RK1 b kq - 4 11,h7h6 c3e4 d8b8 e4d6 b8d6 e5d6,2128,72,93,7679,crushing long middlegame quietMove,https://lichess.org/f2T7WNCA/black#22,Sicilian_Defense Sicilian_Defense_Alapin_Variation
dGb2B,4k3/1R6/3K4/2p1P3/1p6/2r5/8/8 b - - 4 52,b4b3 b7b8 e8f7 e5e6 f7f6 b8f8,2182,76,92,480,crushing endgame exposedKing long rookEndgame,https://lichess.org/ubJpWUsG/black#104,
QdnUx,r4qk1/1p3ppp/r3p3/BQRn4/3P4/P3P3/5PPP/2R3K1 w - - 7 24,b5b7 a6a7 b7b5 a7a5 b5a5 a8a5,2136,88,81,41,advantage long middlegame,https://lichess.org/Ds07Nzkc#47,
E0Xlw,r1b1r1k1/pp2R1Bp/3b2p1/2p1n3/2B1p1P1/7P/PPP1K3/7R b - - 9 22,c8e6 c4e6 e5f7 e6f7 g8g7 e7e8 a8e8 f7e8,2218,84,90,1179,crushing fork middlegame veryLong,https://lichess.org/z4SuNrxS/black#44,
kCoVe,8/7k/1P6/3p4/Pn1Pp1K1/4P3/8/8 b - - 0 58,b4c6 g4f5 h7g7 f5e6,2197,87,88,873,crushing endgame knightEndgame short,https://lichess.org/QPzQbbkd/black#116,
y1yNQ,r2k3r/pppb1Qpp/2nb1q2/3Bp3/3P4/8/PPP2PPP/RNB2RK1 w - - 1 11,d4e5 f6e5 f2f4 e5d4 g1h1 h8f8 f7h5 f8f5,2273,83,90,2072,advantage middlegame veryLong,https://lichess.org/EpPwg0CV#21,Italian_Game Italian_Game_Two_Knights_Defense
E5d7W,1k3r2/p1p4Q/Pp1q4/1P6/4pnP1/2P1R2p/5R1K/8 w - - 2 44,h7e4 f4e2 f2f4 d6f4 e4f4 e2f4,2235,139,76,17,crushing discoveredAttack discoveredCheck endgame exposedKing long,https://lichess.org/W1WmdYX9#87,
6RJqP,2rR4/5pkp/bp2p1p1/1N6/P1q5/4P1P1/1Q3P1P/6K1 b - - 3 26,g7h6 d8c8 c4c8 b5d6,2128,88,89,731,advantage endgame short,https://lichess.org/ZfQ5sMe7/black#52,
MyESB,r3k2r/2qb1pp1/p3pnBp/3p4/2pP4/2P2NP1/PPQ2PP1/2K1R2R b kq - 1 18,f7g6 c2g6 e8f8 f3g5 d7c8 e1e6,2192,78,87,82,advantage long middlegame,https://lichess.org/PicGI2Si/black#36,Horwitz_Defense Horwitz_Defense_Other_variations
0oWpU,2k3rr/pp2q3/P1p5/3p4/3Np3/2PnB1Pn/1P4K1/R2Q1R2 b - - 0 26,e7e5 a6b7 c8d7 f1f7 d7e8 f7e7 e5e7 b7b8q,2280,76,85,248,advancedPawn advantage deflection middlegame promotion queensideAttack veryLong,https://lichess.org/iR2MX3MZ/black#52,
ojJS1,r6r/3b2k1/p2p3n/1p2n2Q/5p1R/2P3P1/PP3P1P/R5K1 w - - 0 31,a1d1 h6f7 h5e2 h8h4,2195,80,83,92,advantage discoveredAttack middlegame quietMove short,https://lichess.org/igrxl3CP#61,
ZFvi4,8/b7/1KPk2p1/8/5p2/8/7p/7B w - - 0 59,b6a7 d6c7 a7a6 g6g5 a6b5 g5g4 b5c4 f4f3 c4d3 c7c6,2288,77,94,581,bishopEndgame crushing endgame interference quietMove veryLong,https://lichess.org/Y4UNnRLx#117,
YpspS,3r2k1/5pp1/4qn1p/4b3/8/pPN3Q1/P1P3PP/4R2K w - - 0 26,e1e5 f6e4 e5e6 e4g3 h2g3 f7e6,2251,77,70,70,crushing endgame long,https://lichess.org/n3Y8ClB4#51,
Tuivr,3rk2r/1p3ppp/p1npq3/2pRN3/2N5/8/PPP1QPP1/2K4R w k - 1 19,e2d3 c6b4 d3g3 b4d5,2130,77,94,4221,crushing fork master middlegame short,https://lichess.org/el5zsXue#37,Trompowsky_Attack Trompowsky_Attack_Raptor_Variation
9EHdo,5rk1/pp3rpp/8/8/3B2q1/1P2P1N1/P6P/2R1Q1K1 w - - 3 34,g1h1 f7f2 h1g1 g4f3 e1f1 f2f1,2209,75,93,969,advantage long middlegame,https://lichess.org/aLW7JU8E#67,
dYcdD,5r2/8/p4qk1/1pp1p1p1/3PP1Pp/P1P2r1P/2RQ1PK1/5R2 w - - 1 34,d4c5 f3g3 g2h2 f6f3,2169,134,44,12,advantage clearance endgame short,https://lichess.org/xVB4O6FF#67,
Wcz68,r2r2k1/ppq1bp1p/2p1p1pQ/4P3/2nP4/2N2NP1/PP3P1P/R4RK1 b - - 0 20,c4b2 c3e4 f7f5 e5f6,2173,77,89,974,crushing enPassant middlegame quietMove short,https://lichess.org/h08efWY2/black#40,
7nj2h,2r3k1/1R4bp/p1qp2p1/4pr2/8/PQ5P/3B1PP1/1R4K1 b - - 1 26,c6c4 b1c1 c4b3 c1c8 f5f8 c8f8 g8f8 b7b3,2267,123,80,26,crushing middlegame sacrifice skewer veryLong,https://lichess.org/A3WxmrHs/black#52,
OyPQQ,3k4/5B2/p3pP1b/1p5P/2p3K1/8/P6P/8 b - - 0 35,e6e5 g4f5 e5e4 f5e4 c4c3 f7b3,2175,111,88,24,bishopEndgame crushing defensiveMove endgame long,https://lichess.org/tZ9pRg0M/black#70,
3SDFa,3r2kr/ppN1pN1p/4P1p1/7n/6b1/4B3/P1P3PP/b4RK1 b - - 4 20,d8f8 f7h6 g8g7 c7e8 f8e8 f1f7,2105,77,95,2155,fork long mate mateIn3 middlegame sacrifice,https://lichess.org/Q4EuUiWQ/black#40,
IOm0j,8/2B1r2p/8/1p6/4PRP1/1k2nP2/7P/1K6 w - - 1 36,c7b6 e3d5 f4f8 d5b6,2264,77,89,168,advantage endgame short,https://lichess.org/nYmPbaiW#71,
Z0v0T,1N6/8/R7/1k6/pp1PK3/2r5/8/8 w - - 0 54,d4d5 c3c8 a6a7 c8b8 d5d6 b4b3,2259,97,85,23,crushing endgame long,https://lichess.org/jvW435iH#107,
HazrL,8/6pk/2P5/4nQ2/p5P1/P5P1/5P1K/4q3 b - - 2 43,h7g8 c6c7 e5g4 h2g2,2286,75,91,1517,advancedPawn crushing defensiveMove endgame short,https://lichess.org/xPUivdrG/black#86,
FozYj,8/8/4pk2/p4p1p/1Pp1pP1P/1PPbP3/3K2B1/8 w - - 0 38,b4a5 c4b3 d2c1 e6e5 c1b2 e5f4 e3f4 e4e3 g2f3 e3e2 f3e2 d3e2,2278,77,85,164,advancedPawn bishopEndgame crushing endgame veryLong,https://lichess.org/5NaDI0Wq#75,
hRQKc,rnr3k1/3bpp2/p2p2BB/qp2P2n/3b3P/2N2P2/PPPQ4/2KR3R b - - 0 16,d4c3 d2g5 f7g6 g5g6,2162,90,100,37,crushing kingsideAttack middlegame sacrifice short,https://lichess.org/TvmMlwDh/black#32,Sicilian_Defense Sicilian_Defense_Dragon_Variation
jaSZa,r4rk1/1pp2ppp/8/p4P1Q/4q3/5R1P/6P1/5R1K b - - 0 23,g7g6 h5h6 a8a6 f5f6 a6f6 f3f6,2172,76,86,140,advantage endgame long,https://lichess.org/bscWSUGx/black#46,
5VPve,4rk2/1p3p2/p7/5q2/P1R4p/1P2Pr2/2P3QP/4R1K1 w - - 4 40,e3e4 h4h3 c4c8 e8c8 e4f5 h3g2,2254,82,90,290,advancedPawn crushing endgame long,https://lichess.org/EAFkOIjY#79,
s6RWr,4r1k1/5pbp/p1P1p1p1/1r1p4/8/Q1P5/5PPP/R5K1 b - - 0 26,b5b6 c6c7 g7e5 a3c5 e5c7 c5c7,2223,78,83,177,advancedPawn crushing endgame long,https://lichess.org/lHxKc5uB/black#52,
dRBT4,8/8/p5p1/k5p1/2K3P1/2P4P/8/8 b - - 0 51,a5a4 c4d5 a6a5 c3c4 a4b4 c4c5 a5a4 c5c6 a4a3 c6c7 a3a2 c7c8q,2141,77,94,3375,advancedPawn crushing endgame pawnEndgame promotion quietMove veryLong,https://lichess.org/oK1gdwml/black#102,
qEPgX,r1r3k1/5ppp/b2bp3/3pq3/8/4B1P1/3Q1PBP/R3R1K1 b - - 1 24,a6c4 a1a8 c8a8 e3f4 a8a2 f4e5 a2d2 e5d6,2206,81,90,782,advantage middlegame veryLong,https://lichess.org/xVRQAYQ2/black#48,
3cVMO,8/p3k3/4p3/1p1pPp2/5P2/1PP1P3/1K6/8 w - - 0 43,c3c4 d5c4 b3c4 b5b4,2217,75,85,161,crushing defensiveMove endgame pawnEndgame short,https://lichess.org/ipVqrqKw#85,
iMHXj,r6k/ppp1bQp1/2b1p2p/2P5/3P4/3NP2P/1Pq3P1/1R3RK1 w - - 1 25,f7g6 e7g5 d3f4 c6e4 g6e6 g5f4,2152,76,91,415,advantage long middlegame,https://lichess.org/eU9BaXlt#49,
PkSgS,k3rr2/1p4pp/n7/1Np5/Q2pP3/7P/P1PN1qP1/1R5K b - - 2 33,f2d2 b5c7 a8a7 c7a6 d2c1 b1c1,2236,77,92,1167,crushing long middlegame pin,https://lichess.org/hTpdgnJ8/black#66,
GQkNH,4r1k1/1p1R1p1p/2p2pb1/p7/P3Pq2/2Q2N1P/1P3PP1/6K1 b - - 0 22,e8e4 d7d8 g8g7 c3c5,2173,84,83,66,advantage endgame master short,https://lichess.org/2yHUOJ9S/black#44,
VTTp0,2r4k/7p/pB3p2/1p1p1p2/5P1P/qP1PP3/3K3R/6Q1 w - - 0 29,d2e2 c8c1 h2g2 c1g1,2208,76,97,446,advantage endgame master short,https://lichess.org/G5ZDTMoC#57,
Ash9n,3k4/8/2p2KR1/4P2p/7r/8/8/8 b - - 0 54,c6c5 g6g8 d8c7 e5e6 c7d6 g8d8,2161,88,91,414,crushing endgame long rookEndgame,https://lichess.org/2WLkmHqX/black#108,
GiaT1,1k6/4K3/1P3R2/3Pp2p/7P/8/1r3p2/8 b - - 1 47,b8b7 d5d6 e5e4 d6d7 b2d2 f6f2 d2f2 d7d8q,2146,75,82,407,advancedPawn crushing deflection endgame promotion rookEndgame veryLong,https://lichess.org/DdGjchQa/black#94,
4m1Mt,7r/1p2pkbR/3q2p1/pPpP1pB1/Pn3P2/1Q1B2K1/1P2P3/8 w - - 5 33,g5e7 f7e7 h7g7 e7f8 g7b7 g6g5,2237,125,75,16,advantage long middlegame pin,https://lichess.org/4ZxgukA5#65,
WUscK,3r2k1/1p1P4/p3q3/P2Rb2p/1P6/4pp1P/2Q2pP1/3R1K2 w - - 0 37,g2f3 e6h3 f1e2 f2f1q d1f1 h3g2 e2e3 g2c2,2109,77,83,101,advancedPawn crushing endgame exposedKing promotion skewer veryLong,https://lichess.org/FWQP1yLn#73,
fB0WL,r3k2r/1p2bppp/p1qp1n2/4P1B1/4P1b1/2N2Q2/PPP4P/2KR1B1R w kq - 0 13,f3g3 f6e4 g3g4 e7g5,2194,77,91,1231,advantage discoveredAttack fork middlegame short,https://lichess.org/aALPpBhd#25,Sicilian_Defense Sicilian_Defense_Najdorf_Variation
mIYrH,3r4/8/2p2p1k/p1N1pP1b/2PrP2R/1P1BK3/8/6R1 w - - 3 54,c5e6 d4d3 e3f2 d3d2 f2f1 d2d1 f1g2 d8g8,2193,124,82,9,crushing middlegame veryLong,https://lichess.org/uQxxAK1o#107,
7b3eD,3r2k1/ppp2ppp/5b2/1Pn5/2N2PP1/2P1R2P/PB6/6K1 b - - 2 25,c5a4 g4g5 a7a6 b5a6,2246,86,91,596,advantage endgame short,https://lichess.org/Idl93a5F/black#50,
HUQTk,r2qr3/4b2k/b3p2B/p3PppQ/1p1P4/7P/5PPN/1B3RK1 b - - 3 31,e8h8 h5f7 h7h6 h2g4 f5g4 f7g6,2179,83,88,145,exposedKing long mate mateIn3 middlegame sacrifice,https://lichess.org/YpDmGiAf/black#62,
tkody,7q/pp4p1/2p2bk1/4Pr1r/1P1P4/2p3P1/P3R1QP/5RK1 b - - 2 28,f6e7 g2e4 g6h6 f1f5 h5f5 e4f5,2165,83,82,40,crushing long middlegame,https://lichess.org/zQLb2Y2S/black#56,
dygPl,8/8/6p1/5p1p/2k2P1P/4K3/6P1/8 w - - 4 49,g2g3 c4c3 e3e2 c3c2,2224,82,90,163,crushing defensiveMove endgame pawnEndgame short zugzwang,https://lichess.org/QQAbuwDT#97,
zTcfE,2k4r/1pp2p1p/p2rpn2/5qP1/2PP4/2Q1BB2/PP2KP1P/7R b - - 0 18,f6e4 c3d3 e4g5 d3f5 e6f5 e3g5,2210,107,90,38,advantage capturingDefender long middlegame,https://lichess.org/dSKjqhh5/black#36,Scandinavian_Defense Scandinavian_Defense_Portuguese_Gambit
GGPHs,2q2rk1/5p2/p1r1b1pp/3pP2P/5QP1/2P3RN/5P2/4R1K1 b - - 0 40,g8g7 f4f6 g7g8 h5g6 e6g4 e5e6,2257,109,86,30,crushing deflection long middlegame,https://lichess.org/M4h9oaps/black#80,
I3MHv,3r1rk1/4bppp/4pn2/p5B1/1p2BPPP/1Pp1q3/P1Q1N3/1K1R3R b - - 0 21,e3e4 c2e4 f6e4 g5e7 d8d2 d1d2,2258,75,95,207,advantage fork long middlegame,https://lichess.org/FmNCb1E0/black#42,
aHdD6,8/8/2pp1k1p/p5p1/3PP1K1/2P4P/1P6/8 b - - 1 38,a5a4 g4h5 d6d5 e4e5 f6g7 e5e6 g7f6 h5h6,2285,90,85,38,crushing endgame pawnEndgame veryLong,https://lichess.org/jcQRSsX6/black#76,
VwB0F,1k2r1r1/pp6/1n3QP1/2R2P2/1q3P1p/7B/P6K/6R1 w - - 0 38,c5e5 b4f4 h2h1 e8e5 f6d6 b8a8,2251,78,87,124,advantage long master middlegame,https://lichess.org/bQbOuVQ5#75,
0hddJ,r2qkb1r/ppp2pp1/2n1p2p/3p1b2/2PPnB2/2NBPN2/PP3PPP/R2QK2R w KQkq - 4 8,d1c2 c6b4 c2a4 b7b5 c3b5 b4d3,2156,81,90,867,crushing defensiveMove long middlegame,https://lichess.org/C3Cy4wBE#15,Queens_Pawn_Game Queens_Pawn_Game_Accelerated_London_System
c1mt7,2kr4/1bp1np2/p3p1p1/1pN4p/P1nP1B1P/1P3P2/6P1/2K2B1R b - - 0 20,d8d4 f4g5 e7d5 b3c4,2122,76,85,280,advantage master middlegame short,https://lichess.org/oBJuiQsB/black#40,
HcriO,2r5/1p1q1k2/p1bb2rp/3p3Q/1P6/P1N2N2/3B1PP1/4R1K1 b - - 1 29,d7g4 f3g5 g4g5 d2g5,2227,81,85,210,advantage middlegame short,https://lichess.org/OMJ9q60j/black#58,
uTQ8G,r4r2/pp2qpk1/1bpp2p1/7p/3PPQb1/1B2B3/PP3PPP/3RR1K1 b - - 3 18,g4d1 f4h6 g7g8 h6g6 g8h8 g6h6,2127,78,91,613,crushing deflection long middlegame pin,https://lichess.org/z9hew3FQ/black#36,Vienna_Game Vienna_Game_Max_Lange_Defense
5WkuN,1r3rk1/ppp2ppp/8/3Rbq2/8/PQ2B2P/1P3PP1/2R3K1 b - - 1 23,b7b6 f2f4 f5e6 f4e5,2166,76,92,8043,advantage middlegame short,https://lichess.org/t1cFCZXz/black#46,
1mMeY,8/8/3p4/6R1/1p2k2P/4r3/P4K2/8 b - - 0 46,d6d5 g5e5 e4e5 f2e3 b4b3 a2b3,2236,74,91,502,crushing deflection endgame long rookEndgame,https://lichess.org/rWRlyDSH/black#92,
ARYws,r2q3k/pb1p2pp/1p1Q1p2/2p2N2/5P2/4R1P1/P4K1P/8 b - - 1 31,g7g6 e3e8 d8e8 d6f6 h8g8 f5h6,2117,78,94,5984,deflection endgame long mate mateIn3 sacrifice,https://lichess.org/MH9R3MVD/black#62,
Uefpr,2kr2nr/ppp3pp/2p1p3/8/4P3/4PQ2/PqPN2PP/R4RK1 b - - 3 12,d8d2 f3f8 d2d8 a1d1,2132,77,95,3289,crushing master middlegame short,https://lichess.org/ge0qg0Lv/black#24,Scotch_Game Scotch_Game_Classical_Variation
8oKm8,rnb5/pp1k1pq1/2np4/8/B4Q2/2P1KP2/PP5r/3R4 b - - 10 26,g7g2 f4d6 d7e8 d6d8,2187,75,94,9695,mate mateIn2 middlegame pin short,https://lichess.org/hvK8IfYX/black#52,
sjWMT,3q2k1/2R2p2/6p1/p3Q2p/8/Pp5P/1P1r1PP1/6K1 w - - 4 38,e5c3 d2c2 c7d7 d8d7,2132,76,85,56,crushing endgame master short,https://lichess.org/amNS6T1K#75,
gKTWy,r7/6pk/2p5/2Pp2qp/1p1Bpn2/1N3P2/P5PP/R2Q2K1 w - - 1 34,d1d2 e4f3 d4e3 f4h3 g1h1 f3g2 d2g2 g5e3,2107,109,60,21,advancedPawn advantage kingsideAttack middlegame pin veryLong,https://lichess.org/W4YzXUW1#67,
d2gPG,7r/2pk4/1rp1qp2/2Qp4/P2P1P2/4P1P1/1PR5/2R3K1 w - - 1 28,c2e2 e6e4 g1f2 h8h2,2295,77,85,430,crushing endgame short,https://lichess.org/IXfmI4Ss#55,
GjJ4f,8/8/1P6/1r1Nkpp1/1N5p/3K4/5P2/8 w - - 0 46,d3c4 b5b6 b4d3 e5e4,2141,83,77,42,advantage endgame short,https://lichess.org/Ii0dhgRq#91,
MbtWV,8/8/2bk4/1p2pp2/1P2P1p1/2K3P1/6BP/8 w - - 0 45,c3d3 c6e4 g2e4 f5e4 d3e4 d6e6,2252,86,90,225,bishopEndgame crushing defensiveMove endgame long zugzwang,https://lichess.org/hrkyahII#89,
7zXZT,r4rk1/p4ppp/1p1qp3/3p3b/NP1PNn2/P1PQ3P/4BPP1/R3R1K1 b - - 0 21,f4e2 d3e2 h5e2 e4d6,2174,74,93,2098,advantage middlegame short,https://lichess.org/wwjdQlbo/black#42,
LriEX,3q1r2/1p1P4/p3Q2k/n5p1/8/2P2PP1/PP4P1/2Kn4 b - - 14 37,h6h5 g3g4 h5h4 e6e1 d1f2 e1f2,2108,79,71,90,endgame fork long mate mateIn3,https://lichess.org/Ka8k1JLn/black#74,
lBf0z,8/8/2k3p1/p3Pn2/3P1PP1/1P1K4/8/8 b - - 0 40,f5e7 d3e4 e7d5 f4f5 d5c3 e4d3,2174,75,93,1495,crushing defensiveMove endgame knightEndgame long,https://lichess.org/dEI6Z7fO/black#80,
a5hj9,r2qr1k1/pppn1ppp/5n2/5N2/4P3/2P3P1/P1P1Q2P/R1B2R1K b - - 0 14,f6e4 e2g4 d8f6 f5h6,2134,78,94,1885,advantage middlegame pin short,https://lichess.org/k8ynInPT/black#28,Kings_Gambit Kings_Gambit_Other_variations
9muRS,2kr2r1/Qp2np2/2p1q3/1B1pP3/3Bn1bp/P3P3/5PPN/2R2RK1 w - - 2 24,d4b6 g4h3 c1c6 e7c6 a7a8 c8d7 a8b7 d7e8 b7c6 e6c6,2291,92,90,475,advantage middlegame pin veryLong,https://lichess.org/lUdmMfue#47,
ehXyI,1k5r/pp3pb1/3P2p1/1Q1P4/8/4PqP1/PP4N1/R3BnK1 w - - 1 32,e1f2 f1g3 f2g3 f3g3,2284,76,96,243,crushing middlegame short,https://lichess.org/PMgMX9tP#63,
N9ELh,7n/7P/4p3/6p1/4P1K1/2k5/2p5/2N5 b - - 3 59,c3d2 c1a2 h8f7 g4h5 g5g4 h5g4 c2c1q a2c1,2217,76,91,674,crushing endgame knightEndgame master quietMove veryLong,https://lichess.org/xNHU7Owj/black#118,
Csvb2,7r/1pQ1b3/p3kn1p/3p4/3P1Bp1/PpP2PPq/1Pb1P2P/R3R1K1 w - - 4 23,e2e4 g4f3 e4d5 e6f5,2156,79,86,156,advantage middlegame short,https://lichess.org/tmKUDRFz#45,
nK8fd,6k1/5p2/1q4p1/3Pp3/4P1n1/1r4Bp/3Q1N1P/4R1K1 w - - 6 35,g1h1 b3b2 d2b2 b6b2,2129,84,91,1359,advantage master masterVsMaster middlegame short,https://lichess.org/OQhnfUL0#69,
hOQ1R,r4rk1/p5pp/1p1qpB2/2pp4/3Pn3/2P1P3/PP1NQ1PP/R4RK1 b - - 0 17,e4d2 f6e5 f8f1 a1f1 d6e5 d4e5,2206,77,91,2162,crushing long middlegame,https://lichess.org/NZCCn9ij/black#34,Bird_Opening Bird_Opening_Dutch_Variation
3wFYb,8/8/3p4/p1pP3p/P1P2K2/1Pk4P/8/8 w - - 1 42,f4g5 c3b3 g5f5 b3a4 f5e6 a4b4 e6d6 a5a4 d6e6 a4a3 d5d6 a3a2 d6d7 a2a1q,2298,76,78,92,advancedPawn advantage endgame pawnEndgame promotion quietMove veryLong,https://lichess.org/kEIbosJO#83,
DFlMN,r2r2k1/1b3p1n/2p1q1pN/1p2p1Qp/p3P2P/2PB2P1/PP3P2/3RR1K1 b - - 5 25,g8h8 g5e5 e6e5 h6f7 h8g7 f7e5,2209,94,91,821,attraction crushing deflection exposedKing fork long middlegame sacrifice,https://lichess.org/HfJ56jHo/black#50,
bwkqe,8/8/8/6pR/4K3/r4PkP/8/8 b - - 4 49,a3f3 h5g5 g3f2 h3h4 f3b3 h4h5,2120,84,90,921,advantage defensiveMove endgame long quietMove rookEndgame,https://lichess.org/61Dc0JiF/black#98,
7KIx3,8/pp5p/3p4/6p1/1P1PK1Pk/6r1/P5R1/8 w - - 2 40,g2g3 h4g3 e4f5 g3h4,2282,88,88,635,crushing endgame short,https://lichess.org/7VvjbrNQ#79,
l1aE5,6r1/RR4pk/np1p4/8/3P4/r7/6PP/6K1 b - - 1 24,g8b8 b7b8 a6b8 a7a3,2153,75,87,271,crushing endgame short,https://lichess.org/Y5xwDIdk/black#48,
9MjRj,2kr1b1r/ppp2Rpp/3p4/3B4/3qP3/4B3/PP2Q1PP/n5K1 b - - 4 16,d4b4 e3a7 d8d7 d5e6,2101,82,91,363,advantage middlegame pin short,https://lichess.org/LA4IyK0D/black#32,Kings_Gambit_Accepted Kings_Gambit_Accepted_Schallopp_Defense
7jZPB,Qnk2b1r/p3pppp/2p5/2q5/P7/5B2/P1PP1PPP/5RK1 b - - 1 16,e7e6 f1b1 f8d6 f3c6,2257,189,0,12,advantage middlegame short,https://lichess.org/qCCKWZs3/black#32,Scandinavian_Defense Scandinavian_Defense_Modern_Variation
TyMt0,4r3/5kp1/7p/8/8/4Q3/1qp2PPP/2R3K1 w - - 0 33,e3d2 e8d8 d2f4 f7g8,2251,78,90,178,crushing defensiveMove endgame short,https://lichess.org/7UzRtUJa#65,
2wfBz,4r2k/7p/pp4p1/8/PPPrq3/2Q1p2P/4R3/4R1K1 b - - 3 32,e8f8 e2e3 e4f4 e3e4 f4f2 g1h1 f2f3 c3f3 f8f3 e4d4,2132,78,90,722,crushing endgame veryLong,https://lichess.org/biK9Sjpx/black#64,
SQkuu,8/5P1K/4q1P1/2k1P2p/7P/8/8/8 b - - 2 63,e6e7 e5e6 c5c4 g6g7,2188,79,85,273,advancedPawn crushing endgame queenEndgame short,https://lichess.org/heWFIXgO/black#126,
Vn3IX,r2q1r1k/p4pR1/1n2p2P/1p2P1BP/1Q1P4/8/P1p1bP2/R3K3 b Q - 2 23,d8d5 g5f6 d5h1 g7g1 h8h7 g1h1,2232,76,93,3374,crushing discoveredAttack discoveredCheck exposedKing long middlegame quietMove,https://lichess.org/IrxkeZ60/black#46,
QyzS8,7k/7r/b1p1p1p1/PpPp4/1P1Pp3/4PqN1/4KP2/R2Q4 w - - 8 48,e2d2 f3f2 g3e2 h7h2 d1f1 f2f3 f1f3 e4f3,2186,88,47,67,collinearMove crushing endgame fork quietMove veryLong,https://lichess.org/xaFHzMT0#95,
DzvZK,r5k1/3R1p2/p5pp/1p2B3/4bPQ1/8/P1q3PK/8 b - - 1 37,e4f5 g4h4 f5d7 h4h6 f7f6 e5f6 g8f7 h6g7 f7e6 g7e7 e6d5 e7d7,2197,78,87,135,crushing deflection endgame sacrifice veryLong,https://lichess.org/BDFc2vpU/black#74,
cxjRC,2r1k2r/pp3p1p/4p1p1/1q1pPnQP/8/1P6/P2N1PP1/3RK2R b Kk - 2 18,c8c2 h5g6 f7g6 g5f6 h8f8 f6e6,2125,84,91,1316,advantage long middlegame,https://lichess.org/6OzMqAQZ/black#36,French_Defense French_Defense_Advance_Variation
8SmJi,8/4q1p1/Q1p1pk1p/3p4/1P6/2P3PP/6PK/8 b - - 0 32,e7d6 b4b5 g7g5 b5b6,2112,76,77,156,crushing endgame queenEndgame short,https://lichess.org/EHkIgO3d/black#64,
SSo62,8/8/7p/p3k1p1/5pP1/P4K2/5PP1/8 w - - 0 39,f3e2 e5e4 g2g3 f4g3,2287,85,89,817,crushing endgame pawnEndgame short zugzwang,https://lichess.org/J9nKREuO#77,
EGFfg,2r3k1/1p2ppbp/rB4p1/1p2Nb2/3Pn3/6P1/PP2PPBP/R4RK1 w - - 4 19,g2e4 f5e4 f1c1 c8c1 a1c1 g7e5,2275,86,90,1263,crushing long middlegame,https://lichess.org/VQL37bAo#37,Neo-Grunfeld_Defense Neo-Grunfeld_Defense_Classical_Variation
Gcqdg,1k6/2p5/1p2p3/5p2/4rp1R/6PP/5P2/6K1 b - - 0 36,f4g3 h4e4 f5e4 h3h4 c7c5 h4h5 b8a7 h5h6,2108,75,94,3955,advantage endgame quietMove rookEndgame veryLong,https://lichess.org/NrM5hncP/black#72,
HhAOe,r4rk1/pp5p/3p1ppQ/3n4/2pP2NN/1bP4P/qP2BPP1/2R3K1 b - - 1 22,a2b2 e2f3 b2c1 h6c1,2162,108,80,31,crushing middlegame short,https://lichess.org/8ldOJlN9/black#44,
HUjd0,r3r1k1/pp3p2/2p2qpp/4N3/2B1Q3/8/P4PPP/4R1K1 b - - 0 23,e8e7 e5g4 e7e4 g4f6,2171,79,79,64,advantage middlegame short,https://lichess.org/2AiVVNon/black#46,
xqMWP,1r4r1/1p2q1kp/p3R1p1/3Q4/5p2/7P/6P1/1R4K1 b - - 0 30,e7f7 d5e5 g7h6 e6f6 f7f6 e5f6,2189,77,90,1688,crushing endgame long,https://lichess.org/H7mJzWTu/black#60,
X13Ir,8/p6p/PBn4P/2Pk4/6p1/4Kp2/8/8 b - - 7 56,a7b6 c5b6 g4g3 a6a7 f3f2 e3e2 c6d4 e2f1,2272,77,93,4448,advancedPawn crushing endgame knightEndgame veryLong,https://lichess.org/JWdImDWV/black#112,
JlrQj,4r1k1/pp1n3p/2p5/3p1p2/3Pn3/P1NQ3P/1PP2qNK/4R3 b - - 1 22,d7f6 e1e2 f2f1 e2e4 f1d3 e4e8 f6e8 c2d3,2235,120,86,22,crushing middlegame veryLong,https://lichess.org/082oC8Qu/black#44,
AvK8u,2kr4/ppp2r2/2p3b1/1P2P2p/P2P3q/2P1BBpP/4Q1P1/R6K b - - 0 25,c6b5 f3b7 c8b7 e2b5 b7c8 b5a6,2268,88,90,1429,attraction crushing intermezzo long middlegame queensideAttack,https://lichess.org/CsVDfpwV/black#50,
wjQD5,N1r5/Q2b1kp1/3q1n1p/3p1p2/3P4/P7/1Pn1PPPP/1R1K1B1R w - - 2 21,b1c1 d6c6 a8c7 c8c7,2133,77,80,79,crushing middlegame short,https://lichess.org/ptqD8f5r#41,
YIgea,r3r3/p4pk1/1pp1bR1R/6p1/3Pq3/PP2P2P/2P2QP1/2K5 b - - 2 26,e8h8 f6e6 e4e6 h6e6,2196,79,89,1390,advantage middlegame short,https://lichess.org/EADUZuqw/black#52,
uW68d,6k1/1b2brpp/p2pQ3/1p1Pn3/4q3/4B3/PP3PPP/2RR2K1 b - - 5 21,h7h6 c1c7 g8h7 c7b7,2142,84,90,732,crushing middlegame short,https://lichess.org/TUfByPM6/black#42,
15r8J,3r2k1/p5rp/2p1p1p1/q4p2/1NP3n1/2Q4R/P3B1PP/1R4K1 w - - 0 26,b4c6 a5c5 h3e3 g4e3 b1b5 c5c6,2175,83,91,1313,crushing fork long middlegame,https://lichess.org/hBcvP62B#51,
B1roO,5rk1/5ppp/2Bq4/8/1P1N2QP/r5P1/2P5/2KR1R2 w - - 2 23,b4b5 d6b4 d4b3 b4g4,2209,145,87,11,advantage middlegame short,https://lichess.org/5yLRcjRv#45,
nPWdt,1r4k1/bNqr1pp1/7p/1R6/Q2P4/P7/6PP/1R4K1 b - - 4 29,b8b7 b5b7 d7d4 a4a7,2264,79,91,1415,crushing middlegame short,https://lichess.org/y8FZAu9j/black#58,
A87Nj,5rk1/1p3p1p/p3p1pP/2rPP1B1/3P2P1/P4Q1R/q4P2/5K2 b - - 0 26,a2a1 f1g2 a1d4 g5e3 d4e5 e3c5,2219,83,88,104,advantage defensiveMove endgame long skewer,https://lichess.org/KoLGOaxD/black#52,
I0wCi,8/1p3Bk1/6p1/4p2p/2QbP2P/6P1/3q1PK1/8 w - - 1 38,f7e8 d2f2 g2h3 f2f3,2140,83,76,41,advantage endgame master masterVsMaster short,https://lichess.org/GosY3Ady#75,
3en1d,1bb1r1k1/6p1/5pNp/Q2p1N2/1p1Pq1P1/4P3/1P5P/2R3K1 w - - 3 36,g6e7 g8h7 a5d5 e4g4 g1f2 c8a6 d5f3 g4f3,2137,153,70,15,advantage defensiveMove kingsideAttack middlegame quietMove veryLong,https://lichess.org/wwb7wHQC#71,
9JEc8,5r2/1pp2r1k/p2pR1pp/3P3n/1PPQ1P1P/5NPK/1Pq5/7R w - - 11 39,h1e1 f7f4 g3f4 h5f4 d4f4 f8f4,2202,79,59,65,advantage fork long master middlegame sacrifice,https://lichess.org/7uLKAIda#77,
mpWHu,r3r3/ppq4k/6pp/8/4QPn1/1P2b3/PB4BP/R3R2K w - - 1 25,e4b7 g4f2 h1g1 f2e4 e1e3 c7b7,2222,83,94,4201,crushing discoveredAttack discoveredCheck interference long middlegame,https://lichess.org/IaWbJNKM#49,
QXhU0,2q5/pkP5/1p2r1Q1/7p/4n1pP/6B1/P4PP1/4R1K1 w - - 7 35,g6h5 e4f6 h5g5 e6e1,2205,73,92,6695,advantage discoveredAttack endgame short,https://lichess.org/aZETc59p#69,
yGHVq,3r1rk1/1bq1bppp/pp3n2/2p1NpB1/2B5/P1NP2Q1/1PP3PP/4R1K1 b - - 1 18,f6h5 e5f7 h5g3 e1e7,2150,105,86,29,advantage discoveredAttack middlegame sacrifice short,https://lichess.org/JooLDJea/black#36,Sicilian_Defense Sicilian_Defense_McDonnell_Attack
UGRuZ,rnb1k2r/pp1p1ppp/4pq2/2P5/2P1n3/P7/4PPPP/RNBQKBNR w KQkq - 1 7,f2f3 f6a1 d1c2 e4c5 c1b2 a1a2,2276,88,87,586,advantage hangingPiece long opening,https://lichess.org/WiHsL5nO#13,Indian_Defense Indian_Defense_Normal_Variation
vWCpj,r4b1r/1k1n1ppp/p1qp1n2/5BB1/1p1R1P2/8/PPP1Q1PP/2K1R3 b - - 3 18,a8e8 f5d7 e8e2 d7c6 b7c6 e1e2,2294,95,90,578,crushing long middlegame,https://lichess.org/sKNFWR66/black#36,Sicilian_Defense Sicilian_Defense_Najdorf_Variation
xJLNX,5rk1/1p1Bb1pp/n2p4/1P1Pp3/8/1QR1B1qP/6P1/R4r1K w - - 1 28,a1f1 f8f1 e3g1 g3f2 d7e6 g8h8 c3c8 e7f8,2146,84,91,1539,advantage defensiveMove middlegame pin veryLong,https://lichess.org/enUL4yLv#55,
nAq30,rn1q1r2/ppp2pkp/8/4P3/5P2/3B1n2/PPQ2P1P/R1B2R1K w - - 0 18,f4f5 d8h4 f1g1 g7h8 g1g2 f8g8 c2d1 g8g2,2191,87,90,1080,advantage defensiveMove middlegame veryLong,https://lichess.org/bliiiunW#35,Elephant_Gambit Elephant_Gambit_Other_variations
5Pna9,1q1r4/8/p1p1rp1k/2Rp2p1/1P1QP2p/P4P1P/2R2KP1/8 w - - 2 37,c5c6 d5e4 d4d8 b8d8 c6e6 d8d4,2267,225,36,8,crushing endgame long,https://lichess.org/6c6yNuWe#73,
crjJf,8/7p/8/pp2k3/4p1P1/2P1K3/P6P/8 w - - 2 31,h2h4 b5b4 c3b4 a5b4 g4g5 e5f5,2174,80,93,2410,crushing endgame long pawnEndgame zugzwang,https://lichess.org/GOweqHKM#61,
B0GLB,2r1kbnr/2q2ppp/p1n1p3/4P2b/P1BP1B2/1pP2N1P/1P3PP1/R2QR1K1 b k - 0 16,c6d4 c3d4 c7c4 a1c1 c4c1 f4c1,2255,77,50,67,advantage long middlegame,https://lichess.org/pl8Ij0Gs/black#32,Caro-Kann_Defense Caro-Kann_Defense_Advance_Variation
NXfpR,5r1k/7p/1R1P4/5P2/8/p4B1P/5PK1/r7 b - - 0 41,f8f5 b6b8 h8g7 d6d7 f5g5 g2h2,2116,85,91,1279,advancedPawn crushing endgame long,https://lichess.org/CaogaFIO/black#82,
kxDQK,2r1r1k1/R4p1p/1p6/3P1p2/p1P5/P2p4/5PPP/3R2K1 w - - 4 28,a7a4 b6b5 a4b4 b5c4,2289,107,89,2657,advantage endgame rookEndgame short,https://lichess.org/9voOU4s3#55,
ptRU2,8/1p5p/1Kp5/6p1/P1k3P1/P7/7P/8 b - - 2 37,c4b3 a4a5 c6c5 b6c5,2179,77,93,2861,crushing endgame master pawnEndgame quietMove short,https://lichess.org/xSn9G865/black#74,
UjtPc,8/5pk1/6p1/5P1p/p2P4/1P1R2QP/2q1r1PK/8 w - - 0 44,b3a4 h5h4 f5f6 g7g8 g3f3 c2c7,2202,122,87,22,advantage defensiveMove endgame long,https://lichess.org/pqFrhj5V#87,
3P6Bi,1r1q1r2/6k1/p5p1/P1PpP3/1p1P4/2P2N1Q/6PP/R5K1 w - - 0 25,a1b1 b4c3 b1c1 b8b2 h3g3 c3c2 f3h4 g6g5,2233,123,85,13,advancedPawn crushing endgame veryLong,https://lichess.org/w5Uyh09m#49,
iKuFb,r7/3q1pkp/2n5/3N4/2QpR3/6P1/2P4P/6K1 w - - 0 36,e4d4 d7a7 c4c6 a7d4,2275,77,80,231,advantage endgame master short,https://lichess.org/piOMzmBR#71,
48y8m,5r2/p1R2ppk/3Q4/1q2r3/8/8/PP3PKP/5R2 w - - 0 24,h2h4 e5e6 c7c5 b5f1 g2f1 e6d6,2223,86,90,1894,crushing endgame long master masterVsMaster,https://lichess.org/9QrVkc76#47,
xQWfa,2k3r1/3b4/2pp1P2/3Pp3/1BK5/P4R2/8/8 b - - 1 49,c8c7 f6f7 g8f8 f3f6,2244,97,90,1727,advancedPawn advantage clearance endgame short,https://lichess.org/o4Inrn2z/black#98,
L6n0h,r5k1/1pp5/1pbP3P/8/5R1N/1P2q1PK/P1P4P/5R2 b - - 4 28,c7d6 f4g4 g8h8 h4g6 h8h7 f1f7 h7h6 g6f4,2121,104,79,17,crushing defensiveMove endgame exposedKing veryLong,https://lichess.org/0do7sZZA/black#56,
xqgHt,b3r1k1/4q1p1/4p2p/3nB3/2pP2Q1/5P2/2B2KP1/7R b - - 0 33,d5f6 g4g6 e7f7 e5f6 f7g6 c2g6,2178,75,93,3497,crushing long middlegame pin,https://lichess.org/VwivYDBx/black#66,
1ppwo,r4k1r/2pQ1p1p/p1P1p1p1/6N1/p3Nbn1/8/PqP2PP1/3RR1K1 b - - 1 18,g4e5 g5e6 f7e6 d7e6 e5f3 g2f3,2224,79,90,1746,advantage long middlegame,https://lichess.org/6DXlaPbV/black#36,Scandinavian_Defense Scandinavian_Defense_Valencian_Variation
XdTOK,4r1k1/p4pp1/7p/q1np4/2r3PN/2P4P/PPQ2P2/KR3R2 w - - 12 27,h4f5 e8e2 b2b4 e2c2,2183,86,89,738,advantage middlegame short,https://lichess.org/EmzF4PbO#53,
ZwWUJ,8/5kp1/1pp4p/p2pP3/P2P1KPP/8/1P6/8 w - - 1 28,f4f5 c6c5 d4c5 g7g6 f5f4 b6c5,2233,129,85,15,crushing endgame intermezzo long pawnEndgame,https://lichess.org/gy3zbu8f#55,
Kd4me,r3Nk2/1bQ2p1p/4p1p1/1p2P3/1n6/q4N1P/2P2PP1/3R2K1 b - - 0 31,b7f3 d1d7 a3c1 g1h2 c1f4 g2g3,2133,113,83,16,advantage long middlegame,https://lichess.org/RntDfQBe/black#62,
6KFjB,6k1/5pp1/2P4p/7P/6r1/2R5/7r/3R1K2 b - - 0 43,g4g2 d1d8 g8h7 c6c7 g2f2 f1e1 f2e2 e1d1,2183,77,95,542,advancedPawn advantage endgame rookEndgame veryLong,https://lichess.org/Ww8m5f6a/black#86,
dINrn,8/1pq1rpk1/pb2r1pp/2p1n3/2Pp4/5N1P/PPBQRPP1/4R1K1 w - - 0 26,f3e5 b6a5 d2h6 g7h6,2126,83,91,1036,crushing middlegame short,https://lichess.org/kayvUPmQ#51,
luX4e,4r1k1/pQ3ppp/4q2b/4r3/1P6/P7/6PP/3R1R1K b - - 0 25,e5e1 d1e1 e6e1 b7f7 g8h8 h2h3 h6f4 f7f4,2155,79,87,55,advantage middlegame quietMove veryLong,https://lichess.org/iE11Fo6l/black#50,
qYwpd,2kr4/pp3r2/2p3P1/q2p4/3Bp1bP/1QP5/PPKN1b2/R6R b - - 3 25,a5a6 g6f7 a6d3 c2c1 e4e3 b3c2,2102,105,57,22,advancedPawn clearance crushing hangingPiece long middlegame,https://lichess.org/oQYXwxgn/black#50,
q3Ip9,3b4/1p1P3p/6p1/2pN4/6P1/1P3K1k/8/8 b - - 3 47,b7b5 d5f4 h3h4 f4e6 d8e7 e6c5,2167,82,91,495,crushing endgame long,https://lichess.org/cKxDNDI1/black#94,
5G0M2,6k1/4Rp2/2p4p/3pB1p1/3P4/7P/rr3nP1/5RK1 b - - 3 29,f2d3 e7e8 g8h7 f1f7 h7g6 f7f6,2252,82,83,76,advantage deflection endgame long,https://lichess.org/rynooAEN/black#58,
cT6gI,r3k2r/pp1n1pp1/2pp2Np/2b1p3/2B1P1P1/2NP3P/PPP1Qq2/1K1R3R b kq - 0 16,f2e2 c4f7 e8f7 g6h8 f7e6 c3e2,2127,79,90,347,advantage attackingF2F7 attraction long middlegame,https://lichess.org/PaAHTNqr/black#32,Bishops_Opening Bishops_Opening_Berlin_Defense
ncAlp,8/4kppp/1b6/pp2PP2/2p1K1P1/P1B4P/rPN5/8 b - - 6 36,b5b4 a3b4 e7d7 b4b5,2286,82,84,65,advantage defensiveMove endgame short,https://lichess.org/Zsp0GVdz/black#72,
yrjmJ,rnb1k2r/p2pp1bp/5np1/qPpP4/8/2N5/PP2PPP1/R1BQKBNR b KQkq - 2 8,f6d5 d1d5 g7c3 b2c3 a5c3 e1d1,2255,89,89,2090,advantage defensiveMove hangingPiece long opening,https://lichess.org/6d2wBcGw/black#16,Modern_Defense Modern_Defense_Other_variations
hjkUb,4r1k1/pb3p2/1p5p/2q2Np1/6n1/P1PB2P1/3Q2P1/5R1K b - - 4 26,g4e3 f5h6 g8h8 f1f7 e8e7 d2f2,2162,142,83,15,crushing deflection discoveredAttack long middlegame,https://lichess.org/82Ph2Dpr/black#52,
SuiH7,4rb2/pp1k1q2/2p4p/3QB1p1/8/7P/PP3PP1/2R1R1K1 b - - 0 25,c6d5 c1c7 d7e6 e5c3 e6d6 c7f7,2102,77,91,395,crushing discoveredAttack discoveredCheck endgame exposedKing long,https://lichess.org/5ZpNXB8r/black#50,
hrTJ6,8/p1qk2p1/Pp3p1p/2p5/2b1Q3/2P1PBP1/3r2PP/4R1K1 b - - 0 31,c4a6 e4a4 d7e7 a4a6,2136,113,47,18,crushing endgame fork short,https://lichess.org/Vs3peweO/black#62,
zxoB8,8/8/1p6/k4p2/5P1p/PK6/7P/8 w - - 0 39,h2h3 b6b5 b3a2 a5a4 a2b2 b5b4 a3b4 a4b4 b2c2 b4c4,2293,77,96,967,crushing defensiveMove endgame pawnEndgame quietMove veryLong zugzwang,https://lichess.org/TXCtgTGc#77,
GH9Hr,r1bqk2r/ppp1b2p/2n2p2/3n4/2BN4/8/PPP2PPP/RN1QR1K1 b kq - 0 10,c6d4 d1h5 e8f8 c4d5 f8g7 h5f7 g7h6 e1e7,2128,76,93,5119,crushing exposedKing opening veryLong,https://lichess.org/CbBUt00F/black#20,Italian_Game Italian_Game_Scotch_Gambit
m6Ncs,r4b2/p1kq4/2p1BQ2/1pn1R3/5P1p/P2P4/1PP1P2P/7K b - - 1 30,d7d4 e6d5 c6d5 e5e7 f8e7 f6d4,2233,101,92,27,advantage clearance discoveredAttack long master middlegame sacrifice,https://lichess.org/O50y2DBy/black#60,
CipNr,8/1p1R4/2r3p1/1KP3kp/8/1P6/8/8 b - - 1 45,h5h4 d7b7 c6c8 b7h7,2110,77,69,70,advantage endgame master rookEndgame short,https://lichess.org/vdOacZ3d/black#90,
Xu36W,8/3r4/2p4p/2P1Pk1P/1P1p1P2/2nR1K2/p7/6R1 w - - 3 41,g1g6 d7f7 g6g1 c3b1 d3a3 b1a3,2152,77,96,1348,crushing endgame long quietMove,https://lichess.org/x3JmFb5p#81,
k0ko6,2rr2k1/1b3ppp/p2Bp1q1/1p2P3/5Q2/1Pn5/P2R1PPP/4RBK1 w - - 10 26,d2d3 c3e2 e1e2 g6d3,2236,81,90,3504,advantage interference master middlegame short,https://lichess.org/VaI5S1k9#51,
sddwL,3rr1k1/4npbp/p5p1/3q2B1/3N4/2P3PP/P4Q1K/3R1R2 b - - 2 25,d5g5 f2f7 g8h8 d4e6 d8d2 d1d2 g5d2 f1f2 d2f2 f7f2,2131,80,89,657,crushing fork middlegame veryLong,https://lichess.org/CqdZaQtJ/black#50,
uWbBG,r7/1k2Q1pp/2p3q1/p2p4/Pp3p2/8/5PPP/2R3K1 b - - 4 36,b7a6 e7c7 c6c5 c1c5,2105,76,84,64,advantage endgame short,https://lichess.org/JC8y4VIu/black#72,
8HMAC,8/8/3P2k1/2b5/2p1KB2/1pP5/1r6/5R2 b - - 1 47,b2f2 d6d7 f2f1 d7d8q f1e1 e4f3,2186,76,63,88,advancedPawn crushing defensiveMove endgame long promotion,https://lichess.org/muNLP3BN/black#94,
Km0ht,2q1r3/6kp/pR4p1/P1p2p2/2Pbp3/6P1/2Q1RPKP/8 w - - 4 30,f2f3 e4f3 g2f3 c8a8 f3f4 a8h1,2193,104,83,19,advantage attraction endgame long,https://lichess.org/FmTBqPtn#59,
doRos,8/5p2/pk2p3/4P3/2PK2Pp/7P/2P5/8 w - - 0 42,c4c5 b6b5 c2c3 a6a5 g4g5 a5a4,2137,75,87,127,advantage defensiveMove endgame long pawnEndgame quietMove zugzwang,https://lichess.org/0cNOhnV3#83,
fLYfR,r4rk1/2q2pb1/3p2pp/pp1Q4/2pP4/4PP2/PPP2PR1/1K5R b - - 1 22,b5b4 g2g6 a5a4 h1g1 g8h8 g6g7,2291,77,82,144,advantage long middlegame pin quietMove,https://lichess.org/1ZJ1Q6rR/black#44,
lRGAh,8/b7/p5p1/2P4p/1k2N3/1P3P1P/4K1P1/5B1r b - - 0 43,b4b3 c5c6 a7b6 e4c5 b3c4 c5a6,2194,78,81,46,advantage endgame long,https://lichess.org/YV8rhTZO/black#86,
sReJ3,8/8/p3k1p1/2p4p/4K2P/5PP1/P7/8 w - - 0 51,g3g4 g6g5 g4h5 g5h4,2195,75,91,415,crushing endgame pawnEndgame short,https://lichess.org/fRj0uWZ7#101,
IRzaj,8/1b3pkp/3P1np1/2p1N1B1/1rB3P1/6KP/1P3P2/8 b - - 2 33,h7h6 g5f6 g7f6 g4g5 f6e5 d6d7,2211,123,78,12,advancedPawn attraction crushing endgame long sacrifice,https://lichess.org/BkD2SluS/black#66,
H9nPS,rn2k1r1/p1ppn3/1p2p2p/4P3/3P3q/2NB1P2/PPPQK2P/R6R w q - 5 16,h1g1 g8g1 a1g1 h4h2 e2d1 h2g1,2185,88,70,174,attraction crushing fork long middlegame,https://lichess.org/6tpjDVmP#31,French_Defense French_Defense_Steinitz_Attack
EXUZ3,8/pk5p/1p5B/3p1bPp/4q2P/2Q5/PP6/2KN4 w - - 9 34,a2a3 d5d4 c3c4 e4f4 d1e3 f4e3,2174,88,72,25,crushing endgame long,https://lichess.org/13SlC32e#67,
iuG1I,r4rk1/1p4pp/1b1p4/p2Pp1qn/P3Q3/1NPB2Pb/3N1P1P/R3R2K b - - 0 21,b6f2 e4h7 g8f7 d2e4 h5g3 h2g3,2134,84,83,56,crushing fork long middlegame,https://lichess.org/5mvUWOLm/black#42,
jkmPC,5rk1/2p3p1/1b1p4/pbr4p/4QP1q/1PPp3P/P2B2PN/R4R1K b - - 3 26,h4g3 d2e1 f8e8 e4e8 b5e8 e1g3,2152,79,91,1510,crushing long middlegame,https://lichess.org/33qR3zUa/black#52,
WArzu,8/8/2p2kp1/2P4p/4KP1P/8/8/8 w - - 1 37,f4f5 g6f5 e4f4 f6e6,2111,86,42,25,crushing defensiveMove endgame master pawnEndgame short,https://lichess.org/kcsNBeF9#73,
5MHok,2k4r/p1p3p1/1p1p1bq1/1P1NpR2/2Q1P3/4PK2/P1P5/8 b - - 4 30,h8h3 f3e2 g6g4 e2d2,2243,306,87,5,crushing defensiveMove endgame short,https://lichess.org/UiwPzOss/black#60,
9cMOq,8/k5pp/2K2p2/P4P2/7P/8/8/5Bn1 b - - 6 39,g7g5 h4g5 g1f3 g5f6,2174,78,95,3488,crushing endgame short,https://lichess.org/IW7EMeDF/black#78,
79uVR,r2qr1k1/1bp2p2/1p1p2pp/1P2b3/PB6/3BP3/2Q2PPP/R4RK1 w - - 0 20,a1c1 e5h2 g1h2 d8h4 h2g1 b7g2,2215,117,46,18,attraction crushing fork long middlegame sacrifice,https://lichess.org/zdsbeKIu#39,
YWi8K,5rk1/BpQ5/p2p4/3Pb2p/4P3/5Pp1/PP4Pq/2R2K2 b - - 7 38,f8f3 g2f3 g3g2 f1e1 g2g1q a7g1 h2g1 e1e2,2260,75,93,2829,advantage endgame hangingPiece veryLong,https://lichess.org/J3yocQ1d/black#76,
yFWdg,8/p2kbppp/1prnp3/8/1P2N3/P3B2P/2r2PP1/R2R2K1 b - - 1 22,e7f6 b4b5 f6a1 b5c6 c2c6 e4d6 c6d6 d1a1,2278,89,82,44,advantage middlegame pin veryLong,https://lichess.org/ySnPje6G/black#44,
HDVZQ,r2q1rk1/2pb1pp1/3p2np/1p2P3/8/1B3N2/1PPQ1PPP/R4RK1 b - - 0 18,g6e5 f3e5 a8a1 f1a1 d6e5 a1d1,2211,79,86,622,advantage defensiveMove long middlegame,https://lichess.org/5NnN3tAJ/black#36,Three_Knights_Opening Three_Knights_Opening_Other_variations
XfHGh,2r3k1/8/1p6/p6p/P3p1pP/2q1N1P1/R1pr1PK1/2R1Q3 w - - 0 37,a2a1 c8f8 g2g1 f8f2 c1c2 c3e5,2201,167,0,17,crushing long middlegame,https://lichess.org/Iv3PV3yP#73,
uyDRd,r5k1/p1r2pp1/3q1b1P/4p1N1/1p1pP3/1P1P4/1PP3Q1/1K4RR b - - 0 27,g7g6 g5f7 g8f7 g2g6,2137,83,91,784,attraction crushing discoveredAttack kingsideAttack middlegame short,https://lichess.org/JX0vipQc/black#54,
69KWS,r2q4/p6Q/2p1knR1/4p3/Np1nP3/3P3P/PPP3P1/6K1 b - - 2 24,d4e2 g1f2 d8e7 h7e7,2133,83,56,53,crushing defensiveMove middlegame pin short,https://lichess.org/PxKCOZS0/black#48,
gIb4q,r3k2r/pp3p2/3q1p2/1P6/2RnP3/6Pp/3N1P1P/2Q2RK1 w kq - 0 27,c4c8 e8d7 c8a8 d4e2 g1h1 e2c1,2226,100,86,21,crushing defensiveMove fork long middlegame sacrifice,https://lichess.org/4xfMVAI0#53,
A7SHD,8/2B5/P2p4/3P4/2Pbkp2/8/K7/8 w - - 1 54,c7b8 f4f3 a6a7 f3f2 a7a8q f2f1q,2170,170,54,8,advancedPawn bishopEndgame crushing endgame long master promotion,https://lichess.org/gfvNPouX#107,
lHrEm,7k/6R1/2p4p/8/3Br1P1/2p4P/4nP1K/8 w - - 1 36,g7e7 e2d4 e7e4 c3c2 e4d4 c2c1q,2236,74,94,1497,advancedPawn advantage endgame long promotion sacrifice,https://lichess.org/6Z7ig1IP#71,
Xzv7l,r2k1b1N/1b1qnBpp/p2p4/1p2p3/3P1n2/2P2Q2/PP3PPP/RNB2RK1 w - - 5 16,f3e3 d7g4 e3g3 f4e2 g1h1 e2g3,2105,76,86,231,crushing fork long middlegame,https://lichess.org/k7BxpDzO#31,Ruy_Lopez Ruy_Lopez_Cozio_Defense
dlgNF,6rr/3pkp2/p1bq1p1b/1pp1pP1p/4P3/2PPN1PP/PP1R1QBK/3R4 b - - 13 22,g8g3 h2g3 h6f4 g3f3,2176,75,86,138,advantage hangingPiece middlegame short,https://lichess.org/iX9aBybm/black#44,
ZmEDR,8/5p1p/p5pP/Pk2KpP1/5P2/8/8/8 b - - 20 57,b5a5 e5f6 a5b5 f6g7 a6a5 g7h7 a5a4 h7g8 a4a3 h6h7,2145,76,94,4310,advancedPawn crushing endgame pawnEndgame veryLong,https://lichess.org/yQmOXyMJ/black#114,
Y28yy,8/p6p/P5k1/8/3K2p1/4P3/7P/8 w - - 0 40,d4e4 g6g5 e4d4 h7h5,2220,74,87,124,crushing defensiveMove endgame pawnEndgame short,https://lichess.org/Wb2bxugF#79,
4W3qY,r1bqr1k1/ppp2ppp/2pn4/8/7b/2P5/PPBP1PPP/RNBQR1K1 w - - 3 11,d2d4 h4f2 g1f2 d8h4 f2f1 c8g4,2195,76,95,178,attraction crushing kingsideAttack long opening sacrifice,https://lichess.org/YYT9Nl4b#21,Ruy_Lopez Ruy_Lopez_Berlin_Defense
Hfher,2r2rk1/p5pp/3bp3/3p2q1/1Pb1p3/P3P1P1/1B1R1PBP/R2Q2K1 w - - 7 21,h2h3 f8f2 d2f2 g5g3 f2f4 g3e3,2110,80,76,54,capturingDefender crushing kingsideAttack long middlegame sacrifice,https://lichess.org/34HU03jD#41,
82gbv,8/4R3/p1P3pk/4p2p/8/5K2/P5P1/7r b - - 0 34,h1f1 f3e4 f1c1 e4d5,2252,96,87,32,advantage defensiveMove endgame rookEndgame short,https://lichess.org/XV7jS63X/black#68,
0C7tj,r1br2k1/ppp1qp1p/6pb/4p1n1/2N1Pn2/2P1QN1P/PPB2PPB/R4RK1 w - - 15 18,c4e5 g5f3 e3f3 e7e5,2108,78,90,1878,advantage intermezzo kingsideAttack middlegame short,https://lichess.org/MWeyT6gH#35,Indian_Defense Indian_Defense_Other_variations
fQ51S,5r2/1b4p1/4k2p/p3P2P/1pp5/4BpK1/PP6/1R1B4 w - - 4 33,d1c2 f3f2 e3f4 f8f4 g3f4 b7g2,2267,90,82,50,advancedPawn advantage defensiveMove endgame long master sacrifice,https://lichess.org/FpzMxKMm#65,
IYYlK,r1b2rk1/bpqnBppp/p2p4/4p3/N3P3/2PQ2P1/PP3PBP/3R1RK1 b - - 2 16,d7c5 e7d6 c5d3 d6c7,2190,82,91,961,advantage fork master middlegame short,https://lichess.org/Rs88bFJy/black#32,Sicilian_Defense Sicilian_Defense_Closed
6n6Rx,2kr3r/pppq2p1/2np4/4p1p1/2B1P1n1/P1NP4/1PPQ2PP/R4RK1 w - - 0 16,c3b5 h8h2 f1f7 d8h8,2113,78,84,43,crushing defensiveMove middlegame short,https://lichess.org/JcMMUiNw#31,Philidor_Defense Philidor_Defense_Other_variations
BO0f5,2kr2n1/p4pQp/4p3/1b2P3/1bpp3q/2N5/PPP2PPP/R1B1K2R w KQ - 0 15,c1g5 h4e4 e1f1 d4c3,2257,78,93,186,advantage middlegame pin short,https://lichess.org/gWZKuEHn#29,French_Defense French_Defense_Winawer_Variation
QBAW0,r1bq1rk1/1p3ppp/p2p4/3Nn1b1/4P3/3B4/PPP3PP/R1BQ1R1K w - - 1 14,d1h5 g5c1 d5f6 g7f6,2163,77,92,3839,crushing master opening short,https://lichess.org/vqzYUuBv#27,Sicilian_Defense Sicilian_Defense_Modern_Variations
UDPbw,2r1q2k/p1p1r1pp/1pR2p2/3p4/3P1Q2/5PP1/PP5P/2R3K1 w - - 1 24,c6c7 c8c7 f4c7 e7c7,2221,76,52,80,crushing endgame short,https://lichess.org/6F5kF2tc#47,
M8Tut,8/5P2/7b/2p4N/p1Pk4/P3pK2/8/8 w - - 5 72,f3e2 d4c4 h5f4 c4b3 e2e3 b3a3,2163,78,88,879,crushing endgame long,https://lichess.org/sCAt7NtU#143,
S4ZFm,7k/p7/3p3P/8/4Q3/2p5/P1Pr2rK/8 w - - 0 43,e4g2 d6d5 h2g3 d2g2 g3g2 d5d4,2222,79,85,73,crushing defensiveMove endgame exposedKing long pin queenRookEndgame quietMove,https://lichess.org/YxfeLZ56#85,
XkQkM,Q7/1p1k1prp/8/2pb4/2pq4/2N2R2/PP1r1PPP/4R1K1 b - - 4 22,d5f3 a8e8 d7c7 e1e7 d4d7 e7d7,2192,98,68,42,crushing exposedKing long middlegame,https://lichess.org/lnn85wqD/black#44,
S7D9H,8/8/4pk1p/5p1P/3P1P2/3r4/6KR/8 w - - 6 53,h2h3 d3h3 g2h3 f6e7 h3g2 e7d6 g2f3 d6d5 f3e3 d5c4,2268,94,90,495,crushing endgame rookEndgame veryLong,https://lichess.org/HwiyHaDK#105,
XrKEV,8/6k1/p2p4/3Pp1p1/1P2Pr1p/2Nb3P/5RP1/6K1 w - - 0 36,f2f4 e5f4 e4e5 d6e5,2246,83,90,1241,crushing endgame master short,https://lichess.org/b0o9dUn1#71,
wR9py,q6r/4k2p/n4n2/4ppB1/1pp5/6P1/PR2N2P/3Q2K1 b - - 1 31,h7h6 g5f6 e7f6 d1d6 f6f7 d6d7,2187,90,68,30,attraction crushing exposedKing long middlegame,https://lichess.org/k0ZnsAeJ/black#62,
tbAEq,6rk/q3bp1p/2rp3P/pR1Q2P1/1p2P3/5P2/PPP5/1K1R4 b - - 6 27,c6c5 d5d4 f7f6 g5f6 c5b5 d4a7,2279,75,93,7263,crushing long middlegame,https://lichess.org/fiu71IR4/black#54,
H8LLD,1qb2r1k/r4pp1/p6p/3N3Q/2p4R/4P3/PP4PP/2K2R2 b - - 0 23,c8e6 f1f6 b8b2 c1b2,2282,75,90,2648,crushing middlegame short,https://lichess.org/ZbFVhic9/black#46,
WlPKf,1rbr4/1p3kp1/p4p1p/8/3P3N/1RPB4/P5Pb/2K2R2 w - - 0 25,d3a6 b7a6 b3b8 h2b8,2134,86,90,833,crushing hangingPiece middlegame short,https://lichess.org/wcbX6ukg#49,
SfwSJ,r1b1r1k1/pp2bpp1/2p1n2p/7q/3PP1n1/P1NB2B1/1PQ1N1PP/R3R1K1 w - - 3 19,d4d5 e7c5 g1h1 g4h2 g3h2 c5d6 e4e5 d6e5,2231,114,81,23,crushing middlegame pin sacrifice veryLong,https://lichess.org/4VnhzgIG#37,
5GhRi,1k6/p1p2Rpp/1p2P3/3Kn1Pr/8/8/PPP5/8 b - - 7 40,e5f7 e6f7 h5g5 d5e4,2265,116,76,14,advancedPawn advantage defensiveMove endgame short,https://lichess.org/4sSEhmXu/black#80,
LEJdC,2r4k/pp4rP/3p4/3PpQb1/1Bq1P3/P7/1P3P2/K6R b - - 2 37,a7a5 b4d6 g5f4 d6f8,2196,80,91,407,crushing middlegame short,https://lichess.org/IEiqlfY2/black#74,
Qymeo,1k1r3r/2p2pp1/2P1p3/2b3Pb/4n2p/PB2NN2/1P2KP1P/R1B4R w - - 1 22,b3c2 e4g5 e3g4 g5f3,2100,85,91,2248,advantage master middlegame pin short,https://lichess.org/FR4uUMEW#43,
kB0qc,5r1k/2R3bp/p2q3r/3N4/1P2Pp2/P4P1P/6QK/6B1 b - - 2 39,f8g8 g2g7 g8g7 c7c8 g7g8 g1d4 h6f6 d4f6 d6f6 c8g8 h8g8 d5f6,2253,77,91,351,attraction crushing master middlegame sacrifice veryLong,https://lichess.org/JUmM9meE/black#78,
1M7vC,6k1/4b3/QP4p1/2P2pPp/3Pqn2/4P1K1/3B4/8 b - - 1 49,f4e6 b6b7 g8g7 b7b8q,2174,77,91,2373,advancedPawn crushing endgame master promotion short,https://lichess.org/araME51A/black#98,
U6NJ0,r5k1/1bq1p1b1/p1n1P2p/2pr1Q2/B1N4p/2P2N2/P4PPP/4R1K1 w - - 0 23,f5d5 c6e5 d5e5 g7e5,2116,75,95,454,advantage master middlegame short,https://lichess.org/PmPF5hgz#45,
QpHH8,3rr1k1/2q2p2/p2b2pP/2pP4/1p2pnQP/1P6/PBP2PB1/3RR1K1 w - - 0 27,g2e4 e8e4 e1e4 f7f5 g4f4 d6f4,2162,77,73,126,advantage fork long middlegame sacrifice,https://lichess.org/jphaqllf#53,
xgOJG,6R1/6P1/p7/1p1kp1q1/3pp3/1P3n2/PKPP4/8 b - - 4 47,g5d2 g8d8 d5c6 d8c8 c6d6 g7g8q,2190,130,82,27,advancedPawn advantage endgame long promotion,https://lichess.org/LBjv057K/black#94,
UUAkH,8/PR5p/5k2/1Pb2p2/7P/3p1BP1/r4P2/5K2 w - - 1 50,b5b6 a2f2 f1g1 f2f3 g1h2 f3f2 h2h3 f2a2,2223,76,97,733,advantage discoveredAttack discoveredCheck endgame fork master veryLong,https://lichess.org/GPxBZ03E#99,
i4el3,8/5pk1/p3p3/2p2p2/2P2P2/1P3KpP/P7/8 b - - 1 35,f7f6 b3b4 c5b4 c4c5 g3g2 f3g2,2198,75,94,2131,crushing endgame long pawnEndgame quietMove,https://lichess.org/88VQpikf/black#70,
CuqrP,8/8/1p1k4/pKn1p3/P7/3N4/1P6/8 w - - 2 61,d3e5 d6e5 b2b4 c5b7 b4a5 b6a5,2279,115,86,17,crushing endgame hangingPiece knightEndgame long quietMove,https://lichess.org/awPBdDq9#121,
UUoqq,r1b2rk1/p3bpp1/2p4p/4p2Q/4N3/3B4/PqPB2PP/5R1K b - - 1 20,f7f5 d3c4 g8h7 d2h6 g7g6 e4g5 e7g5 h5g5,2159,111,52,21,crushing kingsideAttack middlegame veryLong,https://lichess.org/qfurQ5I5/black#40,
q7A4F,rn2r1k1/pp3ppp/1bp5/P2p1q2/1P2p1n1/2NPP1P1/1BPQNPKP/R3R3 w - - 1 16,e1f1 f5f3 g2g1 g4e3 e2f4 e3f1,2245,83,79,63,crushing long middlegame,https://lichess.org/mNTMUWk7#31,Vant_Kruijs_Opening Vant_Kruijs_Opening_Other_variations
409xI,8/pp5R/2k2p2/3pP3/1q2nQ2/1P1KP2P/P4PP1/8 w - - 1 25,d3e2 b4d2 e2f3 d2d1,2253,79,87,420,endgame mate mateIn2 short,https://lichess.org/j1V4ftGE#49,
jC1Kr,8/2k5/R1p5/2P1r1p1/pP4P1/5K2/8/8 b - - 1 43,e5d5 a6a4 d5d4 a4a7 c7d8 a7g7 d4b4 g7g5 d8e7 g5g6 b4c4 g6c6,2265,134,83,10,crushing endgame rookEndgame veryLong,https://lichess.org/0ZDLq9wQ/black#86,
HMXBO,r4rk1/1p5p/p1bPp1p1/q4n2/2P3N1/8/P4PPP/Q2RR1K1 b - - 10 28,c6d7 e1e5 a5d8 e5f5,2220,75,93,657,crushing master middlegame short,https://lichess.org/Byq23i4D/black#56,
yNupT,8/4b3/R3r1p1/1K1k1pB1/5P2/8/8/8 w - - 30 65,a6e6 d5e6 g5e7 e6e7 b5c4 e7f6 c4d3 g6g5 d3e3 g5g4,2271,78,82,58,crushing defensiveMove endgame veryLong,https://lichess.org/Q0IoEihz#129,
MIJvn,8/6kp/3pr3/2p2RPP/p2b2P1/3Kp3/4R3/8 w - - 0 46,e2a2 e3e2 a2e2 e6e2,2123,81,88,214,advancedPawn crushing endgame master short,https://lichess.org/sn2vUwUK#91,
Fl0IJ,4b2k/pp4rp/1q2PQ1p/3p4/1b1Pp1R1/2B5/PP4PP/6K1 b - - 3 26,b6c7 c3b4 c7c1 g1f2 e4e3 f2g3,2262,76,84,561,crushing defensiveMove hangingPiece long middlegame pin,https://lichess.org/o7Depfe5/black#52,
CsMKl,3r2k1/1p3ppp/p7/5Q2/1R6/Pqr4P/1P4P1/1R4K1 b - - 1 25,d8d1 g1h2 c3h3 g2h3 d1d2 h2h1,2256,88,91,97,advantage defensiveMove endgame long,https://lichess.org/5nAHwSzi/black#50,
c8Ryb,2K5/2P3k1/8/p7/5Pn1/7R/PP1r3p/8 b - - 6 44,d2d1 c8b7 h2h1q h3h1 d1h1 c7c8q,2176,90,89,1972,advancedPawn crushing endgame long promotion,https://lichess.org/LJmvCO5h/black#88,
mKdJg,2r2r2/1p2q1k1/p1bR1p1p/5Qp1/1P4P1/7P/PB3P2/3R2K1 b - - 1 25,c8c7 d6e6 e7e6 f5e6,2167,80,91,2909,crushing master middlegame short,https://lichess.org/ZnrBFRTw/black#50,
LvfSD,2kR3r/p7/1pp1q2p/2b1P3/2Q2np1/1BN5/PPP3PP/7K b - - 0 24,h8d8 c4a6 c8b8 b3e6,2107,76,86,80,advantage discoveredAttack middlegame short,https://lichess.org/pohJNhc8/black#48,
EVeQo,2kr2r1/ppp1qppp/2n1pn2/bN6/2BP4/3QBP2/PP3P1P/1K1R2R1 b - - 2 16,c6e5 b5a7 c8b8 d3b3 b8a7 d4e5,2283,85,86,485,crushing discoveredAttack discoveredCheck long middlegame queensideAttack,https://lichess.org/TqmFAFSu/black#32,Alekhine_Defense Alekhine_Defense_Krejcik_Variation
NQxCa,8/7p/4k1p1/p1p3P1/2p1K2P/2P5/PP6/8 w - - 2 44,b2b3 c4b3 a2b3 c5c4 b3c4 a5a4 e4d3 e6d6 c4c5 d6c5,2147,74,97,1939,crushing endgame pawnEndgame quietMove veryLong,https://lichess.org/dQTs7xRK#87,
48jCL,3r2k1/5pp1/p6p/1p1q4/3nr3/P2QB2P/1P3PPK/3RR3 w - - 0 25,f2f3 d4f3 g2f3 d5e5 h2g2 d8d3,2151,77,90,339,advantage discoveredAttack long middlegame sacrifice,https://lichess.org/GTPrJNR8#49,
EXQig,2r2rk1/1b2pp1p/ppq3pb/2ppP3/2PPn3/NP2PB2/PB4PP/1R1QR1K1 b - - 0 17,c5d4 c4d5 c6d5 e3d4 f7f5 e5f6,2131,78,69,93,advantage enPassant intermezzo long middlegame,https://lichess.org/kk7SquRt/black#34,Bird_Opening Bird_Opening_Dutch_Variation
fM9jg,1R5k/6pB/1p2p3/1bbpP3/3N2q1/2P5/2Q2rPP/6K1 b - - 1 31,c5f8 g1f2 g4f4 d4f3,2221,103,89,24,crushing defensiveMove hangingPiece middlegame pin short,https://lichess.org/dpmfBvGp/black#62,
eFPl2,8/p7/5p2/1ppkp2p/3r3P/1P2RPP1/P1P1K3/8 b - - 3 33,f6f5 c2c3 f5f4 c3d4,2282,84,90,202,crushing endgame master rookEndgame short trappedPiece,https://lichess.org/C8NZJE9f/black#66,
u7ZGG,1r6/p1R5/1p1p3r/3k4/7P/2P3P1/P1P3b1/2K1R3 b - - 0 26,a7a5 c3c4 d5d4 c1d2 g2e4 c2c3 d4e5 c7e7,2109,106,79,19,advantage endgame veryLong,https://lichess.org/M564h39L/black#52,
YnQb7,r4rk1/p1p2ppp/1Nnp4/2p5/4P3/1P2BP2/1qPQ2PP/R4RK1 b - - 0 20,a7b6 a1a8 f8a8 d2d5 b2c3 e3f2,2247,76,81,106,crushing long middlegame,https://lichess.org/eJce06Eu/black#40,
JlQi7,8/8/1p3p1R/pKb3p1/P3p1P1/1P4kP/8/8 w - - 1 44,h6f6 e4e3 f6e6 g3f2,2110,83,90,462,advantage defensiveMove endgame short,https://lichess.org/zFiRzD8a#87,
bWy7j,3r2k1/5pn1/2p1p2P/q3P3/p1p2P2/P1N3QP/1P6/6K1 b - - 1 29,a5c5 g1f1 c5f8 c3e4,2285,88,90,2374,crushing defensiveMove endgame short,https://lichess.org/LVtJKLSW/black#58,
346qq,3k4/1p3n2/6N1/3P4/3n1P2/p1N4P/6P1/5K2 w - - 0 42,g6e5 f7e5 f4e5 b7b5 f1e1 b5b4,2141,78,90,146,advantage endgame knightEndgame long quietMove,https://lichess.org/iKwT8szo#83,
N9k5M,r4rk1/p4pb1/1p4p1/3N1b2/8/1R2B3/6PP/5RK1 b - - 1 25,f5e6 d5e7 g8h7 b3b4 g7f6 f1f6,2280,76,97,164,advantage long middlegame,https://lichess.org/j5XiC8DD/black#50,
ocpZE,1r6/8/1p3p2/3R4/4pk1r/2P3R1/PP3PK1/8 w - - 2 35,f2f3 b8h8 g3g4 h4g4,2233,78,83,331,crushing endgame quietMove rookEndgame short,https://lichess.org/tUSh7xhJ#69,
w9Ywm,3R4/8/8/7P/8/4k1K1/r2p4/8 w - - 0 53,g3g4 a2a4 g4g5 a4d4 d8d4 e3d4 h5h6 d2d1q h6h7 d1h1,2290,81,86,265,advancedPawn crushing endgame promotion rookEndgame veryLong,https://lichess.org/AevYWX68#105,
wumqe,r1bq1rk1/pp4pp/4Pp2/2bP4/2BNP3/2P5/6PP/RN3QK1 b - - 0 19,c8e6 d5e6 c5d4 g1h1 g8h8 c3d4,2106,80,90,1055,advantage intermezzo long middlegame,https://lichess.org/NLGNQsoU/black#38,Sicilian_Defense Sicilian_Defense_Wing_Gambit
V2pSX,8/pp1Q1pkp/6b1/2pB4/2P5/1q4PP/4PP2/6K1 w - - 2 32,d7b7 b3b7 d5b7 a7a5 b7c6 g6c2,2169,74,94,1695,advantage defensiveMove endgame long quietMove,https://lichess.org/0c2S9VRC#63,
qPYX8,4r3/pppq2k1/6np/5p2/4N3/1P1P2QP/1PP3P1/4R2K w - - 0 26,e4c5 d7d6 g3f2 e8e1 f2e1 d6c5,2288,80,93,2482,advantage endgame long,https://lichess.org/Q8ERNbTp#51,
s3d2n,8/p1q2pk1/2p2p1p/3r1b1P/5n2/B1P5/P4QP1/R3R2K w - - 0 32,f2g3 f5g6 h5g6 d5h5,2235,82,90,1857,advantage clearance defensiveMove middlegame sacrifice short,https://lichess.org/Ne3Ormcl#63,
P86Q2,2r2rk1/pp4b1/1q6/3Pp3/1P2Pn1p/4NPn1/P4RPB/R2Q1BK1 w - - 6 26,e3f5 f8f5 e4f5 e5e4,2262,83,79,46,crushing master masterVsMaster middlegame sacrifice short,https://lichess.org/uJVrYXWf#51,
qVUo1,2k4r/p3q3/Pp1p3r/3Q1bp1/2P1p3/1P2P1PP/6B1/RN4K1 b - - 1 28,f5h3 d5a8 c8d7 a8a7 d7e6 a7e7,2224,83,90,587,advantage exposedKing interference long middlegame queensideAttack,https://lichess.org/ZtYs1Rwh/black#56,
MHWyS,r2r1k2/1R4p1/pB1PRpp1/1b6/8/P7/6PP/6K1 b - - 0 28,d8b8 e6e7 b8b7 e7b7,2254,83,87,55,advantage endgame short,https://lichess.org/FEegh7l6/black#56,
3cXgK,8/1p6/p3K3/P3p3/1Pp1k3/2P3B1/2n5/8 b - - 5 52,e4d3 g3e5 c2a3 e6d7,2115,75,93,2310,advantage defensiveMove endgame short,https://lichess.org/3eT9FbFg/black#104,
OxJrO,r2q2k1/p1pb2pp/1bp5/8/3Pp3/2N1B3/PP4PP/R4QK1 w - - 0 17,c3e4 d8e7 f1d3 a8e8,2227,83,91,945,advantage clearance defensiveMove master masterVsMaster middlegame short,https://lichess.org/0naVcijS#33,Scotch_Game Scotch_Game_Scotch_Gambit
Nazn8,7R/8/8/4p1p1/3pKb2/5P1P/4k3/8 w - - 2 50,h3h4 g5h4 h8h4 d4d3,2198,78,82,65,crushing endgame master short,https://lichess.org/dHq71dnF#99,
R2FAA,8/6pp/8/5PPP/2k1K3/8/5b2/8 b - - 0 41,f2h4 f5f6 g7f6 g5g6 h7g6 h5g6 f6f5 e4f5 h4e1 g6g7,2294,79,90,505,advancedPawn bishopEndgame crushing endgame veryLong,https://lichess.org/rmasFVNA/black#82,
JGm6p,r5k1/2p2ppp/2pp1b2/7q/2P1P1b1/1P1QB3/r4PPP/1R1R1NK1 w - - 7 25,d1d2 g4e2 d2e2 h5e2,2118,74,87,94,crushing middlegame short,https://lichess.org/O8fcHyiO#49,
ZHg9X,8/5p1k/3q2p1/1p4Rp/7P/1Q4P1/5P1K/3r4 b - - 0 40,b5b4 b3f7 h7h6 g5a5,2288,99,24,25,advantage endgame short,https://lichess.org/lWwO1WZu/black#80,
s25b5,4r1kb/pp6/1qn1b1p1/3P2B1/8/8/P2QN1PP/2R4K b - - 0 25,e8d8 g5d8 b6d8 c1d1 e6f7 d5c6 d8d2 d1d2,2297,81,90,1641,advantage master middlegame quietMove veryLong,https://lichess.org/TNDQLPf3/black#50,
pBZ2J,r1b2rk1/ppp1bppp/5n2/q7/2PP4/4N3/PB3PPP/RN1Q1RK1 b - - 2 13,a5h5 e3d5 h5d1 d5e7 g8h8 f1d1,2179,74,95,13881,advantage long opening,https://lichess.org/tI99dAo1/black#26,Italian_Game Italian_Game_Evans_Gambit
dwDFa,5rk1/2Q2ppp/3p1q2/2pP1P2/2P5/1P6/4r1PP/1R1R2K1 w - - 6 27,d1e1 f6d4 g1h1 d4e4 e1g1 e2g2,2289,79,83,155,crushing endgame long,https://lichess.org/AfJf9gPr#53,
83kOL,r4rk1/p1ppn1b1/1p2p3/8/2PPQ3/4P3/PP1KBPR1/7q b - - 3 24,f8f2 e4a8 g8h7 g2g7 h7g7 a8h1,2298,91,88,590,crushing discoveredAttack exposedKing hangingPiece long middlegame,https://lichess.org/U9AyfLRc/black#48,
DHSjO,7k/p3Q3/4P1pn/3q4/8/1P4P1/P4P2/5K2 b - - 4 51,h6f5 e7e8 h8h7 e8d7 f5e7 d7e7,2285,81,87,97,crushing endgame exposedKing long,https://lichess.org/tM4CmWnt/black#102,
cvhPL,r3r1k1/pb1R2pp/2p1p1n1/1p2PqPQ/1BP1pP1P/4P3/PP6/3R2K1 b - - 3 24,b5c4 d7g7 g8g7 d1d7 g6e7 b4e7 e8e7 d7e7,2255,80,84,146,attraction crushing fork middlegame sacrifice veryLong,https://lichess.org/KJmDCj4P/black#48,
tgWIZ,2k1r2r/ppp2p2/2p5/8/3q2Pp/3P1BK1/PPP3P1/R1BQR3 w - - 0 18,g3h3 d4d6 e1e5 d6e5 d1e1 e5e1,2291,85,89,444,crushing long middlegame,https://lichess.org/qc3Dan3J#35,Russian_Game Russian_Game_Stafford_Gambit
rbGeF,r1b2r1k/ppp2ppp/1nq1p3/4P3/2PP1BQ1/P1PB2P1/7P/2KR4 b - - 7 17,b6c4 g4h4 h7h6 f4h6 f7f5 e5f6 f8f6 h6g5,2290,79,96,102,advantage discoveredAttack enPassant kingsideAttack middlegame veryLong,https://lichess.org/NQsCUuZl/black#34,Alekhine_Defense Alekhine_Defense_Two_Pawns_Attack
gi72F,r4rk1/pp2ppbp/2Bq1np1/8/4P3/2P1Bb2/PPQ2PPP/RN2K2R w KQ - 0 11,e4e5 d6c6 e5f6 f3e4 f6g7 e4c2,2150,80,75,79,advantage long middlegame,https://lichess.org/FWHqouWT#21,Sicilian_Defense Sicilian_Defense_Alapin_Variation
HRbSv,r5nr/pppk3p/2n2q2/3p1b1B/3P1B2/2P5/P1P3PP/1R1Q1RK1 b - - 4 14,b7b6 f4e5 c6e5 d4e5 f6c6 f1f5,2136,79,86,327,crushing long middlegame,https://lichess.org/bqAQkp6W/black#28,Vienna_Game Vienna_Game_Vienna_Gambit
6aIWn,8/8/1RBn4/P2pk3/1K2p3/4P3/3r4/8 w - - 0 56,a5a6 d2b2 b4c5 b2c2,2213,81,83,48,crushing endgame master short,https://lichess.org/VdQ8rHDI#111,
BAQCF,r3r1k1/pp1nbNp1/4pn1p/q1p4P/2PP1B2/6N1/PP2QPP1/2KRR3 b - - 0 18,g8f7 e2e6 f7f8 g3f5 c5d4 f5e7,2292,78,57,125,crushing long middlegame,https://lichess.org/LuOXQ0VL/black#36,Caro-Kann_Defense Caro-Kann_Defense_Classical_Variation
qPd0o,r4r2/1q3ppk/3p1b2/4pN1P/1Nn1P3/Pp3P2/1P4Q1/K2RR3 w - - 3 31,a1b1 a8a3 b2a3 c4a3 b1b2 b7b4,2298,80,94,58,crushing long middlegame queensideAttack sacrifice,https://lichess.org/OZBivA2h#61,
3BiOp,8/6p1/6P1/4kP2/2p5/p1K5/P7/8 w - - 1 40,c3b4 e5f5 b4a3 f5e4 a3b2 e4d3 b2c1 d3c3 a2a3 c3b3,2236,104,50,35,crushing endgame pawnEndgame veryLong zugzwang,https://lichess.org/tvyMNtVD#79,
pt9QD,r2qr1k1/b1p2pp1/p1b4p/1p1n4/1P6/P2P3P/BBP1NPP1/R2Q1RK1 w - - 0 16,e2d4 a7d4 b2d4 d5f4 d4e3 f4g2,2285,130,38,17,crushing long opening,https://lichess.org/tVqoykbe#31,Italian_Game Italian_Game_Giuoco_Piano
BDaFZ,3r4/p4k1p/Ppq2np1/2pr1p2/2B2P2/2Q3PP/1B6/4R1K1 b - - 3 30,b6b5 c4b5 c6b6 b5c4,2242,84,91,955,advantage master middlegame pin short,https://lichess.org/uSXOeM6m/black#60,
LBy5o,3r1r1k/7N/p3pPpP/1p1q2N1/P1pn1P2/3nQ1P1/1P5K/3R4 b - - 0 31,d4f5 h7f8 d5g2 h2g2 f5e3 g2f3 d8f8 f3e3,2247,87,90,295,advantage middlegame veryLong,https://lichess.org/2apYRC8J/black#62,
3xVre,n2k4/Qp3q1r/p2P3p/P2n4/6P1/3P1P2/1P3K2/2R5 b - - 2 31,f7f4 a7a8 d8d7 a8b7 d7e6 c1e1 e6d6 b7h7,2161,80,85,79,advantage endgame exposedKing fork hangingPiece interference veryLong,https://lichess.org/lJqedArB/black#62,
0Ztng,2r1r2Q/1b1qkpp1/p1nbp3/1p6/3PN2B/P7/1P3PPP/2R1K2R b K - 9 21,f7f6 h4f6 g7f6 h8f6,2225,81,95,3849,mate mateIn2 middlegame short xRayAttack,https://lichess.org/N50QDxpX/black#42,
VO20Q,8/6p1/1k3b1p/5R2/1p4P1/r1p4P/P1R2K2/8 b - - 3 44,a3a2 c2a2 b4b3 a2a3 b3b2 a3b3,2236,82,91,266,crushing endgame hangingPiece long,https://lichess.org/HTZ0KQ0b/black#88,
JLvNX,r4rk1/1p2qp2/p2p1npb/7p/2PRPNb1/2N3Q1/PP3PPP/1K3B1R w - - 5 19,f1e2 e7e5 f4d5 e5d4,2242,75,91,5957,advantage middlegame short,https://lichess.org/iTtVuJSx#37,English_Opening English_Opening_The_Whale
pGbGf,8/5kpp/p4p2/2NpbP2/bP4P1/P3B2P/2pK4/8 b - - 5 31,d5d4 c5a4 d4e3 d2c2 e3e2 c2d2,2114,76,92,289,advantage endgame long,https://lichess.org/M7xlgTjW/black#62,
sRpp5,r1bq1rk1/ppp3pp/3b4/4Np1n/3PP3/2PQ3P/P5PB/RN3RK1 b - - 1 17,f5e4 d3c4 g8h8 f1f8,2292,89,90,2151,crushing deflection kingsideAttack middlegame short,https://lichess.org/anqSQkWh/black#34,Italian_Game Italian_Game_Evans_Gambit
r0sWs,2r5/p2k1pp1/1p2p2p/2p1P2P/1PR1PKP1/2P5/P7/8 w - - 7 34,g4g5 b6b5 c4c5 c8c5 b4c5 d7c6,2228,86,90,894,crushing endgame long rookEndgame,https://lichess.org/z35tkt3Z#67,
jm4gZ,8/6pk/7p/3p4/1p1q4/8/1P1r1nPP/2QR1RK1 w - - 0 41,c1b1 f2e4 g1h1 d2d1 f1d1 d4d1 b1d1 e4f2 h1g1 f2d1,2263,77,97,355,attraction crushing discoveredAttack discoveredCheck endgame fork sacrifice veryLong,https://lichess.org/MiaDOQuV#81,
IR1yy,3rr2k/p5p1/5n1p/1p2Q3/8/1P4PB/PB3q1P/2R1R2K w - - 1 31,e5c3 d8d2 e1e8 f6e8 c3d2 f2d2,2108,79,73,55,advantage long middlegame,https://lichess.org/RwcYJGC5#61,
n53BU,r6r/p4p1p/1p3Ppk/8/1Q1P4/2R1N1n1/PP4P1/4qBK1 b - - 2 27,h8c8 e3g4 h6h5 c3c5 b6c5 b4e1,2100,80,80,79,advantage collinearMove discoveredAttack long middlegame,https://lichess.org/DPojuk5j/black#54,
p9h76,r1b2rk1/ppp3n1/4p2Q/4q3/2P1p2P/8/P1B1nPP1/4RR1K b - - 5 23,e4e3 h6h7 g8f7 e1e2 c8d7 e2e3,2232,116,86,15,advantage long middlegame,https://lichess.org/9ExmIqME/black#46,
XYKq8,r3r1k1/5ppp/p2pbq2/1p6/4PB2/1PP2Q2/2P2P2/3RR1K1 w - - 1 21,d1d6 g7g5 f3g3 f6f4 g3f4 g5f4,2216,80,80,50,crushing long master middlegame,https://lichess.org/wCecoSS5#41,
YgAin,4r1k1/6pp/p4p2/2pqn3/5Q2/1P1P2P1/P2K1P1P/2R3R1 w - - 0 29,f4e4 e5f3 d2e3 e8e4 d3e4 d5h5,2233,85,86,50,advantage discoveredAttack endgame fork long,https://lichess.org/TFmatJV9#57,
PKRWH,7r/p5k1/P2pRbp1/3B4/3q1P2/1P3QPK/8/8 w - - 6 46,h3g2 d4a1 f3f1 h8h2 g2h2 a1f1,2181,103,86,22,crushing deflection endgame long master,https://lichess.org/Gvg9Lcok#91,
WLCkX,8/6pk/3R3p/2Pp4/1P2p3/2n1q2P/2Q3P1/6K1 w - - 6 43,g1h1 e3e1 h1h2 c3e2 c2e2 e1e2,2257,80,80,619,crushing endgame long quietMove,https://lichess.org/Efg22fti#85,
b4cS7,rnb1kb1r/ppppq2p/5pN1/7Q/3P4/2P3n1/PP3PPP/RNB1KB1R w KQkq - 1 8,f1e2 e7e2 h5e2 g3e2 g6h8 e2c1,2107,81,88,156,advantage long opening,https://lichess.org/Smc2P9ks#15,Russian_Game Russian_Game_Other_variations
GR6Hq,r5k1/6q1/2Q1pr1p/1p1p1p2/1P1PnK2/P3PN1R/6P1/7R b - - 0 35,f6g6 c6a8 g8h7 f3e5,2164,82,72,54,advantage hangingPiece middlegame short,https://lichess.org/7TS9THNe/black#70,
USuh3,8/7p/4kpp1/8/2P2PP1/p1K4P/8/8 b - - 1 40,a3a2 c3b2 f6f5 g4g5 e6d6 b2a2 d6c5 a2b3,2136,85,100,48,crushing defensiveMove endgame pawnEndgame quietMove veryLong,https://lichess.org/jwqq7HGj/black#80,
JS0gn,5rk1/2p5/2Qp3p/8/P3Pp2/2P5/4q1PP/5R1K w - - 1 25,h1g1 f4f3 g2f3 g8h8 c6d5 f8g8,2121,119,52,13,clearance crushing endgame long,https://lichess.org/rtUdgJhG#49,
xIumQ,3rBbk1/p2P4/8/1pPN1p2/7P/P2b1P2/1P4K1/8 b - - 0 37,d3c4 c5c6 f8d6 c6c7 d6c7 d5c7,2171,79,91,672,advancedPawn advantage endgame long,https://lichess.org/RnUlHfUr/black#74,
Rxpg3,r7/ppkb1B1Q/2p1p3/2Pp2q1/3P3n/2N5/PP4r1/1K3R1R w - - 7 29,h1h4 g5d2 c3d1 a8h8 f7g6 h8h7,2182,83,88,980,crushing long middlegame,https://lichess.org/UQ19mdFA#57,
7kDr8,3q2k1/Q5pp/2p2r2/3pNb2/3P4/P7/6PP/2R3K1 w - - 1 31,e5c6 f6c6 c1c6 d8e8 a7a5 e8c6 a5d8 g8f7,2176,75,94,4698,advantage attraction endgame sacrifice veryLong,https://lichess.org/tgZjBNjT#61,
2YMg1,3r4/pp3R1p/1kp2p1B/7N/2P2P2/b2n4/2K3PP/8 w - - 0 28,h5f6 d3b4 c2b3 d8d3 b3a4 b6a6,2291,76,92,2877,crushing defensiveMove endgame exposedKing long,https://lichess.org/CgO5AOwV#55,
QeqUH,1k5r/ppp4r/8/3Pp3/3nNqP1/3P1n1R/PP3PB1/2RQ2K1 w - - 3 26,h3f3 h7h1 g2h1 f4h2 g1f1 h2h1,2195,75,92,145,deflection kingsideAttack long mate mateIn3 middlegame sacrifice,https://lichess.org/QwwRABTo#51,
NIsfB,r2qbrk1/1p4p1/p3p2p/3pPpbQ/3P4/P1NBP1P1/1P1K2P1/R6R w - - 7 19,h5h3 d8b6 a1b1 b6d4,2194,78,85,98,crushing middlegame pin short,https://lichess.org/RsBCdrz2#37,Benoni_Defense Benoni_Defense_Old_Benoni
D9drp,1k5r/4np1p/p3p3/1pR1Pp2/N7/1P3Q1P/P4PPK/4q3 b - - 3 25,b5a4 f3d3 e7c8 d3a6 c8a7 a6b6,2123,97,86,46,crushing endgame long,https://lichess.org/zv9hugyO/black#50,
aepud,2kr1r2/pp4p1/2p1p3/3q2Pn/P2Pb2p/2N1Q2P/1P1B2P1/R4R1K b - - 6 24,e4g2 h1h2 g2f1 c3d5,2216,84,86,599,advantage master masterVsMaster middlegame short,https://lichess.org/FuiIlPa4/black#48,
KE9wE,1r2r1k1/5ppp/3p1P2/p5Q1/1q2P1P1/1Pp5/P6P/1K2R2R b - - 0 28,g7g6 g5h6 c3c2 b1c2 e8c8 c2b1 b4b3 a2b3,2241,81,89,163,crushing endgame veryLong,https://lichess.org/rlV1P2oA/black#56,
Tag3Y,6k1/pp3p1p/3p2p1/1Q1Pb3/1P6/5BqP/P1r5/1R1KR3 b - - 3 30,g3f3 d1c2 f3c3 c2d1 a7a6 b5e2,2166,83,43,36,crushing endgame hangingPiece long,https://lichess.org/jbm8YeBJ/black#60,
EwSWx,Q7/1B2r1k1/1Q6/4qp2/6pP/4P1P1/5PK1/2q5 b - - 0 44,c1d2 a8a6 e5d6 b6d6 d2d6 a6d6,2283,79,86,187,crushing endgame long quietMove,https://lichess.org/kG2kA15e/black#88,
tnjkg,3r2k1/pbq2p1p/1p3np1/2p1N3/2P1P3/1PQ3P1/P1Br1P1P/1R2R1K1 w - - 0 24,e5d3 f6e4 e1e4 d2c2 c3c2 b7e4,2150,75,93,4012,advantage long middlegame,https://lichess.org/mkC7sT3P#47,
TsWQb,3rr1k1/ppp1qppp/2P1b3/8/2P5/1P3N2/PBQ1BnPP/RN4K1 w - - 0 15,g1f2 e6f5 c2c3 e7e2 f2g3 f7f6,2156,77,84,158,advantage defensiveMove discoveredAttack long middlegame,https://lichess.org/WhgR0M7E#29,Scandinavian_Defense Scandinavian_Defense_Boehnke_Gambit
1yTVX,2R2B2/7k/4p1pp/1p1bP1p1/8/5PKP/1PQ3P1/r3q3 w - - 6 39,g3h2 e1e5 g2g3 d5f3 c2c7 e5c7,2141,78,80,91,crushing deflection endgame long master masterVsMaster,https://lichess.org/0NTQUcjC#77,
AqUCj,3r2k1/1b3pbp/p1q1p1p1/1p2P3/3PNQ2/1P4N1/P5PP/5RK1 b - - 0 25,d8d4 f4f7 g8h8 f7e7,2170,110,86,17,crushing kingsideAttack middlegame short,https://lichess.org/pLMCuzfk/black#50,
xN3Ek,2r3k1/Q3Rppp/p2q4/1p1b4/8/1B3N2/P4PPP/6K1 b - - 0 26,d5f3 e7e8 c8e8 a7f7 g8h8 f7e8 d6f8 e8f8,2133,75,96,4273,attraction discoveredAttack endgame fork mate mateIn4 sacrifice veryLong,https://lichess.org/QMHOReav/black#52,
xdcVV,3q1r2/4n2k/p2p3p/1p1Pp3/4b3/4P3/PP2Q2P/K2R2R1 b - - 1 28,e7d5 e2g4 f8f7 g4e4,2139,77,81,95,crushing middlegame short,https://lichess.org/2EbJTull/black#56,
rOFtC,6k1/3r1p1p/6p1/2b5/6n1/1Q1Nq3/PP4PP/3R1R1K w - - 2 27,h2h3 e3g3 b3b8 g3b8,2273,75,92,2959,crushing master middlegame short,https://lichess.org/29JzOPCU#53,
vYDDW,q3r1k1/p1p2ppp/1p1b4/8/3P3n/P1BQP1P1/1P3P2/3R1RK1 w - - 0 21,g3h4 a8f3 f1e1 e8e4 d3e4 f3e4,2198,88,75,32,advantage long middlegame,https://lichess.org/4alDuRDT#41,
1Scei,2B1k3/5ppp/1Bq1p3/4Pn1P/8/Q4n2/5P2/1R4K1 w - - 0 37,g1f1 c6c4 f1g2 c4g4,2169,81,88,72,crushing fork middlegame short,https://lichess.org/RXJDb2a5#73,
9YrKQ,1Q6/6pk/7p/p2q4/8/6P1/P5PK/8 w - - 0 38,b8b3 d5b3 a2b3 h7g6 g3g4 g6f6,2162,74,98,1243,crushing defensiveMove endgame long queenEndgame,https://lichess.org/Bfb8gboQ#75,
VXWKC,3q1k2/6p1/p2p3p/1prPP3/4p3/1P4P1/P2Q3P/4R1K1 b - - 0 30,d6e5 d2f2 f8g8 f2c5,2174,76,94,1630,crushing endgame fork short,https://lichess.org/sIKFjb5t/black#60,
w9AuD,1k3r2/p7/1p6/1P1qp2p/2R4P/P1Q3P1/5P1K/8 w - - 5 36,h2g1 d5d1 g1g2 d1e2 c3e3 e2c4,2239,75,97,964,advantage endgame long master,https://lichess.org/j9SHeobu#71,
4V9uQ,r1r3k1/2P2ppp/2Q1P3/1p6/P3nq2/5N2/6PP/4R1K1 b - - 0 29,e4d2 e6e7 d2f3 g2f3 f4d4 g1h1,2235,78,93,870,advancedPawn advantage defensiveMove long middlegame,https://lichess.org/yp3iodmg/black#58,
2gJ4w,r1q2rk1/p3pp1p/1pp1nbpB/8/6P1/1B3Q2/P1P2P2/3RR1K1 b - - 5 23,e6d4 d1d4 f6d4 e1e7 c8d8 h6f8,2293,83,59,40,crushing deflection long middlegame,https://lichess.org/plGiOFQQ/black#46,
eDIuA,3qr1k1/4bpp1/1p4Np/1p6/3P4/1BP2p1P/1K3Pb1/3QR3 b - - 0 26,e7g5 e1e8 d8e8 g6e5,2189,87,90,590,crushing kingsideAttack middlegame pin short,https://lichess.org/InieMLrt/black#52,
ouhIQ,2r2k2/1Q3pp1/7p/p7/5PbP/2q2BP1/P1P5/4R1K1 w - - 0 27,g1f2 c3d4 f2g2 c8c2 e1e2 c2e2 f3e2 g4e2 b7a8 f8e7,2269,86,91,1039,crushing discoveredAttack endgame veryLong xRayAttack,https://lichess.org/juf7V5Wd#53,
x1J1l,5r1k/6p1/p3p3/1p1bQ2n/1P4Nq/r2BR2P/2P2P2/4R1K1 w - - 1 27,d3g6 a3e3 e1e3 h5f4,2137,76,77,76,crushing middlegame short,https://lichess.org/tJs8dqNN#53,
GKRmn,5rk1/p4ppp/8/6N1/P2Pp1n1/2r1P1Pq/Q6P/4RRK1 b - - 1 28,h3h6 f1f7 h6h2 a2h2 g4h2 f7f8,2123,89,90,469,crushing kingsideAttack long master middlegame,https://lichess.org/2XmV24G6/black#56,
pXAhE,4r1k1/1b3pp1/ppq1p2p/2b5/2P5/1P3NP1/P2QBPP1/3R1K2 b - - 1 25,e8e7 b3b4 e7e8 b4c5,2117,80,91,1210,advantage master middlegame short,https://lichess.org/v3oqFbwe/black#50,
nRKjH,2r1r1k1/p1P2ppp/1p3n2/8/8/5N1P/P4PP1/2RR2K1 b - - 0 22,e8e7 d1d8 e7e8 d8c8 e8c8 c1d1 g8f8 d1d8 f8e7 d8c8,2288,78,93,358,crushing endgame quietMove veryLong,https://lichess.org/izmTvVv5/black#44,
Xpvld,1r4q1/p4p1k/3p1n2/2p1pP1p/2P1N2Q/1P6/P3K2P/R3R1r1 b - - 2 25,g8g2 e2d3 g2f3 e1e3 g1d1 d3c2 f3g2 c2d1,2238,116,83,41,advantage defensiveMove middlegame veryLong,https://lichess.org/MoMka7wQ/black#50,
CdxGq,8/2K1k3/5pp1/2N5/8/p7/7P/8 w - - 0 46,c5b3 f6f5 c7c6 f5f4 c6b5 f4f3,2203,77,66,85,crushing endgame knightEndgame long quietMove,https://lichess.org/RM32RCF3#91,
J5I8B,r2q1rk1/1p3pp1/p1n1p1PB/2b1P2P/4Q3/PP1p1N2/2P2P2/2K3RR b - - 0 21,g7h6 g6f7 g8f7 g1g7 f7g7 e4g6 g7h8 g6h6,2180,76,96,356,advancedPawn attraction crushing deflection discoveredCheck doubleCheck kingsideAttack middlegame sacrifice veryLong,https://lichess.org/Xe9ZGddV/black#42,
GMQu6,r4k1r/p2b2pp/2pq1n2/1p1p2B1/3P4/P4Q2/1P3PPP/R3R1K1 b - - 1 18,a8e8 g5f4 d6e6 e1e6,2117,73,94,8051,advantage middlegame short trappedPiece,https://lichess.org/4caBhw3Z/black#36,Caro-Kann_Defense Caro-Kann_Defense_Advance_Variation
i8hAf,5k2/2R4R/bp6/p2P1rp1/8/6K1/r6P/8 b - - 8 51,a2a3 g3g4 a3a4 g4f5 a6d3 f5f6 a4f4 f6g5,2228,115,73,17,crushing defensiveMove endgame veryLong,https://lichess.org/trQtldEx/black#102,
REuLh,rn1q1r1k/p3b2p/2p3pQ/8/1p2PN2/1B6/PPP2PPP/R4K2 b - - 0 22,d8d6 e4e5 f8f4 e5d6,2155,79,73,51,crushing middlegame short,https://lichess.org/ALnVIZps/black#44,
LM9U7,r2qr1k1/2p2pb1/1p2b1pp/p2nN3/P7/1QPP2P1/1P3PBP/R1B1R1K1 w - - 1 16,e5g6 d5e3 b3e6 e8e6,2298,79,83,104,advantage master middlegame short,https://lichess.org/4EiQhBFF#31,Kings_Indian_Attack Kings_Indian_Attack_Symmetrical_Defense
8TSkh,1k3r2/1Pp5/2p3r1/N2qPp1b/P1N2Q2/3P3p/2P2R1K/R7 w - - 3 36,a1g1 g6g1 f4e4 g1g2,2147,82,63,39,crushing middlegame short,https://lichess.org/Tv36saMD#71,
o5eVO,r1bq1rk1/ppppnppp/2n5/6N1/2BPP3/1N6/P4PPP/R2QK2R b KQ - 4 11,e7g6 d1h5 h7h6 g5f7 f8f7 h5g6,2232,78,92,4233,capturingDefender crushing long opening pin,https://lichess.org/Sve24D58/black#22,Italian_Game Italian_Game_Evans_Gambit
k2KkY,5k2/6bQ/pp2p3/2p1p1N1/q1P2rP1/6KP/1P6/4R3 b - - 1 36,a4c4 h7g6 c4b3 g3h4 f4f6 g5h7,2183,82,79,59,crushing defensiveMove endgame long,https://lichess.org/0BU78yd8/black#72,
qxI34,6Q1/7p/p7/1p1qk3/4p1P1/1PP2p1P/P7/6K1 w - - 4 41,g8d5 e5d5 g1f2 b5b4 c3b4 d5d4,2153,75,90,316,crushing defensiveMove endgame long master,https://lichess.org/OQus6SBX#81,
B5yFK,r4b2/pbnn2kp/3N2p1/1Pp1P3/2B5/2N5/PP4PP/5RK1 b - - 5 22,f8d6 f1f7 g7h6 e5d6 d7e5 f7c7,2152,77,82,46,capturingDefender crushing fork intermezzo long middlegame,https://lichess.org/qZd9cA5J/black#44,
dKuEB,r1bq1bk1/1p4r1/3p1n2/PN1Pp3/1B2PpBn/7P/2Q2NP1/2R2RK1 w - - 1 26,g4c8 g7g2 g1h1 f6h5,2254,84,80,62,crushing defensiveMove kingsideAttack master middlegame short,https://lichess.org/2Aqrgo5I#51,
ALO13,2kr3r/p4ppb/4pq1p/2b4P/3P2P1/2Q2P2/PP6/2KR2NR b - - 2 19,d8d4 c3c5 c8b8 d1d4 f6g5 c5g5,2126,112,87,22,crushing hangingPiece intermezzo long middlegame,https://lichess.org/cHQ2AXI4/black#38,Queens_Pawn_Game Queens_Pawn_Game_Mason_Variation
n6tFB,r3r1k1/2p1qppp/p1p5/5b2/8/5P2/PPP2nPP/RNBQR1K1 w - - 1 15,g1f2 e7h4 f2f1 f5c2,2272,90,81,40,middlegame,https://lichess.org/kd150h2E#29,Ruy_Lopez Ruy_Lopez_Berlin_Defense
Ftbom,8/8/1pk1p1p1/p1b1PpP1/P1P2P2/1P3K2/5N2/8 b - - 32 56,c5f2 f3f2 c6c5 f2e3 c5b4 e3d4 b4b3 c4c5 b6c5 d4c5 b3a4 c5d6 a4b4 d6e6 a5a4 e6f7 a4a3 e5e6,2216,76,75,67,crushing endgame veryLong zugzwang,https://lichess.org/wiGj7gJY/black#112,
YU0cb,8/5pp1/q3p1k1/4P2p/1RpP3P/5QP1/5PK1/4r3 w - - 0 35,f3c3 a6a8 d4d5 a8d5,2139,77,85,148,crushing endgame master short,https://lichess.org/ktSyDbZZ#69,
Xxb4K,6B1/p6p/1p1kP1p1/6P1/P7/1PKp2P1/2b5/8 b - - 2 46,d6e7 g8h7 c2d1 h7g6 d3d2 g6c2,2239,79,90,1486,bishopEndgame crushing endgame long master,https://lichess.org/vXXrhkur/black#92,
0DkaO,4k2r/2p2ppp/4bn2/p3b3/2P5/PrN1PBP1/1B3P1P/R2R2K1 w k - 0 17,f3c6 e8e7 c3d5 e6d5 b2e5 d5c6,2135,77,48,69,crushing defensiveMove long master masterVsMaster middlegame,https://lichess.org/KJNfgA1x#33,Hungarian_Opening Hungarian_Opening_Indian_Defense
IeJ3r,r1bqr1k1/2p1nppp/3p4/6R1/p2NP3/P3QP1P/1PpB2P1/2K4R b - - 3 19,c7c5 g5g7 g8g7 e3h6 g7g8 d2g5 c5d4 g5f6,2108,76,87,133,advantage attraction clearance kingsideAttack middlegame sacrifice veryLong,https://lichess.org/uNdCxSCR/black#38,
7ejPo,8/1pk5/2p2p2/pPP1p1p1/P2pP1P1/1K1P1P2/8/8 b - - 2 58,b7b6 b3c4 c7b7 b5c6 b7c6 c5b6 c6b6 c4d5,2273,89,90,694,crushing endgame pawnEndgame veryLong,https://lichess.org/7S540HMo/black#116,
CVeOc,1k1r4/R7/1KP2P1p/1r4p1/1P6/7P/8/8 w - - 0 40,b6b5 b8a7 c6c7 d8f8 b5c6 f8f6,2233,75,98,140,crushing endgame hangingPiece long rookEndgame,https://lichess.org/6qkMtP3o#79,
xruBr,5r2/1b2ppkp/1q1p2p1/rN1P4/p1P3P1/5P2/PP1Q3P/2KR3R w - - 1 20,h2h4 f8c8 c1b1 c8c4,2129,77,85,298,advantage middlegame short,https://lichess.org/dSr0vf86#39,
VsTSS,2r5/5pk1/6p1/3pP2p/P1pp1Pb1/1P1B2P1/2P2KP1/R7 w - - 0 42,d3e2 c4b3 e2d3 b3c2 a1c1 c8c3,2273,101,59,40,advancedPawn crushing endgame long,https://lichess.org/Cx1AdjOP#83,
JXQTe,r4rnk/pp1q2b1/2p3Pp/3pB1p1/3Pp1B1/1Q2P3/PP3PP1/R4RK1 b - - 10 24,d7g4 b3b7 g8f6 e5f6 f8f6 b7a8,2100,80,87,549,crushing long middlegame,https://lichess.org/n2yYlFlK/black#48,
pVRGB,3r2k1/p1q3p1/4p3/8/5RP1/2P2QKP/1P6/8 w - - 0 33,g3h4 g7g5 h4g5 c7e7,2231,101,85,20,advantage attraction endgame short,https://lichess.org/KYV4iQC2#65,
tJLxa,r6r/1b1k4/p2p2Pp/1pp3q1/8/P2P3Q/1PP3PP/4RRK1 b - - 5 23,d7c7 f1f7 c7b6 f7b7 b6b7 h3d7 b7b8 d7d6,2262,91,77,54,advantage attraction middlegame sacrifice veryLong,https://lichess.org/Ctn5iuAu/black#46,
VwSYK,3rrk2/p1p2pq1/6p1/6N1/6PQ/6P1/Pb3PK1/4R2R b - - 1 24,e8e1 g5h7 g7h7 h4d8 e1e8 d8e8 f8e8 h1h7,2189,115,88,21,crushing discoveredAttack middlegame veryLong,https://lichess.org/B9crFXMX/black#48,
RhEg8,6rk/p2nqppp/2p2b1B/1p1p1P1N/1P1Pr3/2P4P/P4PQ1/R5RK b - - 6 31,e4h4 h5f6 e7f6 h6g5 f6f5 g5h4,2149,76,94,7629,crushing fork interference long middlegame,https://lichess.org/5PAMyRrq/black#62,
anQ9P,4rrk1/ppp4p/3p2p1/3Pn3/5q2/1B5P/PPP1QPP1/R4RK1 w - - 2 20,e2b5 e5f3 g2f3 e8e5,2210,75,86,114,clearance crushing middlegame sacrifice short,https://lichess.org/6k0w6FuZ#39,
aDjWz,8/4b1k1/4p1p1/p3P3/1p1p1P2/1Pq3Pp/P1P1R2P/4KQ2 w - - 8 48,e1f2 e7c5 f1e1 d4d3,2284,86,91,525,crushing discoveredAttack discoveredCheck endgame quietMove short,https://lichess.org/qoIaAEjh#95,
JLHTB,8/1bp2p1k/1b1p3p/1p1Pp1q1/8/1BP2PK1/1P2Q3/R6R w - - 1 33,g3h3 b7c8 h3h2 b6e3 e2e3 g5e3,2228,82,90,2111,crushing long master masterVsMaster middlegame quietMove,https://lichess.org/T2FvpeXc#65,
Orv8E,r2q1r2/1p3pbk/p1nP3p/5bp1/2P5/P1N1BN1P/1P1Q1PP1/2KR3R w - - 1 16,e3d4 c6a5 b2b4 a5b3 c1b2 b3d2,2141,75,91,409,crushing fork long middlegame,https://lichess.org/AeOFkGFF#31,Modern_Defense Modern_Defense_Other_variations
cKlLh,r2q1r2/1pp1b1k1/p3B1p1/3p4/1n1P4/4P1P1/PP1N1PP1/2RQK2R w K - 2 18,d1g4 b4d3 e1e2 d3f2 d2f3 f2g4,2254,75,92,658,advantage fork long middlegame trappedPiece,https://lichess.org/sYWhjmek#35,Queens_Pawn_Game Queens_Pawn_Game_London_System
U2NNU,1kr3r1/8/pP5p/3p1p2/3P1q2/5NPb/1Q3R1P/1R4K1 w - - 0 30,b2a2 c8c1 f3e1 g8g3 h2g3 f4g3,2111,76,93,2174,crushing long middlegame pin sacrifice,https://lichess.org/p5GbpAHh#59,
JjZ7i,8/8/1K4p1/8/5P2/6k1/6P1/8 w - - 0 51,b6c6 g3f4 c6d7 g6g5 d7e7 g5g4 e7e6 g4g3 e6d5 f4e3,2167,78,82,55,crushing defensiveMove endgame pawnEndgame quietMove veryLong,https://lichess.org/jJNtfc63#101,
6DsNX,1r6/R7/p3p3/4P2p/4kP1B/6P1/1p2N2P/6K1 w - - 0 40,g1f2 b8b3 e2c3 b3c3 a7b7 c3c2,2123,74,94,3615,crushing endgame long,https://lichess.org/WAtMVYpJ#79,
DQuIn,7k/pb2qprp/1p1p1pr1/2p2R2/4PP2/2P2Q1P/nP3BP1/R4BK1 b - - 6 28,a2c1 a1c1 e7e4 f3e4 b7e4 f5h5,2212,86,88,486,advantage hangingPiece long middlegame,https://lichess.org/182ILgd4/black#56,
iirup,8/5R1p/1kr1pBp1/1p6/2bK1PP1/2P4P/8/8 b - - 0 41,c6c7 f6d8 e6e5 d4e5 c4f7 e5d6,2192,119,86,40,crushing endgame long master pin sacrifice,https://lichess.org/KtgeLkS2/black#82,
8CuHY,5r1k/R3R1pp/2B5/QPq5/1npr4/3b3P/1P3PP1/6K1 w - - 3 30,e7g7 b4c6 b5c6 c5a5 g7h7 d3h7,2120,76,93,3947,crushing long middlegame,https://lichess.org/TyXfERUx#59,
EQQxB,5n2/4k1p1/5p1p/2R2K1P/3PPP2/r1p3P1/5N2/8 w - - 3 52,g3g4 f8e6 c5c4 c3c2,2254,82,59,41,advancedPawn advantage endgame short,https://lichess.org/A3z7Pmav#103,
Op2Up,rr4k1/6pp/1P1p4/2pP1p2/5p2/8/5PPP/1R2R1K1 b - - 1 26,b8e8 b6b7 e8e1 b1e1 a8b8 e1e7,2131,78,88,455,advancedPawn advantage endgame long rookEndgame,https://lichess.org/KFfEFg2i/black#52,
g30cp,2k5/5rpp/4p3/2q1p3/P5P1/2P2r1P/6Q1/R4R1K b - - 3 34,c5c3 f1c1 f7c7 c1c3 c7c3 h1h2,2135,75,96,1005,advantage defensiveMove endgame long pin,https://lichess.org/E9EHoAff/black#68,
L1xWY,5rk1/p1p3pp/3p4/4n3/1PP1q3/P1Q2NP1/4PPK1/7R w - - 5 23,c4c5 e4e2 c3b3 g8h8 h1e1 e2f3 b3f3 e5f3,2153,77,93,5460,advantage endgame veryLong,https://lichess.org/eXhxYZT1#45,
TsOPC,8/p2r1k1p/1p1P1ppq/8/4pP2/2R3PP/PP1Q3K/8 b - - 0 31,h6f8 d2d5 f7g7 c3c7,2160,82,91,444,advantage endgame short,https://lichess.org/oljO2ph2/black#62,
rpKYM,6k1/1b2Qp2/1pq3p1/p1r1b2p/3p4/P1N1P2P/1P1R1PP1/3R2K1 w - - 2 31,f2f3 e5f6 c3d5 c5d5,2160,75,86,138,advantage middlegame short,https://lichess.org/We8lyyoB#61,
3hihu,8/pp5p/6p1/2p1k3/2P1PpP1/1P3K2/P6P/8 b - - 4 28,b7b6 g4g5 a7a6 a2a4 a6a5 h2h3 e5d4 f3f4,2235,132,84,18,crushing endgame pawnEndgame quietMove veryLong zugzwang,https://lichess.org/gRDcupFI/black#56,
dYFvN,2k4r/1p3pp1/p1p1qn2/8/P2rP3/1P3QPp/2P2P1P/R4RKB b - - 0 20,f6e4 f3e3 h8d8 c2c3 e4c3 e3c3,2262,116,86,16,advantage long middlegame,https://lichess.org/DXnRYHc5/black#40,
dNULK,3r3k/1bpr1p1p/8/p1QP3q/Pp5P/1Pp1R1P1/6B1/4R1K1 b - - 8 35,b7d5 c5d4 f7f6 d4f6,2203,81,90,1041,advantage kingsideAttack middlegame short,https://lichess.org/kxtxhMHK/black#70,
i3MOL,r3r1k1/p4p1p/2p3pQ/1pnp1P2/3q4/P2B2P1/2P3KP/R4R2 b - - 0 26,c5d3 f5f6 e8e2 g2h3 d4f6 f1f6 d3f2 f6f2,2200,83,90,517,advantage defensiveMove middlegame veryLong,https://lichess.org/JUz7H6js/black#52,
4h4Dr,r5k1/3q1p2/4p1p1/3pP1N1/pb1P1PP1/7Q/2b5/1N3RK1 b - - 1 27,f7f5 e5f6 a8f8 f1f2,2210,95,84,44,advantage enPassant middlegame short,https://lichess.org/3LKGKP7r/black#54,
aGHKC,8/8/8/1p6/p1k2K2/P1P5/1P6/8 w - - 4 53,f4e3 c4b3 e3d4 b3b2 c3c4 b5b4,2192,75,87,107,crushing endgame long pawnEndgame,https://lichess.org/3B4IXl29#105,
95dkx,rn1q1rk1/ppp1p1b1/3p2p1/5pp1/3P4/4PNPQ/PPP2PP1/R3K2R b KQ - 1 13,e7e5 h3h7 g8f7 h1h6 d8f6 d4e5,2177,84,91,1821,clearance crushing kingsideAttack long middlegame pin,https://lichess.org/DScb0x60/black#26,London_System London_System_Other_variations
rn91r,7k/5Npp/3p1bq1/2pB1p2/1pP2P2/7r/6PP/3R2K1 b - - 1 34,h8g8 f7e5 g8f8 e5g6 h7g6 g2h3,2134,171,100,6,advantage discoveredAttack endgame long,https://lichess.org/PTaDfEDA/black#68,
OspoM,2r3k1/2P5/4p3/3b2pp/3B1P1K/4Q2P/p5q1/6R1 w - - 0 40,h4h5 d5f3 h5g6 g2h3 e3f3 h3f3,2291,80,86,84,crushing endgame interference long master,https://lichess.org/MKt13LgJ#79,
1eX6A,4r1k1/2qnrpp1/2pb1n1p/1p1p4/pP1P4/P1PBBN1P/2Q1RPP1/4RK2 b - - 1 19,d6f4 e3f4 e7e2 f4c7 e2c2 d3c2,2179,75,86,316,crushing long middlegame,https://lichess.org/eiFJbNcQ/black#38,French_Defense French_Defense_Exchange_Variation
Ptuwq,8/6kp/1P1B4/5RK1/p2R2p1/P4q2/5p1P/5r2 b - - 2 48,f1e1 f5f3 g4f3 b6b7,2122,76,83,139,advancedPawn crushing endgame master short,https://lichess.org/SFRanaBw/black#96,
lLUiY,8/8/7k/1p6/5P2/P3KR1p/6b1/8 w - - 4 50,e3f2 g2f3 f2f3 h6g6,2247,74,93,4896,crushing defensiveMove endgame master short,https://lichess.org/MWLs62hn#99,
dwSSG,8/1B3ppp/P7/1R2p3/3b2Pk/r6P/5PK1/8 b - - 2 39,a3h3 b7f3 f7f5 g4f5,2159,81,82,81,advantage endgame quietMove short,https://lichess.org/EjVCRyv4/black#78,
0ruwN,r7/4PP2/pkp5/1p2Q3/4R3/P2B4/1P2KNrp/2q5 w - - 1 41,e2f3 g2f2 f3f2 c1g1 f2e2 h2h1q e5d4 g1d4,2104,79,86,57,advancedPawn attraction crushing exposedKing middlegame promotion sacrifice veryLong,https://lichess.org/4pcWHimU#81,
hfa1L,2kr4/pp3p2/2n5/8/2q1p3/P2rBnP1/N3QPRP/2R2K2 b - - 1 27,c4a2 e2a2 d3d1 f1e2 d1c1 e3c1,2204,75,95,1003,advantage hangingPiece long middlegame,https://lichess.org/K1z9TWCV/black#54,
2DCyr,2r2rk1/1b2q2p/4p1PQ/1p2PpN1/p7/P1p3K1/5PP1/1BR5 b - - 0 31,e7g7 g6h7 g8h8 h6g7 h8g7 g5e6 g7h7 e6f8,2152,78,88,669,advancedPawn attraction crushing fork middlegame pin veryLong,https://lichess.org/P6CPepK8/black#62,
dkRGr,5r2/5p1k/1q3Ppp/p4b2/3p3Q/1P4R1/P4PPP/1R4K1 b - - 0 31,f5b1 g3h3 h6h5 h4g5 h7g8 h3h5 b6f6 g5f6,2149,125,0,14,advantage discoveredAttack endgame pin quietMove veryLong,https://lichess.org/eNfcmo3Q/black#62,
Byo4b,8/6pp/5pk1/p2Qp3/3b1P1P/7K/P5PB/7q b - - 6 37,d4g1 f4f5 g6f5 g2g4,2101,75,82,205,attraction crushing endgame master short,https://lichess.org/uA1EMTrw/black#74,
JBk4d,4r1k1/4rppp/8/7q/4b3/PQ4BP/1P4PK/4RR2 w - - 2 39,e1e3 e4g2 b3f7 h5f7,2131,77,86,425,crushing master middlegame short,https://lichess.org/0TsGvYxG#77,
hBKmD,2kr4/ppp5/3p1R1p/2b1p2q/3nP2N/2NP2rP/PPPQ3K/R7 w - - 0 19,f6h6 d4f3 h2g3 d8g8 h4g6 g8g6 h6g6 f3d2 g6g8 c8d7,2183,76,90,1294,crushing fork middlegame sacrifice veryLong,https://lichess.org/15ZV73QD#37,Bishops_Opening Bishops_Opening_Boi_Variation
GXfN1,3r1b1r/ppp1k2p/4bp2/7Q/3n4/2qB4/P1PN2PP/3RR1K1 b - - 5 18,d4c2 e1e6 e7e6 d3c4 c3c4 d2c4,2281,78,92,2656,advantage attraction long middlegame sacrifice,https://lichess.org/84LqTkMC/black#36,Scandinavian_Defense Scandinavian_Defense_Modern_Variation
vL4qB,r2qkb1r/pp2pp1p/2n2np1/4P3/6b1/B1PB1N2/5PPP/RN1QK2R b KQkq - 0 10,c6e5 f3e5 g4d1 d3b5 f6d7 b5d7 d8d7 e5d7,2130,82,91,429,advantage middlegame sacrifice veryLong,https://lichess.org/mZlhrFIx/black#20,Sicilian_Defense Sicilian_Defense_Wing_Gambit
YU8Vc,2r1r3/p4pkp/6p1/8/2N5/4PbP1/PP1R1P1P/4K1R1 w - - 1 26,b2b3 c8c4 b3c4 e8b8,2114,76,92,1132,advantage clearance defensiveMove endgame sacrifice short,https://lichess.org/GRBvrSiW#51,
hYZHF,8/8/1K2p3/4P2k/P3R1p1/1P2Pr2/8/8 w - - 0 47,a4a5 g4g3 e4c4 g3g2 c4c8 f3f5 c8c1 f5f1,2197,135,100,32,advancedPawn crushing endgame rookEndgame veryLong,https://lichess.org/WsWv0Nmn#93,
GUyte,6r1/5R1p/2q3pk/3r2p1/3Q1P2/8/PP5P/4R1K1 w - - 0 36,f4g5 d5g5 g1f2 c6g2 f2e3 g8e8 e3d3 e8d8 f7h7 h6h7 d4d8 g5d5 d8d5 g2d5,2284,104,71,27,crushing endgame fork pin veryLong,https://lichess.org/fCqeBYTh#71,
5MLju,4r1k1/2p2r1p/ppp2P2/4pQ2/2q1P2P/P1N5/1PPR2K1/8 b - - 2 38,c4e6 d2d8 f7f6 d8e8 e6e8 f5f6,2171,75,91,145,advantage endgame kingsideAttack long,https://lichess.org/1T57vvr2/black#76,
4IFgq,2r3k1/p3rnp1/3q1p2/3B3Q/2p3R1/7P/PP6/5R1K b - - 5 34,g8f8 d5f7 e7e2 g4f4,2292,91,81,36,advantage middlegame short,https://lichess.org/zIqnrteY/black#68,
Bzs6L,3Q4/pb3pk1/1p3p1p/5qr1/P7/5rPP/1Q3P1K/3R1R2 w - - 3 30,b2d4 g5h5 d4f6 f5f6,2269,86,89,778,advantage middlegame short,https://lichess.org/Co2nQpMw#59,
I3jhD,1r2br2/p7/5bpk/2p1p1Np/2P1P2P/3BKR2/P1P2P2/6R1 b - - 7 28,f6g5 g1g5 f8f3 e3f3,2226,78,82,199,crushing master middlegame short,https://lichess.org/wRpJuHXc/black#56,
5iAxU,6k1/3q1p2/R1n3p1/2R5/4PQn1/1P1P2Pp/6KP/8 w - - 0 39,g2g1 d7d4 g1f1 g4h2 f1e2 d4c5 a6c6 c5c6,2286,75,87,172,crushing deflection endgame fork veryLong,https://lichess.org/mQ1gqFHT#77,
nOv6Q,8/8/6k1/5Np1/4Kp1p/5P1P/8/4n3 w - - 6 60,f5h4 g5h4 e4f4 g6h5 f4e4 e1c2,2211,129,72,14,crushing defensiveMove endgame knightEndgame long,https://lichess.org/UCWp2GZn#119,
gtEJa,4rrk1/ppp3pp/4qp2/2Bbn3/1P6/P2P1PQ1/2P1B1PP/R3K2R w KQ - 2 19,c5f8 e5d3 e1f1 e6e2 f1g1 e2e3,2167,77,87,161,crushing discoveredAttack exposedKing long middlegame pin,https://lichess.org/28J0jGPq#37,
998Yx,Q3Rbk1/5p2/1p1p1q1p/1P5P/3P2p1/5N2/2r2PP1/6K1 b - - 1 33,f6g7 f3h4 g4g3 f2g3 c2c1 g1h2,2199,79,90,1134,crushing defensiveMove endgame long quietMove,https://lichess.org/TrGtRWG0/black#66,
zqESn,8/8/6p1/5p1k/r4R2/6PP/5PK1/8 b - - 4 43,a4f4 g3f4 h5h4 g2h2 g6g5 f4g5,2288,81,90,1282,crushing endgame long,https://lichess.org/OBpeZspq/black#86,
dVQPq,q5k1/2pr4/2b1p2R/3n1p2/1p6/5PP1/1Q3P1P/3R2K1 b - - 0 26,d5c3 d1d7 c6d7 b2d2 a8a1 g1g2 c3d5 d2g5,2131,78,95,288,advantage middlegame veryLong,https://lichess.org/pZBgLrFp/black#52,
Le93Y,4r2k/pp2pQ1p/2q1P1p1/8/3r4/8/PP3RPP/R5K1 b - - 1 23,e8d8 f7e7 d4d1 f2f1 c6b6 g1h1,2131,76,81,767,crushing endgame long master,https://lichess.org/gWVxK209/black#46,
15inV,r1b2rk1/p4ppp/2Bbp3/3p4/3Pn3/P1NQPN2/1qP2PPP/R3K2R w KQ - 0 14,a1b1 b2c3 d3c3 e4c3 b1b3 a8b8 b3b8 d6b8,2208,101,54,23,crushing fork middlegame veryLong,https://lichess.org/7Y86uysc#27,Polish_Opening Polish_Opening_Other_variations
gKBQn,r5k1/1pq3bp/2p3p1/2Pp1P2/1P6/4B3/4Q1PP/5RK1 b - - 0 23,a8e8 f5f6 g7h6 f6f7 c7f7 f1f7 h6e3 f7f2 e3f2 e2f2,2189,77,91,5503,advancedPawn crushing endgame fork veryLong,https://lichess.org/2eWrW9dS/black#46,
GrqYP,8/8/8/p1p2p2/3p2kP/PP1K2P1/8/8 w - - 0 38,d3e2 g4g3 h4h5 f5f4 h5h6 f4f3 e2d2 f3f2 h6h7 f2f1q,2195,94,90,1218,advancedPawn crushing endgame exposedKing pawnEndgame promotion quietMove veryLong,https://lichess.org/HW2Kda9v#75,
tMsh6,8/4bQpk/pr5p/2p1Pn2/1P1pqP2/P4R1P/3B3K/5R2 w - - 2 31,f3f2 e7h4 f2g2 h4g3 g2g3 f5g3,2155,154,0,19,advantage long middlegame,https://lichess.org/O5kzKACQ#61,
vx8Uq,6q1/p1rnk1bp/1p2r3/2p2RQ1/8/BP6/P5PP/3R3K b - - 4 28,d7f6 f5f6 e6f6 g5e5 e7f7 e5c7,2109,77,91,708,advantage clearance exposedKing fork long master middlegame sacrifice,https://lichess.org/sz3YFR1H/black#56,
TYDap,3r1rk1/7p/1p4p1/p1p2p2/Pn2q3/B1Q3P1/4PP1P/3R1RK1 b - - 2 28,e4e2 a3b2 d8d4 d1d4 c5d4 c3d4,2221,75,92,427,crushing long middlegame quietMove,https://lichess.org/Avc9Z5tK/black#56,
HdJ27,r1bq2k1/p5p1/2pb3p/n7/4B3/8/PPP2rPP/RNBQ1RK1 w - - 0 16,g1f2 d8h4 g2g3 h4h2,2178,85,90,2127,advantage fork master opening short,https://lichess.org/9PalEhDx#31,Italian_Game Italian_Game_Two_Knights_Defense
Eg3le,r4r2/ppp3pp/4kq2/2bnp3/2Q5/1n6/PPP2PPP/RNB2RK1 w - - 0 14,a2b3 c5f2 g1h1 f6h4,2229,78,84,189,advantage kingsideAttack middlegame short,https://lichess.org/0pbrEEmX#27,Italian_Game Italian_Game_Two_Knights_Defense
jpk8o,rn1q1bnr/pppb1kpp/8/4N3/3pP3/8/PP3PPP/RNBQK2R b KQ - 1 7,f7e6 d1b3 e6e5 b3d5,2198,84,90,232,crushing opening sacrifice short,https://lichess.org/2ixT9Sfn/black#14,Queens_Gambit_Accepted Queens_Gambit_Accepted_Saduleto_Variation
Oc3M3,r3r1k1/pbp2q1p/3p1n2/1N1n1p2/1P1QpP2/P5P1/1B4BP/2R2RK1 b - - 3 24,b7a6 b5c7 d5c7 c1c7,2130,75,82,120,crushing fork middlegame short,https://lichess.org/Z1cCeFQd/black#48,
N32wE,4rr2/p1p3k1/1q2Pp2/6p1/5b2/P1BB1R2/1PQ1K2P/6R1 w - - 0 28,g1g4 b6e6 e2f1 e6g4,2185,76,80,126,advantage fork middlegame short,https://lichess.org/ltXXrysV#55,
5dEyc,5rk1/1p5p/1q4p1/pNbpn3/P2N3Q/1n2P3/1B4PP/3R2K1 w - - 0 25,d4b3 c5e3 g1h1 e5d3 b2d4 e3d4 b5d4 d3f2 h1g1 f2d1,2285,83,87,363,crushing fork master masterVsMaster middlegame veryLong,https://lichess.org/lezn7dyt#49,
zaxGV,4N1k1/1p3p2/1Pp5/2Pp4/3P3p/3Q1P2/6KP/2q3b1 b - - 2 42,c1e3 d3e3 g1e3 e8d6,2202,78,60,70,crushing endgame master short,https://lichess.org/ftG6ATVS/black#84,
Tc7w7,8/ppp3pk/6Np/2q4P/2n2P2/P3n1P1/BP1rQ3/1KR5 w - - 6 37,c1c4 c5f5 b1a1 d2e2,2291,82,91,3651,crushing master middlegame short,https://lichess.org/1ZpqR2pX#73,
jcgvn,8/8/8/pp6/2pBk1p1/2P5/PP2K1P1/2b5 w - - 2 39,b2b3 c4b3 a2b3 a5a4 b3a4 b5a4 e2d1 c1e3 d4e3 e4e3,2276,90,91,1233,bishopEndgame crushing endgame veryLong,https://lichess.org/ByFaaDWb#77,
Dmkoe,r2q1rk1/p2n1pbp/1p1p1nP1/6B1/8/2PB1P2/P1QN1P2/2KR3R b - - 0 15,f7g6 d3c4 d6d5 c4d5 f6d5 g5d8,2286,77,92,7169,advantage long middlegame,https://lichess.org/cixftO5g/black#30,Torre_Attack Torre_Attack_Fianchetto_Defense
MNAkT,2kr2nr/pbp3pp/1pn1q3/3NP3/3P4/2PBB1P1/P6P/R2QK2R w KQ - 1 16,e1g1 e6d5 c3c4 d5a5,2286,77,99,91,advantage hangingPiece middlegame short,https://lichess.org/RhAlyey0#31,Owen_Defense Owen_Defense_Other_variations
GKCXG,5k2/3R2p1/4P1P1/5K2/5P1p/3pr3/8/8 w - - 0 56,f5g4 h4h3 d7f7 f8e8,2142,81,81,43,crushing endgame rookEndgame short,https://lichess.org/mJyjEbkU#111,
hO0DF,3r2k1/pBp2ppp/1b6/4P3/6bq/2N2N2/PPnBK1PP/R4Q1R w - - 0 15,a1d1 c2d4 e2d3 g4f5 b7e4 d4f3,2250,123,76,22,advantage discoveredAttack discoveredCheck exposedKing long middlegame pin,https://lichess.org/rtW8Hitb#29,Bishops_Opening Bishops_Opening_Ponziani_Gambit
tMmeb,4Q3/kpR5/p2pB1p1/3Pp3/2P5/P2P2q1/KP5r/7r b - - 0 32,g3d3 c7b7 a7b7 e6c8 b7b8 c8f5,2205,79,90,122,attraction crushing discoveredAttack discoveredCheck endgame long sacrifice,https://lichess.org/FgzUVrON/black#64,
L7NDN,3r2k1/5p1p/2p1q3/1pPr4/pP1p4/8/1PN1R2Q/1K6 b - - 5 40,e6d7 e2g2 g8f8 h2h6 f8e8 g2e2,2214,80,87,229,crushing endgame long,https://lichess.org/2gZcENZ3/black#80,
If0to,2b1k2r/5ppp/2N1pq2/p2p4/P1p5/8/Br3PPP/R2QR1K1 w k - 2 23,d1d5 f6f2 g1h1 e8g8 d5f3 b2a2,2248,75,82,220,castling crushing long middlegame,https://lichess.org/WJBZCVUu#45,
QjADH,6k1/5p1p/5r2/pP6/1r4PP/1PR1B1K1/5P2/8 b - - 0 40,b4b5 e3d4 b5b6 c3c8,2289,78,81,111,crushing endgame short,https://lichess.org/OoA6XeRY/black#80,
CQEiV,8/1p6/2p5/P1N1p2p/1Pn3k1/4P3/2P1K3/8 b - - 7 35,b7b6 a5a6 b6c5 b4c5,2180,78,100,68,crushing endgame knightEndgame sacrifice short,https://lichess.org/hZNDnECl/black#70,
kjXNC,r5k1/pp4p1/1b4p1/2q1Bp2/5PP1/1P1PrQ1P/P1P4K/R4R2 w - - 4 26,f3b7 c5c2 b7g2 e3e2 g2e2 c2e2,2115,78,72,55,crushing long middlegame pin,https://lichess.org/9fMZUupq#51,
jYhxU,r1b2rk1/ppq1b1pp/2n5/3pPpN1/3P4/2N5/PP4PP/R1BQ1RK1 b - - 5 14,c6d4 c3d5 c7e5 d5e7 e5e7 d1d4,2110,85,90,1586,advantage long opening,https://lichess.org/JjtHppV9/black#28,Sicilian_Defense Sicilian_Defense_Other_variations
OnCwW,r1b1k1nr/p4ppp/4p3/q2PP3/Pb1n4/1QB5/5PPP/RN2KBNR w KQkq - 0 12,f1b5 a5b5 a4b5 d4b3,2254,86,86,1079,advantage middlegame pin short,https://lichess.org/oIqTslPV#23,French_Defense French_Defense_Advance_Variation
RuJH2,8/8/8/5p1p/1pK3p1/kP3PPP/8/8 w - - 0 44,h3g4 f5g4 f3f4 h5h4,2187,75,74,96,crushing endgame pawnEndgame short,https://lichess.org/RqKaRLir#87,
MKUNn,8/4R3/2KP3p/4B1pk/8/4r3/5p1P/8 w - - 0 43,e5g3 e3c3 c6d7 f2f1q,2229,78,91,296,advancedPawn crushing endgame promotion short,https://lichess.org/TJ72SYhr#85,
AWcax,5rk1/1pq2p1p/1np2bp1/p1NrN3/P2P4/6Q1/1P3PPP/R2R2K1 w - - 8 21,e5d7 d5d7 c5d7 c7d7,2106,76,90,162,advantage middlegame short,https://lichess.org/xfmEo4eI#41,
KmbOx,r2qkb1r/pp1n1ppb/2p4p/4p2P/2B1P1n1/2N1BN2/PPP1QP2/2KR3R b kq - 1 13,g4e3 c4f7 e8f7 d1d7 d8d7 f3e5 f7e8 e5d7,2288,85,84,50,attackingF2F7 attraction crushing deflection fork middlegame sacrifice veryLong,https://lichess.org/Deecii6P/black#26,Philidor_Defense Philidor_Defense_Other_variations
1fZoJ,r4r2/pp3p1k/6p1/3R3P/6P1/8/PP6/1K5R b - - 0 24,g6h5 d5g5 h5h4 h1h4,2124,76,92,4336,endgame mate mateIn2 pin rookEndgame short,https://lichess.org/hT6PSH2h/black#48,
1fNvf,4r1k1/3r1pPp/4p1p1/p1p1P2P/1ppP1QPq/2P2R2/PP3R2/6K1 b - - 4 33,c5d4 h5g6 h7g6 f2h2,2177,97,77,23,crushing endgame master masterVsMaster short,https://lichess.org/734rPsV1/black#66,
4tNLJ,8/8/5pPR/8/3k4/8/2K3r1/8 w - - 0 56,c2b3 f6f5 h6h4 d4e3,2160,76,86,124,advantage defensiveMove endgame quietMove rookEndgame short,https://lichess.org/luIbCtLQ#111,
ZNNLu,r2q1rk1/pb4bp/1pn2pp1/3p1n2/3B4/2NP1NP1/PP1Q1PBP/R3R1K1 w - - 4 15,d4e3 d5d4 e3d4 f5d4 f3d4 d8d4,2200,82,88,223,advantage fork long middlegame,https://lichess.org/3EMUIRSC#29,English_Opening English_Opening_Other_variations
tE9Yg,4b3/8/4p3/2k1PN1P/4P3/4K3/8/8 b - - 2 57,e6f5 h5h6 e8g6 e4f5 g6f5 e3f4 f5h7 f4g5,2122,78,72,53,bishopEndgame crushing defensiveMove endgame intermezzo veryLong,https://lichess.org/wm1q7bJv/black#114,
FDHXh,rnbq1rk1/pp1p1ppp/4p3/3nP3/1b1N2Q1/P1N5/1PP2PPP/R1B1KB1R b KQ - 0 8,d8a5 a3b4 a5a1 d4b3 a1c1 b3c1,2254,75,92,5096,crushing long master masterVsMaster opening sacrifice trappedPiece,https://lichess.org/vQK4PaAk/black#16,Sicilian_Defense Sicilian_Defense_Pin_Variation
HAjop,8/4kp2/1R6/3Pr1p1/2P4p/1p1B1PPP/b4K2/8 w - - 1 37,f3f4 h4g3 f2f3 g5f4 d3f1 e5e1,2250,75,82,564,advantage endgame long master,https://lichess.org/NjfuD1DT#73,
mS9UW,1k1r3r/2qnb2p/Q1n1ppb1/P2p4/3P4/1N2B3/1P3PPP/2R1NRK1 b - - 0 20,c6b4 a6e6 c7d6 e3f4,2298,78,85,191,advantage master middlegame pin short,https://lichess.org/6gdxb7bZ/black#40,
LyWLU,4r1k1/pb3pb1/1p4p1/4B3/P1pP2Q1/1nP3N1/2B2KPP/4r3 b - - 3 24,e1c1 c2g6 f7g6 g4g6 e8f8 g3f5 f8f5 g6f5,2231,88,86,49,advantage middlegame veryLong,https://lichess.org/Fs3bwHLQ/black#48,
Ja3XR,r1b2rk1/pp3pp1/q3p3/6P1/4p3/4P3/PPP2P2/R2QK2R b KQ - 0 15,f7f6 h1h8 g8h8 d1h5 h8g8 g5g6,2299,76,91,1009,advantage attraction kingsideAttack long middlegame sacrifice,https://lichess.org/K4c8CiHH/black#30,Horwitz_Defense Horwitz_Defense_Other_variations
BMxHC,1r2r3/p1Q4p/5kp1/3q1b2/8/8/1B1P2PP/K4R2 b - - 1 30,f6g5 h2h4 g5h5 g2g4 h5g4 f1g1 d5g2 g1g2,2109,126,88,27,attraction crushing middlegame veryLong,https://lichess.org/rvtxokjm/black#60,
PfMGc,8/3Q1pk1/8/3P3p/1P2P2p/2r2PqP/r5P1/5RRK w - - 0 36,d7f5 c3c2 f5h5 c2g2 h5e5 g3e5 g1g2 a2g2,2238,80,85,151,crushing endgame veryLong,https://lichess.org/sdelZNdo#71,
oO7DP,r4rk1/p1pR2pp/2p5/5p1Q/4p3/1Pq5/P4PPP/3R2K1 b - - 1 20,c3c2 d7g7 g8g7 d1d7 g7f6 h5h4,2206,78,87,75,attraction crushing endgame kingsideAttack long sacrifice,https://lichess.org/wlmuY23T/black#40,
nptXR,1kb4r/p1q2p2/8/2Np1p2/3P3p/4R1pP/PPQ3P1/6K1 b - - 3 28,f5f4 e3b3 b8a8 c5a6,2262,78,94,1091,crushing endgame short,https://lichess.org/zWEvyB3p/black#56,
RLHDQ,6k1/5rb1/4Qq2/1P1P4/4K3/4N3/8/8 b - - 0 47,g8f8 e6c8 f8e7 d5d6 f6d6 e3d5 d6d5 e4d5,2153,75,87,262,crushing endgame exposedKing master veryLong,https://lichess.org/5Ii1wcSw/black#94,
ZHT3H,4r3/4nQbk/1pq5/p3pp2/P2P4/6P1/1P3P2/3RR1K1 b - - 0 30,e5e4 g1g2 e7g8 e1h1 g8h6 h1h6,2199,119,76,27,clearance crushing exposedKing long master middlegame pin,https://lichess.org/madVTusC/black#60,
5vlxC,8/4k3/2p4N/p2p1Pp1/n2P2P1/3K3P/8/8 w - - 0 59,d3c2 e7f6 h6g8 f6f7,2187,92,91,5658,crushing endgame knightEndgame short,https://lichess.org/5nYDQPuM#117,
ozGcU,3rr1k1/2q2p2/b2p1Qp1/2pP2N1/p7/P1R4P/6P1/2R3K1 b - - 6 32,a6b7 g5e6 f7e6 c3g3,2153,102,71,33,crushing middlegame sacrifice short,https://lichess.org/O0En8BZC/black#64,
KQjj9,8/8/8/3pkpp1/6P1/4PP2/5K2/8 w - - 0 40,f2e2 f5f4 e2d3 f4e3 d3e3 d5d4,2298,78,92,2065,attraction crushing endgame long pawnEndgame,https://lichess.org/GL61SNvk#79,
zEG6h,2Nk3r/p2pqpb1/1p2pn1p/4Q3/3P1P1p/P4bP1/1P3P1P/1K1R1B1R b - - 0 21,d8c8 f1a6 f3b7 d1c1,2136,108,80,36,crushing master middlegame pin short,https://lichess.org/tm4sAEGb/black#42,
l7vQF,4Q3/pp5p/2pB2qk/5b2/2P5/PP3p2/3K2P1/4R3 w - - 9 42,d2c1 g6e8 e1e8 f3f2 c1d2 f2f1q,2163,80,91,4326,advancedPawn crushing endgame long master promotion,https://lichess.org/89mNSORw#83,
Vbr7e,1k1r3r/ppq5/8/2Pp1p2/6np/P1NP1Q2/2P2PP1/1R2R1K1 w - - 3 23,g2g3 h4g3 f3g3 f5f4,2149,88,90,407,advantage middlegame short,https://lichess.org/R93VfEa0#45,
FG7hU,8/1p2b1k1/1p2p3/3pP1pP/2pP4/P1P2K2/1P1B3R/6r1 w - - 0 32,h2g2 g1g2 f3g2 g7h6,2131,77,82,129,crushing endgame short,https://lichess.org/vsDFQlWf#63,
skJ3i,8/p5n1/1pk5/3p3p/P1pP1K1P/2P3N1/2P5/8 b - - 5 46,b6b5 a4a5 b5b4 c3b4,2261,186,80,10,crushing endgame knightEndgame master quietMove short,https://lichess.org/UadVYs3h/black#92,
sWHza,8/5ppk/p5qp/5R2/1P3Q2/5P2/P1Bp2KP/8 w - - 5 35,f5g5 g6c2 g5c5 c2g6,2110,77,79,79,crushing endgame hangingPiece short,https://lichess.org/geAp9uar#69,
HMHl5,6k1/1R1b1pbp/3qp1p1/2p5/5B2/3B1QPP/2P2P1K/r7 b - - 1 24,d7c6 f4d6 c6f3 b7b8 g7f8 b8f8,2134,130,81,12,crushing long master middlegame,https://lichess.org/Mbre4O9N/black#48,
douOP,4r1k1/ppb3pp/2p5/2PpP1n1/1P3Pq1/P3K1P1/1BQ2P2/2R4R w - - 3 31,h1h4 g4f3 e3d2 f3f2,2203,86,90,1918,advantage deflection interference master middlegame short,https://lichess.org/MF6yqHZd#61,
sWgNr,r3r1k1/ppb2pp1/2p1p2p/3nP1q1/3P4/BP1Q3P/P2N1PP1/2R1R1K1 w - - 9 22,d2c4 g5g2 g1g2 d5f4 g2f3 f4d3,2211,84,90,2394,advantage attraction fork long middlegame sacrifice,https://lichess.org/5PiQjHKa#43,
N3WV1,2r1nb1k/6pp/p7/1p4P1/3pP2P/PQ6/3PK3/1Nq1NR2 b - - 1 29,e8d6 e1c2 d4d3 b3d3,2271,86,81,29,advantage master middlegame short,https://lichess.org/P855U77d/black#58,
E4OjP,1k1rr3/1p1n1pp1/p1p3p1/4q3/1N1R4/P1Q4P/1PP5/1K1R4 b - - 1 26,b8c7 b4d5 c7b8 d5b6 d7b6 d4d8,2115,76,92,1895,advantage discoveredAttack long middlegame pin,https://lichess.org/cShKqWk5/black#52,
b376d,5rk1/ppp1q1p1/2n3P1/1N1ppr2/3P4/4BNb1/PPP1Q1B1/5RK1 w - - 1 23,f3d2 e5d4 f1f5 f8f5,2213,79,82,59,crushing middlegame short,https://lichess.org/LT263lqh#45,
ukvsA,k2q4/3R1Qpp/8/1N6/Pb6/1P4P1/1r2nPKP/2r5 b - - 2 30,d8c8 d7a7 a8b8 a7a8 b8a8 f7a7,2147,83,90,432,attraction exposedKing long mate mateIn3 middlegame sacrifice,https://lichess.org/HAqPZDlH/black#60,
LjPij,3Q4/p4ppk/6r1/2p4p/3pBP2/3Pn1Pq/PPP4P/R5K1 w - - 4 28,a1e1 f7f5 e1e3 d4e3 e4d5 g6g3 h2g3 h3g3,2157,75,91,212,advantage endgame kingsideAttack veryLong,https://lichess.org/ZYd7P9OV#55,
h5Kq5,b4rk1/2Q3pp/p3pq2/3p4/8/1B5P/PPP3P1/R6K w - - 1 24,c2c4 d5c4 c7c4 a8g2 h1g2 f6b2 b3c2 b2a1 c4e6 g8h8,2188,104,81,25,attraction crushing discoveredAttack endgame fork veryLong,https://lichess.org/lrnKH6Ef#47,
2u1hU,8/5p2/5K2/1k5p/8/8/6P1/8 b - - 1 46,b5c6 f6f7 h5h4 f7e6 c6c7 e6f5 c7d6 f5g4,2266,100,79,25,crushing endgame master pawnEndgame veryLong,https://lichess.org/n7XQrPrk/black#92,
19VF3,2kr1b1r/pp3pp1/1np1p3/q5P1/3P1BB1/R4Q1p/P1P2P1P/1R4K1 b - - 3 20,a5d5 a3a7 d5f3 g4f3,2137,79,78,40,advantage master middlegame short,https://lichess.org/g5QUm7ES/black#40,
slO9f,r1b3k1/pp1p2bp/n1pN2p1/2P5/1q1P4/1PN3P1/P2Q2PP/1B3RK1 w - - 1 21,h2h3 b4d4 d2d4 g7d4 g1h2 d4c3,2271,76,91,1622,crushing fork long middlegame,https://lichess.org/r4LYUzYZ#41,
Pdd85,r2q1rk1/pp2ppbp/5nP1/8/3B2b1/2N2p2/PPPQ4/2KR1B1R b - - 0 14,h7g6 d2h2 d8d6 d4e5,2150,104,81,21,advantage opening quietMove short,https://lichess.org/OEnAlbZR/black#28,Sicilian_Defense Sicilian_Defense_Dragon_Variation
1HPgG,rn3rk1/pbp1qppp/1p6/4N3/3Pp3/P3P3/1P3PPP/2RQKB1R b K - 1 12,f7f6 f1c4 g8h8 e5g6 h7g6 d1g4 f8f7 g4g6,2264,76,94,3434,advantage kingsideAttack middlegame sacrifice veryLong,https://lichess.org/yIFpYiUd/black#24,Queens_Indian_Defense Queens_Indian_Defense_Kasparov-Petrosian_Variation
aXm2w,r4k1r/5p2/p7/2ppP3/p3BP1q/2P1P2b/1BQ4R/6RK w - - 3 29,e4g2 h3f5 g2d5 f5c2 h2h4 h8h4,2207,77,91,916,advantage long middlegame pin,https://lichess.org/5DsI4qsa#57,
uBY61,5rk1/pp4pp/4p3/7Q/4B3/6P1/1q1r1n1P/2R2RK1 b - - 1 23,f2e4 h5f7 f8f7 c1c8 d2d8 c8d8 f7f8 f1f8,2229,76,95,2607,mate mateIn4 middlegame sacrifice veryLong,https://lichess.org/p6SDkqbs/black#46,
eQGLp,8/p6p/5KpP/5p2/k4P2/8/8/8 b - - 1 41,a4b3 f6g7 g6g5 f4g5 f5f4 g5g6 f4f3 g6h7 f3f2 h7h8q,2159,78,56,67,advancedPawn crushing endgame pawnEndgame promotion veryLong,https://lichess.org/KiiPqz27/black#82,
nuqU2,8/8/5kp1/4r1Rp/7P/5PK1/8/8 w - - 1 40,f3f4 e5g5 f4g5 f6e5 g3f3 e5f5,2120,75,94,910,crushing endgame long rookEndgame zugzwang,https://lichess.org/QIWnUx4S#79,
QzLnS,r5k1/p2Q1pp1/1p2p2p/5q2/2P5/1Pn1B3/P4PPP/4R1K1 b - - 5 27,c3a2 d7d2 a7a5 d2a2,2119,79,81,48,crushing endgame short trappedPiece,https://lichess.org/Lalclrl7/black#54,
kIdk1,r5k1/pp2pqb1/3pNn2/3P2p1/2P1np2/PP4P1/1BQ2PK1/R4R2 w - - 2 27,g3g4 f4f3 g2f3 f6d5,2129,77,86,208,advantage discoveredAttack discoveredCheck middlegame short,https://lichess.org/0mY45EcF#53,
KdNqH,3R4/ppp3pk/5r1p/8/5pr1/3P1QNq/PPP2P2/4R1K1 w - - 0 25,e1e8 f4g3 e8h8 h7g6 h8h6 g7h6,2221,75,87,423,crushing long middlegame,https://lichess.org/5QBWwUKW#49,
irNqQ,2r2r2/1bp2pkp/p3p1p1/1p2P3/3Pn2q/2PQN3/PP1N1PPP/3RR1K1 w - - 5 18,f2f3 h4f2 g1h1 f2e1 d1e1 e4f2 h1g1 f2d3,2140,80,87,141,crushing fork middlegame sacrifice veryLong,https://lichess.org/9vQSxNWN#35,Indian_Defense Indian_Defense_Wade-Tartakower_Defense
CG8f1,8/3b3p/1N1P1k2/8/5p2/1p6/1P1R3r/4K3 b - - 5 50,h2d2 b6d7 f6e6 d7c5 e6d6 c5e4 d6e5 e4d2,2103,78,93,12112,crushing endgame exposedKing fork hangingPiece veryLong,https://lichess.org/Dk8bwqR6/black#100,
n4iSH,4k2r/2p2ppp/p7/1rBn4/QpqPp3/4P3/PP1K1PPP/R6R w k - 2 20,h1d1 d5c3 a4c2 c4e2,2118,75,94,2184,advantage middlegame short,https://lichess.org/zbmwPO6M#39,
xnEno,rb2R1k1/p2n1p2/qp1P1n1p/2p3N1/5B2/P1N3P1/1PQ2PbP/6K1 b - - 1 24,g8g7 g5e6 f7e6 e8e7 g7h8 g1g2 b8d6 f4d6,2223,75,85,163,advantage middlegame sacrifice veryLong,https://lichess.org/gDxzDDK7/black#48,
ZYE4I,5r2/2Q3kp/pp1r1qp1/5p2/3Nb3/4P3/PP4PP/3R1R1K b - - 3 29,f8f7 d4f5 e4f5 c7d6 f6d6 d1d6,2119,80,92,564,advantage long middlegame,https://lichess.org/i6wjcMJX/black#58,
jsSfA,1k4r1/q4pr1/1pPp4/1Q1Pp3/1PB1Pnnp/8/6P1/4RRK1 b - - 5 41,f4g2 e1a1 g2f4 a1a7 f4h3 g1g2,2150,83,79,42,crushing long middlegame,https://lichess.org/EVYpIrci/black#82,
r5WKw,8/3k4/pKrB1Rp1/3R3p/PP5P/1r1b2P1/8/8 w - - 1 45,b6b7 d3e4 f6f7 d7e6,2130,76,89,91,advantage defensiveMove endgame short,https://lichess.org/DZnFo9qJ#89,
v2asf,5r1k/p1rn3p/bn1Nqp2/2p1PB2/3p3Q/6P1/PP3P1P/2R1R1K1 b - - 1 26,e6g8 e5e6 d7e5 e1e5 f6e5 e6e7 c7e7 h4e7,2256,78,89,201,advancedPawn advantage middlegame sacrifice veryLong,https://lichess.org/3cgxdH6w/black#52,
PRAz2,4r1k1/5pPp/pp1b2qB/2p1r3/P2p3Q/3P4/1PP3PP/R4RK1 w - - 9 29,f1f6 d6e7 a1f1 e7f6,2281,82,91,998,advantage middlegame short,https://lichess.org/OMxjPTQL#57,
oCboA,Q1b2r2/p1q1k1p1/1p2p2p/n7/4B3/2P5/P4PPP/3RR1K1 w - - 6 21,e4d5 c8d7 d5e6 f8a8,2140,75,93,2741,advantage discoveredAttack master middlegame quietMove short trappedPiece,https://lichess.org/sJChOxkf#41,
WM7RM,3r1rk1/ppp2p1p/3q2p1/1Q1Nn3/8/8/PPP3PP/3RR1K1 w - - 2 20,b5b7 d6c5 g1h1 e5g4 h2h3 g4f2,2258,76,85,78,crushing long middlegame,https://lichess.org/0ATGZTDk#39,
yoeiW,3Q4/4Pppk/7p/8/4q3/5NP1/r4PKP/8 b - - 2 39,e4e2 e7e8q e2f2 g2h3 f2f3 e8g8,2293,75,97,236,advancedPawn crushing endgame long master promotion,https://lichess.org/1FPVd1jn/black#78,
sNGXj,r5k1/4r1p1/1p3nq1/2pPpR1p/2P2R2/2P3PP/3NQ2K/8 w - - 0 38,f5e5 e7e5 e2e5 a8e8 f4f6 g7f6,2204,75,94,4155,crushing long master middlegame,https://lichess.org/NH25zkB4#75,
tNRSE,3q1k2/p4bp1/1b3p2/5Q2/6P1/4pP2/P3P1K1/7R b - - 7 39,d8e8 h1h8 f7g8 f5d5 e8f7 d5a8,2160,84,91,934,advantage endgame long pin,https://lichess.org/OjtU8AqQ/black#78,
aLVOK,4R3/P7/1K6/6p1/7p/4pk2/r6P/8 w - - 2 61,a7a8q a2a8 e8a8 g5g4 b6c5 e3e2,2196,178,0,7,advancedPawn advantage endgame long quietMove,https://lichess.org/LZa2kfeE#121,
KoP4I,6k1/1p6/2p1pp2/6pP/p1P3P1/P4P2/1P6/3K4 b - - 0 32,f6f5 c4c5 f5g4 f3g4,2153,91,87,60,crushing endgame master pawnEndgame quietMove short,https://lichess.org/fG6xejuq/black#64,
cbBSy,3r2k1/pp3R1R/3p4/2p3q1/2Pp1b2/3Pn2P/PP3Q2/7K b - - 3 31,d8f8 f7f8 g8f8 h7h4 f8e7 h4f4,2298,76,93,161,advantage long middlegame,https://lichess.org/0cfadM1X/black#62,
yvLlc,4r1r1/4P1k1/1pQ2p2/3p4/3P4/2P3q1/1P1N2P1/4R1K1 w - - 1 38,d2f3 g7h7 e1e2 g3f3,2187,76,82,133,crushing endgame pin short,https://lichess.org/I7p0kKWJ#75,
lv5CF,r2q1rk1/2p2ppp/p7/2p5/PP1b2b1/3R1N2/4RPPP/2BQ2K1 b - - 0 17,d8d6 b4c5 d6g6 f3d4,2137,76,81,169,advantage capturingDefender middlegame short,https://lichess.org/k5K8RLcz/black#34,Ruy_Lopez Ruy_Lopez_Classical_Variation
vF3IN,r1r2nk1/5p1p/3p2pQ/p3p1N1/8/P1q1P3/2P3PP/R4RK1 w - - 0 20,f1f7 c3a1 f7f1 a1f1,2105,78,84,77,advantage hangingPiece kingsideAttack middlegame short,https://lichess.org/uOSZ2CzN#39,
m69lL,r5k1/1R3p1p/6pP/2b5/2PpPBb1/2nB4/2PK1R2/8 w - - 3 33,e4e5 a8a1 b7b8 c5f8 f2f1 c3e4 d3e4 a1f1,2210,75,86,143,crushing deflection middlegame quietMove veryLong,https://lichess.org/73qfw6Pd#65,
8CDxH,r1b1r1k1/p3bppp/2p2n2/1pPpN1B1/5P2/q1PB3P/P5P1/R2Q1R1K b - - 0 17,a3c5 g5f6 e7f6 d3h7 g8f8 d1h5,2213,88,91,870,advantage kingsideAttack long middlegame,https://lichess.org/42RPj2kL/black#34,Russian_Game Russian_Game_Nimzowitsch_Attack
xrGbK,rnb1k2r/2qpbppp/4pn2/1N4B1/4P3/5Q2/PPP2PPP/2KR1B1R b kq - 0 10,c7a5 e4e5 f6d5 g5e7,2240,97,62,40,advantage opening short,https://lichess.org/HFiYkUKr/black#20,Sicilian_Defense Sicilian_Defense_Kan_Variation
4iTtJ,r4r2/6pk/p2Pbp2/1p6/2q5/4QR2/6PP/B4R1K b - - 1 27,a8d8 f3f4 d8d6 f4c4,2159,75,84,192,crushing master middlegame short,https://lichess.org/xiMcvzym/black#54,
dDBUF,5rk1/pp2bpp1/2p1b3/8/Q3N1q1/2P3N1/PP3PPP/3r1RK1 w - - 0 22,f1d1 f7f5 f2f3 g4h4 a4a7 f5e4,2273,87,38,38,advantage long middlegame,https://lichess.org/gDiu1adl#43,
kvzSD,rn2kb1r/ppp1pppp/5n2/q4b2/2P5/1QNP4/PP3PPP/R1B1KBNR b KQkq - 0 6,e7e6 b3b7 f8b4 c1d2,2208,206,0,7,advantage defensiveMove opening short,https://lichess.org/uBO9IgqD/black#12,Scandinavian_Defense Scandinavian_Defense_Mieses-Kotroc_Variation
jAqSk,r2q1rk1/pp3ppp/2nbpn2/3pP3/3P4/3B1b2/PP1N1PPP/R1B1QRK1 b - - 0 11,c6d4 d2f3 d4f3 g2f3 d6c7 e5f6,2186,87,89,1675,advantage long opening,https://lichess.org/k9jEPA6a/black#22,Queens_Pawn_Game Queens_Pawn_Game_Colle_System
gKwor,r2qr1k1/ppp4p/3pb1pB/4b3/4N3/8/PPP2PPP/R2QR1K1 w - - 0 15,d1f3 d8h4 h6f4 h4f4 f3f4 e5f4,2136,75,93,5882,crushing long middlegame,https://lichess.org/WuHzqkln#29,Dutch_Defense Dutch_Defense_Other_variations
hjido,4Q3/2Rr4/3Pk1p1/1b2pp1p/1q5P/5P2/6PK/8 b - - 3 43,e6d6 c7d7 b5d7 e8f8 d6d5 f8b4,2233,114,81,35,crushing endgame long master skewer,https://lichess.org/83eOKqXK/black#86,
kslHK,8/6Kp/7P/6nR/5kp1/8/8/8 w - - 5 50,h5g5 f4g5 g7h7 g4g3 h7g8 g5h6,2120,79,90,130,crushing endgame long,https://lichess.org/4KNc26MG#99,
NX0un,6r1/pk6/1pp1p3/3r4/1PP1Q3/P6P/5qPB/4R2K b - - 0 40,d5d4 e4h7 b7a6 b4b5 c6b5 c4b5 a6b5 e1b1 b5a6 h7g8,2178,81,91,297,advantage attraction endgame fork veryLong,https://lichess.org/LuR9z2ls/black#80,
JTicr,5B2/1R4pp/4rpk1/3n4/1pp3P1/5K2/5P2/8 b - - 2 48,b4b3 b7g7 g6h6 g7g8,2145,76,99,139,discoveredAttack endgame mate mateIn2 short,https://lichess.org/onbz6OjO/black#96,
3MDio,8/6k1/2R5/2p1K3/2P4r/3nN3/8/8 w - - 4 51,e5d5 h4d4 d5e6 d4e4,2169,75,94,5157,crushing endgame master short,https://lichess.org/Oj6KATu8#101,
U4Lqy,r3k2r/pp2bppp/3p1q2/2pb4/7P/K1P3P1/PP2Q3/RNB1R3 b kq - 1 22,b7b5 e2b5 e8f8 c1g5 f6g6 g5e7,2183,85,91,262,crushing long middlegame,https://lichess.org/IUwF2JWn/black#44,
XnH0P,r2r2k1/bbq2ppp/p1n1pn2/8/NP1N4/P3P3/1B2BPPP/R2Q1RK1 w - - 1 16,d1c2 a7b8 d4f3 c6d4 c2c7 d4e2 g1h1 b8c7,2290,82,79,123,advantage intermezzo middlegame quietMove sacrifice veryLong,https://lichess.org/zp0kHP09#31,Tarrasch_Defense Tarrasch_Defense_Symmetrical_Variation
JcVds,1k2r3/pnp5/1pn2q2/3p2pR/3P2P1/1P1Q4/PBP3B1/1K6 w - - 0 35,g2d5 e8e1 b2c1 f6f4,2134,77,88,63,crushing middlegame pin short,https://lichess.org/E5vsmOQS#69,
9VXdE,8/3k1p2/3P2p1/4PPP1/b6P/6K1/8/8 b - - 0 93,g6f5 g3f4 a4d1 f4f5,2178,79,85,95,bishopEndgame crushing endgame short,https://lichess.org/BAbOXsX4/black#186,
wqGhk,8/1b2k1p1/p3pp2/7Q/7R/3q1PPP/PP6/5K2 w - - 7 39,f1e1 d3e3 e1d1 b7f3 h5f3 e3f3,2292,77,87,179,crushing endgame exposedKing fork long,https://lichess.org/1g8AKhLI#77,
d5bgz,2rk3r/1R4R1/2pPpn1p/8/p2P2P1/P7/KP6/8 b - - 0 33,h8g8 b7d7 f6d7 g7g8 d7f8 g8f8 d8d7 f8c8,2198,88,90,846,crushing deflection endgame exposedKing veryLong,https://lichess.org/OTUmPziR/black#66,
nhAfc,7k/p3Q3/1p6/3K2p1/3P2p1/P5R1/2r4P/3q4 b - - 0 39,d1f1 e7e5 h8h7 e5e4 h7h6 e4c2,2157,79,87,53,crushing endgame exposedKing fork long,https://lichess.org/CcsyDMxo/black#78,
MKDZC,7r/p2rkpp1/1pQ1p3/3N4/1P5p/P7/6qP/1KR1R3 b - - 0 27,d7d5 c6b7 e7f6 e1f1 f6g6 f1g1,2289,77,90,548,advantage endgame long pin,https://lichess.org/1HWKiTDb/black#54,
znPsM,r4r2/p3ppkp/6p1/1p4Qn/3PpqN1/2P5/PP3PPP/R3K2R w KQ - 3 20,g5h4 h5f6 g2g3 f4g4 h4g4 f6g4,2128,90,72,32,advantage long middlegame,https://lichess.org/5wSvXudv#39,
51raa,2r1r1k1/pp3ppp/5p2/7b/q3P2P/1BP1QP2/2K2P2/3R2R1 b - - 4 24,a4a5 d1d5 b7b5 d5h5,2166,256,53,9,crushing interference middlegame short,https://lichess.org/NXkovJyT/black#48,
GWUSV,4k3/8/pR3K1p/5Pp1/1P4r1/8/8/8 b - - 2 47,e8d7 f6g7 g4f4 f5f6 g5g4 f6f7,2209,80,87,144,advancedPawn crushing endgame long rookEndgame,https://lichess.org/xQWjtUhl/black#94,
eNGbq,r7/1ppb1k1p/p2p3q/3Pp3/1P2Pp2/P7/4B1QP/6RK b - - 11 28,d7h3 e2h5 h6h5 g2g7 f7e8 g7h8 e8e7 g1g7,2224,132,67,18,crushing endgame exposedKing sacrifice veryLong,https://lichess.org/pGrxyJcP/black#56,
7mpw9,5rk1/pp1bq3/4p1Np/3pP1p1/1P6/P2B2Q1/5bPP/2R4K b - - 3 26,e7f7 g3h3 f8c8 c1c8 d7c8 h3h6,2108,145,76,25,advantage exposedKing long middlegame,https://lichess.org/AG2pkkuW/black#52,
jh1tm,8/5p2/8/P7/2P1Pbk1/8/8/7K b - - 0 41,g4f3 c4c5 f3e4 a5a6 f4b8 c5c6,2147,79,83,68,bishopEndgame crushing endgame long quietMove,https://lichess.org/9hvwd9nV/black#82,
GmO4Y,r4rk1/1p3pp1/1Nn2n1p/p2p4/3Pp1q1/PQ2P1P1/1P1B1PKP/2R2R2 w - - 2 18,b6a8 g4f3 g2g1 c6d4 e3d4 f3b3,2113,76,95,1977,advantage long middlegame,https://lichess.org/0Ixg8j3v#35,English_Opening English_Opening_Kings_English_Variation
ynwQg,5rk1/2pb3p/6pP/3P2R1/2p1P3/qB4Q1/6P1/6K1 b - - 1 41,c4b3 g5g6 g8f7 g6g7 f7e8 g3c7,2295,82,90,375,crushing endgame long,https://lichess.org/cfyfmayX/black#82,
KtCpE,r3r1k1/5p2/p2p1P2/2pPn2p/2P5/6R1/P5P1/1B2R2K b - - 1 37,g8f8 e1e5 e8e5 b1h7 e5e1 h1h2 f8e8 g3g8,2264,79,81,69,crushing endgame quietMove sacrifice veryLong,https://lichess.org/QkbL5CgB/black#74,
Xtll4,r1b1r1k1/ppqn1pp1/3bp3/3pP2Q/5B1P/2P2N2/PP3PP1/R3K2R b KQ - 0 15,d6e7 f3g5 e7g5 h4g5 g8f8 g5g6,2128,76,91,3089,crushing long middlegame,https://lichess.org/UfHRiaTa/black#30,Horwitz_Defense Horwitz_Defense_Other_variations
U7uce,5Q2/P1pk1p2/2p1p3/4Pq2/2PP4/2K5/8/8 b - - 7 44,f5f3 c3b4 c6c5 f8c5,2241,76,85,205,crushing defensiveMove endgame queenEndgame short,https://lichess.org/ZYieWO9K/black#88,
5tuGY,6k1/5p1p/p2q2pB/4p3/8/1P3bPP/P4Q1K/8 b - - 1 36,d6d5 f2b6 d5a8 b6f6 a8f8 h6f8,2141,77,84,111,crushing endgame long,https://lichess.org/SWhLecdM/black#72,
EHb20,5r2/q4kb1/r3p1p1/2ppP1P1/1p1n1PB1/1P1N4/P2R3Q/1K5R b - - 8 33,f8h8 h2h8 g7h8 h1h8,2103,76,91,418,crushing master middlegame short,https://lichess.org/67yIOGAS/black#66,
rBa5P,8/ppk5/2p1b2p/4Qpp1/4p3/Pq1rP3/4NPPP/2R1K3 b - - 5 30,d3d6 e2d4 b3d5 d4b5 c7b8 e5d6 d5d6 b5d6,2133,93,64,23,crushing deflection endgame pin veryLong,https://lichess.org/2cVbYdmk/black#60,
ew1ia,8/8/2K5/4k3/1P2n1pp/7P/2N5/8 w - - 0 56,h3g4 h4h3 c2e1 e5f4,2180,82,91,4096,crushing endgame knightEndgame short,https://lichess.org/YHkwggNC#111,
2Iv7R,8/8/8/1kp2Rp1/p5P1/Pp1K3P/1n6/8 w - - 0 53,d3e2 b2c4 e2d3 c4a3,2169,79,85,450,crushing endgame short,https://lichess.org/p65786QQ#105,
UH9FJ,1kr5/pbpQRp2/1p1P4/6p1/1qP5/6P1/4BK2/3R3r b - - 2 30,h1d1 d6c7 b8a8 d7c8 b7c8 e2f3 d1d5 f3d5 c8b7 c7c8q,2234,87,91,424,advancedPawn fork mate mateIn5 middlegame pin promotion sacrifice veryLong,https://lichess.org/Itnw4IBV/black#60,
5unmC,3k4/6pp/1p6/p5P1/P3P3/2K2P2/8/8 w - - 0 45,c3c4 h7h5 g5h6 g7h6 c4d5 h6h5 d5e6 h5h4,2282,78,91,2148,advantage defensiveMove endgame pawnEndgame quietMove veryLong,https://lichess.org/GV8sCIhT#89,
yqHRP,8/2Q3kp/5p2/5P2/4K2P/1q6/8/8 b - - 4 50,b3f7 c7f7 g7f7 e4d5 f7e7 d5c6,2105,75,95,497,crushing defensiveMove endgame long master queenEndgame,https://lichess.org/ZWd8sRQr/black#100,
Svhlk,5rqk/1pp4P/4rn2/p2ppR2/P3P3/1BPP1NP1/1P3PK1/7R b - - 0 33,f6h7 b3d5 f8f5 e4f5,2215,90,90,2818,crushing middlegame short,https://lichess.org/muuJVRgP/black#66,
zXa5f,r2q2k1/2p2ppp/2p1rn2/8/4P3/b1NP1P2/2PB2PP/R3QRK1 w - - 0 18,d2c1 a3c5 c1e3 a8a1,2104,78,95,1275,advantage discoveredAttack middlegame short,https://lichess.org/fcAww5cM#35,Petrovs_Defense Petrovs_Defense_Other_variations
OtDmc,8/2k5/4Pp2/3K1p2/3B4/bp6/6PP/8 w - - 2 46,h2h4 b3b2 d4b2 a3b2 h4h5 b2c1 e6e7 c7d7 e7e8q d7e8 d5e6 c1g5 e6f5 e8f7,2150,76,94,2087,advancedPawn bishopEndgame crushing defensiveMove endgame master quietMove veryLong,https://lichess.org/BjIUdi8r#91,
ASbF9,8/p5pk/1p2R2p/5p2/2Q5/P1P2NqP/1P4P1/3r3K w - - 1 34,f3g1 g3f2 h1h2 f2g1 h2g3 f5f4,2155,76,87,84,crushing endgame long,https://lichess.org/VR9BzBOk#67,
4YJ7l,r4r1k/pppq2pp/8/2p5/2QnB1n1/2N2N2/PP3PPP/R1B3K1 w - - 4 18,c4c5 d4e2 g1f1 e2c3 c5c3 d7d1 c3e1 d1e1 f1e1 a8e8,2183,77,87,124,advantage kingsideAttack middlegame pin veryLong,https://lichess.org/wmstZpkw#35,Italian_Game Italian_Game_Classical_Variation
ndEHe,5rk1/5r2/p2p3p/1p4pq/2P2b2/PP1P1N1P/4Q1P1/R4R1K w - - 0 27,f3d4 f4e5 f1f7 h5f7 a1d1 e5d4,2234,75,92,2871,crushing long middlegame,https://lichess.org/JWPQrLqU#53,
iclta,2rr2k1/pp3p2/1qb1p2p/4P1p1/2PP3B/1P1Q2R1/P5PP/R5K1 w - - 2 23,a1d1 d8d4 d3d4 c8d8 d4b6 d8d1 g1f2 a7b6,2182,77,87,719,advantage fork intermezzo middlegame sacrifice skewer veryLong,https://lichess.org/aVsZQX7Z#45,
nv7O4,r3r1k1/pQ3ppp/3N1n2/1p4q1/3p4/1P1n4/P3BPPP/1R3K1R b - - 1 23,d3c5 b7f7 g8h8 f7e8 a8e8 d6f7 h8g8 f7g5,2202,77,95,5886,crushing fork middlegame sacrifice veryLong,https://lichess.org/eYsQSgAx/black#46,
XzqTp,r1bk3r/3nq1b1/pp2p1Bp/3pP3/3Q4/7P/5PPB/1RR3K1 b - - 1 23,a8b8 h2g3 d7e5 g3e5,2203,79,90,1059,advantage master middlegame quietMove short,https://lichess.org/N6nOsL5k/black#46,
ir8at,8/p1r1ppkp/4b1p1/1Qq5/2PrP3/5B1P/P1R2PP1/2R3K1 b - - 6 27,d4c4 b5b2 f7f6 c2c4,2141,84,92,1070,advantage intermezzo master middlegame short,https://lichess.org/mFoEVHTX/black#54,
2IW6B,8/5p2/p4kp1/1p6/1P1qp1PP/P7/2Q1K3/8 b - - 0 43,f6e5 c2c5 d4c5 b4c5 a6a5 h4h5 g6h5 g4h5,2206,79,69,61,crushing endgame queenEndgame veryLong,https://lichess.org/yacDUULa/black#86,
W2Vez,2r2rk1/p4q1p/2p1p1p1/8/3BnP2/1P5R/P1P3PP/4Q1K1 b - - 4 23,e4d6 e1e5 f7f6 e5f6 f8f6 d4f6,2212,76,93,294,advantage long middlegame,https://lichess.org/gqjJBZNM/black#46,
JHC9J,5r1k/7p/4pp2/3p1n2/3P1PRN/3bP2Q/1qrN3P/6RK b - - 1 32,f5h4 h3h4 d3e4 d2e4,2115,85,75,30,crushing master middlegame short,https://lichess.org/I3P08XAP/black#64,
9P7Jw,r2q1rk1/pbp2pp1/1p2pn2/6p1/2BP4/2B4Q/PPP2RPP/5RK1 b - - 5 15,f6e4 f2f7 f8f7 h3e6,2249,97,90,2212,capturingDefender crushing middlegame sacrifice short,https://lichess.org/TwZ7G9ym/black#30,French_Defense French_Defense_Winawer_Variation
aeJbx,r3k2r/1pp1qp2/p1np1n1p/6p1/2BbP3/P1N2QB1/1P3PPP/2KRR3 b kq - 3 15,e8c8 c3d5 f6d5 e4d5 c6e5 f3f5 c8b8 d1d4,2239,79,84,112,advantage middlegame veryLong,https://lichess.org/lN4oqvyL/black#30,Italian_Game Italian_Game_Classical_Variation
fXfuH,3k4/8/4P1p1/4K2p/5P2/2R5/2p4r/8 b - - 1 54,h5h4 e5f6 h2e2 f6f7 h4h3 c3c2 e2c2 e6e7 d8c7 e7e8q,2188,89,84,37,advancedPawn crushing deflection endgame exposedKing promotion rookEndgame sacrifice veryLong,https://lichess.org/cI2G7kXn/black#108,
egwI6,8/8/1pp5/p2k4/8/PPP2K2/8/8 w - - 3 62,f3e2 a5a4 b3a4 d5c4 e2d2 c4b3,2104,79,91,302,crushing endgame long pawnEndgame,https://lichess.org/BwNfMKMK#123,
LLRBU,8/4k3/1p1P4/p1p1P3/P7/1PKR4/3N2rr/8 b - - 0 61,e7d7 e5e6 d7e6 d6d7 g2d2 d7d8n,2128,86,90,3781,advancedPawn advantage endgame long master promotion sacrifice underPromotion,https://lichess.org/NQa8LbD3/black#122,
Z8pVi,4rk2/1p2p2Q/p2p2p1/q7/4P1b1/3B4/P3K3/RNR5 w - - 0 27,e2e3 a5g5 e3f2 g5f4,2139,75,88,70,crushing middlegame short,https://lichess.org/O9LWqeG6#53,
v8M0d,3r3k/p4Qp1/7p/2p1P3/5P2/2P1q1P1/6K1/5R2 w - - 2 53,f7c4 d8d3 c4d3 e3d3,2224,86,90,154,crushing endgame short,https://lichess.org/LnYKxDrq#105,
0oD99,8/p7/3p4/1PpP4/4k3/P1P5/b1K5/5B2 b - - 0 47,a2d5 f1g2 e4e5 g2d5 e5d5 c2b3 c5c4 b3b4,2271,82,91,3183,bishopEndgame crushing endgame master masterVsMaster veryLong,https://lichess.org/xaaQ3wS1/black#94,
5Rzla,2krr3/ppp2ppp/5nb1/q4P2/1bB3P1/2N1BQ1P/PPP5/R4RK1 b - - 4 16,b4c3 b2c3 a5c3 c4d3,2210,79,86,71,advantage defensiveMove middlegame short,https://lichess.org/Gn5CZXtM/black#32,Scandinavian_Defense Scandinavian_Defense_Main_Line
Zfsnl,5r1k/8/p2Q2p1/1pp1n2n/4R3/2PP3P/PP2N1B1/4q2K w - - 1 31,h1h2 e5f3 g2f3 f8f3,2181,80,88,461,advantage middlegame short,https://lichess.org/qUJvNDWa#61,
J1tP7,r1b2rk1/ppp1qpp1/3p3p/2bNn3/2B1P1n1/5NB1/PP3PPP/R2QR1K1 b - - 5 13,e5f3 g2f3 e7g5 f3g4,2111,75,91,1453,advantage opening short,https://lichess.org/riSWAtV4/black#26,Italian_Game Italian_Game_Anti-Fried_Liver_Defense
RM298,8/4k2B/K6p/Pp2n1p1/2p3P1/8/8/8 b - - 0 52,e5g4 a6b7 g4f6 a5a6 f6h7 a6a7,2142,79,91,1468,advancedPawn advantage endgame long sacrifice,https://lichess.org/fYEj9O5B/black#104,
QwouZ,r4rk1/p4ppp/1p3n2/1q2bNB1/4P3/3R1Q1R/PP4PP/7K b - - 0 22,b5b2 f5e7 g8h8 g5f6 b2c1 d3d1,2162,81,91,572,crushing long middlegame,https://lichess.org/1STyE801/black#44,
SDfyJ,8/8/1kp1p3/3pP1p1/1KPP2P1/8/8/8 b - - 0 53,b6b7 c4d5 c6d5 b4b5 b7c7 b5c5,2119,77,95,86,crushing endgame long pawnEndgame zugzwang,https://lichess.org/hrJCWNAG/black#106,
KrpPB,1r2r1k1/p1p3pp/8/5b2/1Np5/2R5/PPp2PPP/2R3K1 w - - 4 25,c3c4 b8b4 c4b4 e8d8,2179,78,88,77,crushing defensiveMove endgame sacrifice short,https://lichess.org/mpDwPZ0l#49,
wH0gK,6k1/5pp1/p1R1b2p/Pp6/1P2BQ2/6PP/3r1P1K/4q3 w - - 9 36,h2g2 d2f2 f4f2 e1e4 f2f3 e4f3 g2f3 e6d5 f3e2 d5c6,2236,81,90,251,attraction crushing deflection endgame fork veryLong,https://lichess.org/WR812aJz#71,
flvwv,r7/3k2bp/8/2p5/2Pp4/2B5/rP2B1PP/1K1R3R w - - 4 24,c3d2 d4d3 e2g4 d7c7 d2f4 c7b6 f4c7 b6c7 d1d3 a2b2 b1c1 a8a1,2217,86,90,1095,defensiveMove master mate mateIn5 middlegame veryLong,https://lichess.org/skh3EX2o#47,
BjLmY,2r5/2P1k1Bp/5p2/2R5/1pn5/r3P3/5PPP/2K4R w - - 0 26,c1b1 a3b3 b1c2 b3c3,2246,77,93,500,advantage endgame short,https://lichess.org/lQp6dul1#51,
1POKC,2kr4/1ppq2p1/pbp1p3/3n4/6Nr/2PP1Qp1/PP3PP1/RNB1R1K1 w - - 0 19,c1g5 h4g4 f3g4 g3f2,2117,81,79,35,advancedPawn crushing deflection kingsideAttack middlegame short,https://lichess.org/rN4aYmzf#37,Ruy_Lopez Ruy_Lopez_Morphy_Defense
bJaUR,5rk1/1qp3p1/p2pP2p/1p2p3/2Q4P/6P1/PP3P2/R3R1K1 w - - 0 26,e6e7 b5c4 e7f8q g8f8,2144,75,86,181,advantage endgame short,https://lichess.org/9u57RIvV#51,
GB13d,8/2k5/8/PPpB1KP1/2P5/7r/4b3/8 b - - 2 45,e2d3 f5g4 h3h7 b5b6 c7b8 a5a6,2243,94,91,948,crushing defensiveMove endgame exposedKing long,https://lichess.org/g1MdXJld/black#90,
d8xq3,8/5p1p/3n4/p5p1/1pp2kP1/2P4P/PP1K1PB1/8 b - - 0 31,d6e4 g2e4 f4e4 c3b4 a5b4 a2a3 b4a3 b2a3,2200,84,88,620,crushing endgame veryLong,https://lichess.org/9H9SE6U9/black#62,
E9Oj0,1r1q1r2/1p4bk/p1npB1pp/2p5/6Q1/P1PP4/1P1B2PP/R4RK1 w - - 5 23,e6f7 c6e5 g4e6 d8c7 f7g6 e5g6,2159,91,87,31,crushing long middlegame,https://lichess.org/RAw9kSXf#45,
PTQcz,r1bqr1k1/6p1/7p/pp1nN2Q/5p2/3P2N1/1PP2PPP/2B1R1K1 b - - 1 19,e8e5 e1e5 d5f6 h5f3,2198,90,84,44,advantage hangingPiece master middlegame short,https://lichess.org/eL95RR17/black#38,
MmseL,1k2r3/p4p1p/1b1q2p1/8/R2p1P2/3Q2P1/7P/1R4K1 w - - 2 32,a4d4 e8d8 g1f1 d6d4 d3d4 d8d4,2188,74,92,6592,crushing endgame intermezzo long pin quietMove,https://lichess.org/pPJDWTd6#63,
RZdJm,8/5pp1/4k3/p3P2P/1pP1K3/1P6/8/8 b - - 2 41,f7f6 e5f6 e6f6 e4d4 g7g5 h5g6,2200,132,83,19,crushing enPassant endgame long pawnEndgame,https://lichess.org/ilHdoZSW/black#82,
wrF6f,r1b1k2r/pp3p1p/n4p2/q2p4/1b6/1RNQPN2/2P2PPP/4KB1R b Kkq - 5 13,a6c5 d3b5 c8d7 b5b4 c5b3 b4b3 a8c8 e1d2,2206,84,89,988,advantage defensiveMove middlegame veryLong,https://lichess.org/FPV05YiZ/black#26,London_System London_System_Poisoned_Pawn_Variation
2Hpjj,1k1r3r/1pp2Qb1/3p3p/4p1p1/4P3/P1R2N1P/2P5/2K1Bq2 b - - 3 30,h8g8 f7c7 b8a8 c3c4 f1c4 c7c4,2186,74,96,517,advantage long middlegame queensideAttack quietMove,https://lichess.org/PYjfu6MD/black#60,
4APlC,r7/2Q2kb1/p5p1/1P1qpp2/8/1P5p/P2P1PbP/2R2RK1 b - - 0 25,f7f6 c1c6 d5c6 b5c6,2235,76,91,1353,crushing middlegame short,https://lichess.org/mY29jEm1/black#50,
uk513,r4rk1/ppp2p1p/2bbp1pQ/3q2B1/8/2PB1PP1/PP5P/R4RK1 b - - 0 17,d5d3 g5f6 d6c5 g1g2 d3d2 h6d2,2277,82,100,39,advantage defensiveMove long middlegame quietMove,https://lichess.org/Z9OB2T1I/black#34,French_Defense French_Defense_Rubinstein_Variation
eErHJ,5r1k/2R3pp/1p3q2/4p3/1P1p4/6n1/1BQ2P2/5RK1 w - - 0 30,c7c6 f6f3 f2g3 f3f1 g1h2 f8f2 c2f2 f1f2,2163,84,91,149,crushing fork middlegame veryLong,https://lichess.org/4FYeFSMm#59,
7LcZ1,5r2/r4p1k/2p3p1/pp1bP2P/3P3R/R2P2KP/1P3Q2/3q4 b - - 0 34,d5e6 h5g6 h7g8 g6g7,2155,84,91,4439,advancedPawn crushing discoveredCheck doubleCheck middlegame short,https://lichess.org/xABAPHee/black#68,
zGWHr,2k3r1/ppqn4/2p2p1b/2P1p3/1P2N3/P3P1Pr/5P1P/R2Q1RK1 b - - 1 22,f6f5 e4d6 c8b8 g1g2 d7f6 g2h3,2150,76,84,88,crushing long middlegame trappedPiece,https://lichess.org/0F6EbtyN/black#44,
R9gWO,4qr1k/1b1nb1p1/pp5p/8/Pn1PP3/1QN1BP2/1P4PP/3R1RK1 w - - 2 19,b3e6 e7g5 e6e8 g5e3 g1h1 f8e8,2142,80,91,866,advantage long middlegame sacrifice,https://lichess.org/2ow8xzL6#37,
uEcj7,8/6Rp/8/3P4/p4k2/K1P3p1/1P5r/8 b - - 0 42,h2h4 d5d6 h4h6 d6d7 h6d6 c3c4,2154,77,91,550,advancedPawn advantage defensiveMove endgame long rookEndgame,https://lichess.org/bP5ifBqf/black#84,
vNv3d,3r1rk1/5pp1/5b1B/p1p2P2/PpBqP3/3P2Q1/7P/6RK b - - 2 33,g8h8 h6g7 f6g7 g3h4 h8g8 f5f6 d4g1 h1g1 g7f6 h4f6,2153,77,94,1169,advantage fork middlegame sacrifice veryLong,https://lichess.org/cHYIKZGf/black#66,
LUYCB,6k1/6pp/8/1p6/8/p2K4/n1P2PPP/4N3 w - - 0 32,c2c4 a2b4 d3c3 a3a2 c3b2 b5c4,2275,86,91,888,advancedPawn crushing endgame knightEndgame long,https://lichess.org/Qgi4DlgQ#63,
ZeHtf,B1b2rk1/2q3bp/p5p1/1p4N1/3p4/P2Pp2P/1PP3K1/R1BQR3 w - - 0 22,a8f3 c7f4 c1e3 d4e3 f3d5 g8h8,2231,120,95,59,defensiveMove equality long middlegame,https://lichess.org/XMQ9MBEb#43,
yaqe1,r2q1rk1/2p1bpp1/p2p1n1p/1p3P2/2n4B/1BN5/PPP2PPP/1R1QR1K1 b - - 1 15,c4a5 e1e7 d8e7 c3d5 e7e4 h4f6,2140,80,91,1334,crushing long opening sacrifice,https://lichess.org/guAPUOrs/black#30,Ruy_Lopez Ruy_Lopez_Berlin_Defense
fXc5h,8/8/kP2p2p/p1KpP1p1/P5P1/7P/8/8 w - - 1 41,b6b7 a6b7 c5b5 b7c7,2297,91,91,170,crushing defensiveMove endgame pawnEndgame short,https://lichess.org/e2NnXm97#81,
ZD2Fl,1nk3rr/1p6/1Pqb1p2/3Q4/2PP4/4R1Pp/P4P1N/2R3K1 b - - 0 31,d6f4 d5f5 b8d7 d4d5 c6b6 f5f4,2290,80,86,61,advantage fork long middlegame pin,https://lichess.org/rpi6CS5q/black#62,
XxkUz,1r4k1/p2rqpbp/2pp1np1/4p1B1/4P2Q/PBNR4/1PP2PPP/6K1 b - - 6 19,e7d8 d3f3 h7h6 g5f6 g7f6 h4f6 d8f6 f3f6 g8g7 f6f3,2202,76,86,137,advantage middlegame veryLong,https://lichess.org/KZP7BTKD/black#38,Sicilian_Defense Sicilian_Defense_Other_variations
Xyhp8,2r3k1/pp1n1p1p/2q1p1p1/3p2NP/3P4/1P2P1P1/P1rRQP2/3R2K1 b - - 0 22,d7f6 e2f3 c2d2 d1d2,2131,76,85,541,crushing middlegame short,https://lichess.org/VqjPiEtj/black#44,
fPdk2,R7/4q1rk/2p5/1pNP1b2/1P2p3/1P2P1p1/6P1/Q5K1 w - - 2 42,g1f1 e7h4 f1e1 h4h1 e1d2 h1g2,2256,82,90,522,crushing endgame long master masterVsMaster quietMove,https://lichess.org/6eTPmsuG#83,
AOjwl,1r3rk1/2p2p1p/p2q2p1/3p1p2/1n1P3P/N4N2/1PPQP1R1/2K3R1 w - - 0 20,h4h5 b4a2 c1d1 b8b2 h5g6 f7g6,2265,128,100,30,deflection discoveredAttack equality long middlegame,https://lichess.org/e2w80upI#39,
A0GHy,8/6k1/1p2p3/pP1pP1p1/P1pP1pP1/2P2P2/2K2q2/3Q4 w - - 35 61,c2c1 f2a2 d1c2 a2a1 c1d2 a1f1,2194,84,84,62,crushing endgame exposedKing long queenEndgame zugzwang,https://lichess.org/9bS2J3di#121,
PyV9e,5b2/p1R2Rp1/1p5k/3p1Bp1/1P3rP1/P5K1/4r2P/8 b - - 4 34,f8d6 f7f6 g7g6 f6g6,2151,78,87,534,endgame mate mateIn2 operaMate short,https://lichess.org/zukTPmVr/black#68,
7X9oO,1r4k1/p3R1pp/2p5/3p1b1n/8/2P2PB1/P2N1P1P/6K1 w - - 0 24,e7a7 b8b2 d2f1 f5h3 a7a8 g8f7,2274,89,90,739,advantage defensiveMove endgame long,https://lichess.org/oHpDlMXL#47,
P3cTX,1k4q1/r3n3/p2p1Q2/1p4r1/6P1/1P5P/P6K/2R2R2 b - - 0 35,e7c8 c1c8 b8c8 f6d6 a7c7 f1f8 g8f8 d6f8,2272,86,90,115,advantage exposedKing fork middlegame veryLong,https://lichess.org/DuZ2aO7Z/black#70,
OuQAJ,8/6pk/1p5p/5p2/2PP4/4q2P/6P1/3Q3K b - - 0 40,e3c3 d4d5 c3c4 d5d6 c4c8 d6d7 c8d8 d1d5,2257,78,93,5110,advancedPawn crushing endgame queenEndgame quietMove veryLong,https://lichess.org/PJIoor9S/black#80,
LoLvK,8/pk6/5p2/4p1p1/PN1p1nPp/8/7K/2R5 w - - 2 50,c1c6 a7a5 c6c4 a5b4,2100,77,86,412,crushing endgame short,https://lichess.org/CPZeIa0M#99,
HbGLt,8/2k2pp1/p3p2p/1p1pPPP1/3P3P/PP6/4K3/8 b - - 0 29,h6g5 f5e6 f7e6 h4h5,2104,224,5,9,crushing defensiveMove endgame pawnEndgame short,https://lichess.org/fRUipCeO/black#58,
oMZ9g,r1b1k1nr/ppqp1pbp/4p1p1/1N2n3/1P1Q1B2/8/P1P2PPP/RN2K2R b KQkq - 4 12,e5f3 g2f3 g7d4 b5c7 e8d8 c2c3,2124,74,93,4480,advantage fork hangingPiece long middlegame,https://lichess.org/UCBr4T5c/black#24,Sicilian_Defense Sicilian_Defense_Bowdler_Attack
DRmgG,2k4r/1p2bQ1p/p7/3N4/8/4B2b/PPP2K1q/3RR3 w - - 1 25,f2f3 h2g2 f3f4 e7d6,2125,80,67,100,mate mateIn2 middlegame short,https://lichess.org/fTThJArT#49,
aFozn,2Q5/1p3pkp/1q4p1/p7/5PPB/K1P5/PP6/5n2 b - - 7 32,f1e3 h4e7 e3c2 a3a4 b6c6 c8c6,2267,75,61,141,advantage endgame long quietMove,https://lichess.org/tIJ8doA0/black#64,
nGQXn,5rk1/2r3p1/5q2/4p2p/PP1pP2N/3B1b2/2PQ2K1/R6R w - - 0 31,h4f3 f6f3 g2h2 f8f4 d2e1 f4g4,2124,134,85,21,advantage long middlegame,https://lichess.org/SM74emr6#61,
MRfo6,8/8/8/6p1/8/4kp1P/6P1/4K3 w - - 0 67,e1f1 f3f2 g2g3 e3f3 h3h4 g5g4 h4h5 f3g3,2106,75,95,4096,advancedPawn crushing endgame pawnEndgame quietMove veryLong zugzwang,https://lichess.org/yyPaxQ0L#133,
qoSTc,b1r2rk1/3RRpp1/ppq4p/5P2/2P1N3/8/P1Q3PP/6K1 w - - 0 29,e4d6 c8d8 d7d8 f8d8,2119,77,85,141,crushing middlegame short,https://lichess.org/q6XqGGeR#57,
SewHi,r1b2rk1/ppp4p/1q4p1/3p2P1/3Pn1nQ/1NPBB3/P1P4P/2K1R2R b - - 5 20,e4c3 e3d2 b6d6 d2c3,2181,75,84,170,advantage master middlegame short,https://lichess.org/cJ0y63Te/black#40,
MkicO,2rq2k1/pb1n2bp/1p1N1pp1/8/3p4/1PP2NP1/P2Q2PP/4R1K1 b - - 0 23,c8c7 e1e8 d8e8 d6e8 d4c3 d2d6,2237,99,87,159,crushing fork long middlegame,https://lichess.org/4MXGpYRE/black#46,
N4fvs,4r2k/p5pp/2p5/8/3P4/P2R1p2/1PP2Pq1/1K1Q4 b - - 6 32,e8e2 d4d5 c6d5 d3d5 h7h6 d5d8 h8h7 d1d3 g2g6 d8h8 h7h8 d3g6,2206,86,91,1198,crushing deflection endgame veryLong,https://lichess.org/efdA14nH/black#64,
eyHqJ,2kr1bnr/ppp1p3/2n1bp2/7p/Q1P3pP/2N5/PP1qBPPB/R4RK1 b - - 1 15,d2b2 a1b1 b2c3 b1b7 d8d6 h2d6,2291,90,77,33,middlegame,https://lichess.org/tCLex2BB/black#30,Scandinavian_Defense Scandinavian_Defense_Mieses-Kotroc_Variation
P10Qc,8/pR4pk/1b2r3/8/5B2/2P4P/PPq3P1/5Q1K w - - 0 26,f1f3 c2b1 h1h2 b1g1 h2g3 e6g6 f4g5 g6g5,2225,78,77,140,crushing endgame veryLong,https://lichess.org/n5ScwLPd#51,
SCPZj,4k2r/rq2bp1p/p1R2p2/3Pp3/3p4/5Q2/PP3PPP/4R1K1 b k - 2 22,e8d7 f3f5 d7e8 c6c8 e7d8 c8d8,2277,83,90,139,advantage exposedKing long middlegame,https://lichess.org/Z7NxH2lh/black#44,
ew5y6,4r1k1/pp3ppp/5n2/6q1/3N4/1B1P2Pb/PP3P1P/2RQ2K1 w - - 4 29,c1c2 g5g4 c2e2 g4d4,2280,114,56,18,advantage middlegame short,https://lichess.org/uEYsRrEB#57,
CXSS8,rn1r2k1/3bpp1p/1q4p1/p2PN3/Pp2P1B1/8/1Q3PPP/3RK2R b K - 2 21,d7a4 e5f7 b6f6 b2f6 e7f6 f7d8,2102,86,83,43,crushing long middlegame,https://lichess.org/oFrFP8Th/black#42,
Zijej,r1b1rnk1/1pq2p2/1bp4p/p2pnQN1/P2P3B/2NB4/1PP2PPP/R3R1K1 w - - 0 18,f5f4 e5d3 f4c7 e8e1 a1e1 b6c7 c2d3 h6g5,2272,78,92,4691,crushing discoveredAttack middlegame veryLong,https://lichess.org/8khAdJrD#35,Russian_Game Russian_Game_Three_Knights_Game
g3mty,5bkr/1p1r2pp/p3Rp2/3pnN2/5P2/1NP5/PP4PP/4R1K1 b - - 0 23,g8f7 f4e5 f7e6 b3d4 e6f7 e5e6,2242,78,91,540,advantage long middlegame sacrifice,https://lichess.org/LewV0Qws/black#46,
nZbgR,5rk1/2R3pp/8/p2pN1q1/3P4/P3P3/1P1Q2bP/6K1 w - - 0 24,d2g2 g5e3 g1h1 e3e1 g2g1 e1e4 e5f3 e4f3 g1g2 f3d1,2206,85,81,40,crushing endgame veryLong,https://lichess.org/D89GF3NX#47,
k5vnL,r4r2/p1q1ppkp/2pp1n2/6NR/3P4/3B4/PpP2PP1/1K1Q4 b - - 1 18,f6h5 d1h5 e7e5 g5e6 f7e6 h5h7,2151,74,92,6188,crushing long middlegame,https://lichess.org/mWb0DLjc/black#36,Pirc_Defense Pirc_Defense_Classical_Variation
Fk1BW,r1bq2nr/pppp2pp/3k4/4bQ2/4PP2/2P5/P5PP/RNB1K2R b KQ - 0 12,e5f6 c1a3 c7c5 f5c5 d6e6 c5d5,2164,75,93,11600,exposedKing long mate mateIn3 opening,https://lichess.org/ACC8BiYD/black#24,Italian_Game Italian_Game_Evans_Gambit
XrVge,5rk1/5p1p/3q2pP/p2B2b1/1pPpP1P1/8/PP3Q2/1K3R2 w - - 2 28,f2f7 f8f7 f1f7 g8h8,2164,78,85,66,advantage defensiveMove endgame master masterVsMaster short,https://lichess.org/0uzj3053#55,
cGleh,r1b2q2/pp4pk/2pb1rnp/5p1Q/2BP4/2N4N/PPK2PPP/R3R3 b - - 4 18,g6f4 h3f4 d6f4 e1e8,2196,83,86,47,crushing middlegame short,https://lichess.org/3MClkyIs/black#36,French_Defense French_Defense_Exchange_Variation
rjOEt,2r2rk1/5p1p/p3p1pR/1p2P3/3p1PP1/7R/Pb1B3P/7K b - - 3 26,f8d8 h6h7 g8f8 f4f5,2174,125,78,21,crushing endgame short,https://lichess.org/zbey4E6l/black#52,
4wR11,4r1k1/1Q3pp1/2P3rp/p2p4/3P4/P3PqP1/2R2P2/2B1R1K1 w - - 5 32,c6c7 g6g5 b7d5 g5d5,2277,99,75,22,crushing middlegame short,https://lichess.org/TFwm6wcw#63,
HaQ8L,2kr3r/1p6/2p5/2P2R1p/pP1Pp1p1/1q2P3/6PP/RQ4K1 b - - 4 24,h8f8 b1b3 a4b3 f5f8 d8f8 a1a8 c8d7 a8f8,2119,76,92,1582,crushing endgame skewer veryLong,https://lichess.org/2BMDb5qZ/black#48,
RKAV1,r4rk1/pbpqbppp/1p6/3pP3/2B2B2/7P/PPP1QPP1/3R1RK1 w - - 2 15,c4d5 b7d5 c2c4 d7f5 c4d5 f5f4,2197,76,85,863,advantage long middlegame,https://lichess.org/H0Ch9SJ7#29,Scandinavian_Defense Scandinavian_Defense_Mieses-Kotroc_Variation
GZWHc,8/p3kp2/2P1p3/1K6/4P3/1P6/4r2p/3R4 b - - 0 45,e2e4 c6c7 h2h1q c7c8n e7f6 d1h1,2237,90,90,1371,advancedPawn advantage endgame long promotion rookEndgame underPromotion,https://lichess.org/hVNPbliA/black#90,
jJTve,Q7/5p1k/3p4/3K4/2P1P3/8/8/5q2 w - - 0 39,a8e8 f1d1 d5c6 d1a4 c6d6 a4e8,2178,76,93,1297,crushing endgame long queenEndgame skewer,https://lichess.org/aFiYXI4N#77,
dMHyT,r2q1r1k/ppp3pp/1bn5/2n1P1N1/2B2P2/P2p4/1P1B2PP/R2QK2R b KQ - 1 19,d8d4 d1h5 h7h6 h5g6,2286,78,94,2285,crushing master middlegame short,https://lichess.org/ocBjln90/black#38,Kings_Gambit_Declined Kings_Gambit_Declined_Classical_Variation
D1kVF,r3k1n1/1p2qp1r/pb5p/3Rp3/1PB1P3/P4Q2/2P2PPP/5RK1 b q - 3 19,a8d8 f3f5 d8d5 f5h7 d5d2 h7g8,2273,88,90,1378,advantage long middlegame,https://lichess.org/LSMrLVe3/black#38,Italian_Game Italian_Game_Other_variations
FLsjI,4r1k1/1b3pp1/p6p/8/1P1Q3N/Pq5P/5PP1/2R3K1 b - - 2 24,b3a3 c1a1 a3a1 d4a1,2110,112,43,30,advantage endgame short,https://lichess.org/jOCAULOM/black#48,
NJsmT,8/6p1/3k1pP1/p1pp1P2/3P4/P1K5/1P6/8 w - - 0 42,b2b4 a5b4 a3b4 c5c4 b4b5 d6c7,2276,83,91,275,crushing defensiveMove endgame long pawnEndgame quietMove,https://lichess.org/o03Vh6Sy#83,
4FoFA,r5r1/3bb2k/p1p4p/3pBp1Q/p2P1P2/3B2q1/PPP4R/R6K b - - 1 25,e7f8 h5f7 g8g7 e5g7,2178,76,88,425,crushing fork middlegame short,https://lichess.org/lG7egf5y/black#50,
HiYwB,8/1P3k2/2N3np/2pK4/5bp1/P7/3N4/8 b - - 3 45,h6h5 d2c4 g6e7 c6e7,2227,77,90,1054,crushing endgame quietMove short,https://lichess.org/VO2ktrJ6/black#90,
twZmk,8/6p1/7p/5Pk1/1p2K3/1P6/7P/8 w - - 7 37,e4e5 h6h5 e5e4 g5g4,2267,77,84,148,crushing endgame master pawnEndgame quietMove short,https://lichess.org/SogjtsER#73,
RN7ge,8/8/1pK5/p1p1k1p1/3p1nP1/PP1B4/2P4P/8 w - - 9 38,c6b6 f4d3 c2d3 a5a4 b3a4 c5c4,2258,76,95,949,advantage endgame long,https://lichess.org/3pnYLWGM#75,
l0f6D,3k4/8/3N4/p1PP4/1r4P1/8/4K3/8 w - - 0 43,c5c6 a5a4 d6b7 d8c7,2246,78,87,169,crushing defensiveMove endgame quietMove short,https://lichess.org/m9eJaMqL#85,
wO3wd,2k5/R1p2p1p/2P3p1/P7/8/6RP/1r3rP1/6K1 b - - 0 27,f2c2 a7a8 b2b8 g3e3 c2c6 e3e8,2270,77,86,99,crushing endgame long master quietMove rookEndgame,https://lichess.org/CjvX7esD/black#54,
E3ajw,r1b2rk1/1ppp2p1/p6B/P2P1p1Q/P2q4/6N1/5PPP/4R1K1 b - - 2 18,d7d6 e1e7 d4a1 g3f1,2129,79,91,1415,crushing defensiveMove middlegame short,https://lichess.org/R1aLqFwI/black#36,Italian_Game Italian_Game_Other_variations
Vx50w,b4rk1/4p1b1/1Q2P2B/1p1q1p1R/2pP2p1/2P2P2/2B3P1/4K3 b - - 1 25,g4f3 h5g5 f3g2 h6g7,2177,99,72,21,crushing middlegame pin short,https://lichess.org/wAdfTFPU/black#50,
N3lh3,2b5/8/2p5/P1p3pp/2P1pk1P/1P2N3/5K2/8 w - - 0 52,h4g5 f4g5 e3d1 g5f4,2141,76,99,137,crushing defensiveMove endgame short,https://lichess.org/IOKANx7q#103,
iWhq6,8/8/3N2P1/4n2P/k7/1p6/6K1/8 b - - 0 50,e5g6 h5g6 b3b2 d6e4 a4b3 e4d2 b3c3 d2b1,2185,82,85,69,crushing endgame hangingPiece knightEndgame quietMove veryLong,https://lichess.org/hz5b0VZC/black#100,
bhVCg,rn1q1rk1/1b3p1p/4pp1B/p1pnP3/PbB5/5N2/1P2QPPP/R2R2K1 b - - 1 15,f6e5 c4d5 b7d5 e2e5 f7f6 e5g3 g8f7 g3g7,2143,146,54,12,advantage intermezzo kingsideAttack middlegame veryLong,https://lichess.org/kOKERS1s/black#30,Queens_Gambit_Accepted Queens_Gambit_Accepted_Alekhine_Defense
dQtAQ,4r3/pp1n2kp/1qpQ1np1/3p4/1P4N1/P4BP1/2PK1P1P/R6R w - - 3 24,g4f6 b6d4 d2c1 d4a1 c1d2 a1d4,2153,82,91,1357,advantage interference long middlegame,https://lichess.org/gEwnzEav#47,
y1vEf,r4rk1/pp6/3p3Q/2p2qNp/2PbN1bP/8/PP4P1/2K1R2R w - - 4 28,h1f1 d4e3 e4d2 f5d3 h6h7 d3h7 f1f8 a8f8,2225,95,85,27,advantage middlegame veryLong,https://lichess.org/4scYz1dY#55,
0MYzs,1k4rr/p1p2p2/1p1p1n1p/1P2q3/4P3/4Q3/1PP2PPP/R1B2RK1 w - - 0 20,e3a3 g8g2 g1g2 e5e4 g2g1 h8g8,2166,91,69,26,advantage attraction kingsideAttack long middlegame sacrifice,https://lichess.org/JJJTkKs1#39,
gQxnn,8/p4K2/8/3pPk2/2pP1pn1/2P5/P4N2/8 w - - 5 39,e5e6 g4f2 e6e7 f2e4,2142,77,76,51,endgame,https://lichess.org/5BvVTR6H#77,
pyivn,rnb1kr2/p6p/2p3p1/b1Np1p2/5q1P/1R1B4/PB2Q1K1/7R b q - 5 26,e8f7 b3b7 a5c7 b2e5 c8b7 e5f4,2147,74,94,2598,crushing long middlegame,https://lichess.org/WPxzLNO7/black#52,
0c2yC,1b2r1k1/1p2r1p1/2p1Ppnp/8/1P6/2PN1QPq/3B3P/4RR1K b - - 0 31,e7e6 d3f2 g6e5 f2h3 e5f3 e1e6 e8e6 f1f3,2278,74,93,275,advantage middlegame trappedPiece veryLong,https://lichess.org/chWA6bHM/black#62,
S0EWW,8/7P/6P1/3k2q1/8/8/7R/7K b - - 10 59,g5g6 h2d2 d5c4 h7h8q g6e4 d2g2,2228,95,90,1875,advancedPawn crushing defensiveMove endgame long promotion queenRookEndgame,https://lichess.org/dxLSr9JG/black#118,
MFhHU,3r4/6k1/3P1qp1/2n2p2/1p1P2P1/rP6/1QPP2B1/2KR3R w - - 1 29,g4f5 a3b3 c2b3 c5d3 c1b1 d3b2,2237,82,89,62,advantage fork long middlegame sacrifice,https://lichess.org/gPGIZeGy#57,
eHj0e,8/p7/1p3k2/2pp1P2/5K2/2P5/PP6/8 b - - 1 36,a7a5 a2a4 c5c4 f4g4 f6e5 g4g5,2108,76,93,722,crushing defensiveMove endgame long pawnEndgame quietMove,https://lichess.org/AuPvcLM3/black#72,
LFCOL,8/5pp1/p2P1k2/1p2n3/5q2/P1Q5/1K1R4/8 b - - 2 42,f6e6 d6d7 e5d7 c3c6,2206,93,83,33,advancedPawn advantage endgame short,https://lichess.org/SA7bynNd/black#84,
REoKZ,4r2k/1p3pbp/2bp2pn/p2N4/4nPP1/1B1RB2P/P1K3R1/8 w - - 2 29,e3d4 a5a4 b3c4 b7b5 d4g7 h8g7 c4b5 c6b5,2245,80,91,693,crushing middlegame trappedPiece veryLong,https://lichess.org/oOPTl3IL#57,
nTTce,r4rk1/1b2bppp/pq1p1n2/1p2p1B1/3NPP2/P1NP4/1P3QPP/3R1RK1 w - - 0 16,f4e5 f6g4 g5e7 g4f2,2116,87,91,4064,advantage middlegame short,https://lichess.org/ndPZZeZt#31,Sicilian_Defense Sicilian_Defense_Najdorf_Variation
cL6Ig,1nkr4/pbp1qp2/1p2P1p1/8/1P2BP2/P1Q5/2P4P/2KR3R b - - 0 21,d8d1 h1d1 b7e4 c3h8 c8b7 d1d8,2123,76,93,917,advantage long middlegame,https://lichess.org/cJ60jiQd/black#42,
zhlLH,2rr2k1/pp3ppp/2q1p3/4P1b1/1PpP4/P1N2PQ1/5P1P/R4R1K b - - 10 22,d8d4 b4b5 c6c5 g3g5,2260,77,95,687,advantage middlegame short,https://lichess.org/pfvMZuY4/black#44,
O5ca7,3r1n1k/p6p/1p1p2p1/2pQbpqn/2P1P3/1N3P1P/P3NB1K/3R1R2 w - - 2 33,f3f4 h5f4 f2g3 f4d5,2138,118,55,17,advantage middlegame short,https://lichess.org/oDO3pdyc#65,
ZMR7G,8/7p/8/5pp1/3k4/5KP1/5P1P/8 w - - 0 43,g3g4 f5f4 f3e2 d4c3,2129,74,93,9463,crushing defensiveMove endgame pawnEndgame quietMove short,https://lichess.org/2c4zcVG2#85,
LNoi0,6k1/pp3p2/2n2p1p/8/1P3P2/P3pBP1/3qP2P/Q5K1 w - - 2 29,a1f6 c6d4 f3g4 d4e2,2213,75,83,252,advantage endgame master short,https://lichess.org/iCQotWCg#57,
IjUem,R7/5P2/4K3/8/7P/8/pk3r2/8 b - - 2 57,a2a1q a8a1 b2a1 h4h5,2117,104,74,16,advantage defensiveMove endgame short,https://lichess.org/n2XCSaaK/black#114,
uDHYE,r2q1rk1/1b3ppp/pp1bpB2/6NP/2P5/P1P5/1PQKB1n1/R6R b - - 1 19,d6e7 d2c1 g7g6 h5g6 e7f6 g6f7 f8f7 g5f7,2194,75,98,72,advancedPawn advantage defensiveMove kingsideAttack middlegame veryLong,https://lichess.org/KQcpnHUA/black#38,
mqr03,r1bq1r2/1pp1npp1/p3p1k1/4P1N1/3P2QP/2P5/P4PP1/R3K2R b KQ - 3 15,f7f6 g5e6 g6f7 e6d8,2137,78,85,57,crushing discoveredAttack discoveredCheck fork middlegame short,https://lichess.org/kFfu6aK7/black#30,Queens_Gambit_Accepted Queens_Gambit_Accepted_Saduleto_Variation
H3Hks,6k1/p1n3bp/2n3p1/6P1/Q7/5PNK/1r1q4/4RR2 w - - 4 29,a4c6 d2h2 h3g4 h7h5 g5h6 b2g2,2188,161,67,35,crushing exposedKing long middlegame,https://lichess.org/BKiRQySr#57,
MqCUo,4r1k1/6pp/p1pb1p1r/3b4/3Q4/1P1B2P1/PB3P1P/6K1 w - - 0 27,d3a6 e8e1 a6f1 h6h2 g1h2 e1f1,2175,76,92,148,crushing deflection long middlegame,https://lichess.org/lFwe5hih#53,
fwBfe,4rk1r/pBp2ppp/3b4/4pq2/6bP/2P3Q1/PP1P1PP1/RNB1K2R w KQ - 1 13,e1g1 e5e4 g3e3 d6f4 e3f4 f5f4,2266,96,88,725,advantage clearance long middlegame quietMove,https://lichess.org/QHQapjnF#25,Italian_Game Italian_Game_Two_Knights_Defense
cK9vu,1rb1r1k1/1p4pp/p3pq2/2p2n2/2PpB1P1/3P4/PPN3QP/R3R1K1 b - - 0 21,f5h4 g2g3 c8d7 g4g5 h4f5 g5f6,2157,76,93,837,advantage long master middlegame pin,https://lichess.org/McViZ6GE/black#42,
peIe9,8/8/1p6/8/3k2K1/8/P7/8 w - - 1 43,g4f3 b6b5 f3e2 d4c3 e2d1 c3b2,2238,76,97,139,crushing endgame long pawnEndgame quietMove,https://lichess.org/Ocux1G09#85,
Erews,rn1q3k/p1p3Rp/1p4pB/3Ppb2/1P2N2b/P5P1/7P/1B3RK1 b - - 0 24,f5e4 f1f7 h4f6 g7h7 h8g8 b1e4,2297,86,84,188,advantage kingsideAttack long middlegame,https://lichess.org/SyxK1aWu/black#48,
xUOM1,6k1/1p3pp1/p3p2p/1b2P3/1q1nB3/2N3P1/1P1Q1PP1/4K3 b - - 3 30,g7g6 c3b5 b4d2 e1d2 d4b5 e4b7,2104,77,91,1028,advantage endgame long,https://lichess.org/IsvpriT8/black#60,
U8v7X,4rrk1/p1p3pp/4b3/6q1/4B3/P1Q4P/1BP1N3/1K1R2b1 w - - 0 27,d1g1 g5g1 e2g1 f8f1 b2c1 e8b8 c3b2 b8b2,2228,86,71,35,crushing fork middlegame pin sacrifice veryLong,https://lichess.org/YWZgsHCR#53,
IfUBg,7r/5Rpp/2k1pn2/pq1p4/2p5/4PN1P/1bQ2PP1/1N4K1 b - - 5 26,a5a4 b1c3 b2c3 c2c3 b5b1 g1h2,2249,77,89,310,advantage defensiveMove long middlegame,https://lichess.org/e9viSk2m/black#52,
RYzd4,8/8/4k3/p6p/1p1KPp2/7P/PP6/8 w - - 0 41,h3h4 a5a4 e4e5 f4f3 d4e3 e6e5,2250,77,88,102,crushing endgame long pawnEndgame quietMove zugzwang,https://lichess.org/eopzeICY#81,
sunPj,r1b1k2r/pp4p1/7p/2b5/2Bnp2q/7N/PP4PP/RNBQRK2 w kq - 0 17,b1c3 h8f8 h3f4 f8f4 c1f4 h4f4 d1f3 d4f3,2282,78,84,660,crushing opening veryLong,https://lichess.org/9mC1vhvJ#33,Italian_Game Italian_Game_Two_Knights_Defense
9Iywr,r5k1/2Qp1p1p/p2rp1p1/1p1b4/8/1PP3Pq/P4P1P/2R1RBK1 b - - 5 25,d6c6 c7b7 h3h5 b7a8,2152,118,47,23,crushing middlegame short,https://lichess.org/70lVlNyE/black#50,
70BMc,r7/6R1/2pk4/ppR2q2/3PpP1r/5nBP/PP6/1K3B2 b - - 2 30,f5c5 f4f5 c5e5 d4e5,2175,84,89,421,advantage discoveredAttack discoveredCheck middlegame short,https://lichess.org/aXeCDOcD/black#60,
xilfl,4r1k1/1b3pp1/7p/1R1P2q1/2pQ4/7P/P1B2PP1/6K1 b - - 0 27,b7d5 b5d5 g5c1 c2d1,2135,75,93,1847,advantage defensiveMove endgame short,https://lichess.org/JMUHqW2z/black#54,
h7gvN,1R2R3/5pk1/p5pp/r2p4/6PP/3r1P2/5K2/8 b - - 0 38,a5a3 g4g5 d3f3 f2e2 a3e3 e8e3,2170,76,86,83,advantage defensiveMove endgame long rookEndgame,https://lichess.org/KPUAvN8u/black#76,
LgQYo,2q1r3/2r3p1/p3k1Q1/2b5/p1p1N3/4B1P1/1P3P1P/6K1 b - - 3 27,e6d5 e4c3 d5e5 f2f4,2103,76,95,4471,mate mateIn2 middlegame short,https://lichess.org/5mbiWb5A/black#54,
XqYB8,r3r1k1/bb3ppp/pq2p3/1pB1n3/4N3/2P4P/P4PP1/R2QRBK1 b - - 1 18,b6c6 c5a7 a8a7 d1d4 e5f3 g2f3,2135,81,89,1120,advantage fork long middlegame,https://lichess.org/YhsJpEEv/black#36,Sicilian_Defense Sicilian_Defense_OKelly_Variation
MKQJt,8/pR6/P7/3k2b1/3p3p/2p4P/8/3K4 w - - 0 59,b7a7 d4d3 a7c7 c3c2 c7c2 d3c2 d1c2 g5e3,2249,76,90,118,advancedPawn crushing defensiveMove endgame exposedKing veryLong,https://lichess.org/5wMQcOPR#117,
9YPjA,2k2b2/pppr4/2b5/6p1/5p1r/P3P3/1B1N1P2/2RQK3 w - - 0 22,d1c2 h4h1 e1e2 f4f3 d2f3 c6b5,2116,116,76,36,crushing long middlegame,https://lichess.org/IbsWzf4z#43,
XZKUh,r2q2k1/pp3rBp/2n1bnpQ/4p1N1/8/3P2P1/Pp2PPB1/3RK2R b K - 3 17,f7g7 h6g7 g8g7 g5e6 g7f7 e6d8,2218,76,93,2987,advantage attraction fork long master masterVsMaster middlegame,https://lichess.org/GwxLylEV/black#34,English_Opening English_Opening_Great_Snake_Variation
awtXf,8/8/3BKpk1/6bp/4P3/7P/8/8 b - - 2 59,g5h4 d6e7 h4g5 e7d8 g5e3 d8f6,2298,79,91,1663,bishopEndgame crushing endgame long,https://lichess.org/jQXevP7U/black#118,
W1cXl,r1br2k1/2p1q3/p2bpp1Q/1p6/3nN2P/3B4/PPP2PP1/2KR3R b - - 1 17,d6e5 f2f4 e7g7 h6g7 g8g7 f4e5,2285,85,89,201,advantage exposedKing kingsideAttack long middlegame,https://lichess.org/4DQYxx0p/black#34,French_Defense French_Defense_Two_Knights_Variation
dkv8f,8/3k3p/p1p3p1/1pK1P1P1/1Pb2P2/P7/3B4/8 b - - 13 53,d7c7 a3a4 c4f7 a4a5,2262,77,82,60,bishopEndgame crushing defensiveMove endgame short,https://lichess.org/DL8vfSXS/black#106,
rGYTQ,8/q2k4/2RP4/1P1K4/2P5/8/8/8 b - - 2 49,a7e3 c6c7 d7d8 d5c6 e3d3 c4c5,2132,84,70,40,crushing defensiveMove endgame long queenRookEndgame,https://lichess.org/4sBTHSiR/black#98,
EtD9U,8/pp3R1p/2q1r1pk/2pnP3/2B3r1/1P2P3/PQ1P3P/5R1K w - - 13 29,f1f3 d5f4 f7f4 g4f4 e3f4 c6f3,2140,99,76,27,advantage capturingDefender kingsideAttack long middlegame pin quietMove,https://lichess.org/7NuuKkO3#57,
QNB8k,3q1r2/Rpp2k2/3p1P2/1N1Ppbp1/1PP2bN1/5Q2/6P1/7K w - - 5 30,a7b7 f8h8 h1g1 e5e4,2151,91,85,21,crushing middlegame short,https://lichess.org/UxTxqWlt#59,
Jqatx,8/8/8/4pk1p/8/5PB1/1r3N2/5K2 b - - 1 44,b2f2 f1f2 h5h4 g3h2,2115,80,91,309,crushing endgame hangingPiece master masterVsMaster short,https://lichess.org/hopsC5xv/black#88,
BK2dq,8/7R/8/6k1/7r/4K2p/5P2/8 w - - 8 49,h7g7 g5f5 g7g1 h3h2 g1h1 f5g4,2264,75,83,113,advancedPawn crushing defensiveMove endgame long rookEndgame,https://lichess.org/icHbwNRk#97,
Jestg,8/6k1/8/7p/6pP/4Pp2/r4P2/3RK3 w - - 4 52,d1d2 a2a1 d2d1 a1d1 e1d1 g7f6,2249,77,88,539,crushing defensiveMove endgame long rookEndgame,https://lichess.org/x0KZ3fF4#103,
oznQo,r4r2/p1p1qN1k/3p4/6R1/4P1pP/PQP1n1P1/6P1/R5K1 w - - 3 28,c3c4 e7e4 a1a2 f8f7,2115,76,91,153,advantage middlegame short trappedPiece,https://lichess.org/x2cNlb76#55,
Tvwce,1r3r1k/p4pp1/5n1p/3p1Bq1/1pp5/2P1P1P1/PPQ2PPR/2K4R b - - 1 21,b4c3 f2f4 g5g3 h2h3 c3b2 c1b1,2159,77,92,6132,advantage defensiveMove long middlegame sacrifice,https://lichess.org/JHnWrKXc/black#42,
CQI5k,2r1r1k1/2q4p/4P1p1/2bp1p2/pp3P2/4Q1P1/P5KP/B1RR4 w - - 0 34,c1c5 c7c5 e3e5 d5d4 a1d4 c5e5,2228,76,88,535,advantage discoveredAttack long middlegame quietMove,https://lichess.org/8CcitUVh#67,
WARDn,8/8/6qk/p2pQ3/P1p5/1pP2K2/1P6/8 b - - 16 56,g6h5 e5h5 h6h5 f3e3 d5d4 e3d4,2204,75,93,1882,crushing endgame long queenEndgame,https://lichess.org/FzKmLFHn/black#112,
hoyYI,r5k1/3Q2p1/2p2pq1/1pP5/2n1P1P1/2B2P2/8/3R2K1 b - - 1 34,a8a3 d7c8 g8h7 d1d8,2177,84,89,1298,clearance crushing defensiveMove endgame short,https://lichess.org/5miW7HHt/black#68,
lZGE8,2r3k1/6Pb/2q1p3/3PBp1Q/3P1P1P/r1R5/1p2BK2/2R5 b - - 0 43,a3c3 c1c3 c6c3 d5e6 c3e1 f2e1,2130,78,91,341,crushing long middlegame,https://lichess.org/eMTCK6su/black#86,
3VzdN,5rk1/5p2/3Np1p1/2P1P3/5PN1/2n5/2p4P/R5K1 w - - 2 40,g1f2 c3b1 g4f6 g8g7 c5c6 c2c1q,2209,165,81,11,advancedPawn crushing endgame long master promotion quietMove,https://lichess.org/bo10zSL9#79,
zdUcw,8/p2k1p2/q3pP1P/2p5/Pp1bQB2/6P1/P1p2PK1/3rR3 b - - 5 34,a6c6 e4c6 d7c6 e1e6 f7e6 f6f7 c2c1q f4c1,2266,91,70,43,advancedPawn attraction crushing discoveredAttack endgame veryLong,https://lichess.org/MOvUGcSF/black#68,
4sgfz,1k1r3r/ppp3p1/3pBp2/2b1p3/4P3/3P4/PPPq1P1P/R2Q1R1K b - - 2 17,h8h2 h1h2 d2f4 h2g2 d8h8 e6h3,2268,78,92,1344,advantage defensiveMove hangingPiece long middlegame,https://lichess.org/yzsSHYoe/black#34,Italian_Game Italian_Game_Giuoco_Pianissimo
1u5fG,1brr3k/4R1pp/4Qp2/5P1q/P1p5/2N4P/6P1/4R2K b - - 2 37,b8e5 e1e5 f6e5 f5f6,2249,77,85,123,advantage middlegame sacrifice short,https://lichess.org/uimcj5Nd/black#74,
ycuYx,rnb1k1nr/pp2ppbp/1q1p2p1/8/2PNP3/2N1B3/PP3PPP/R2QKB1R b KQkq - 4 7,b6b2 c3a4 b2a1 d1a1,2227,85,91,3019,advantage opening short,https://lichess.org/BTfXXZsA/black#14,Sicilian_Defense Sicilian_Defense_Dragon_Variation
PsaD1,8/1p1k1pp1/4p2p/1p2PP1P/1P2K1P1/2P5/8/8 b - - 0 40,d7e7 e4d4 f7f6 e5f6 e7f6 f5e6 f6e6 d4c5 e6e5 c5b5,2245,84,91,146,crushing endgame master pawnEndgame veryLong,https://lichess.org/YnFkEBR8/black#80,
YVoLL,r4rk1/Q2R1ppq/4p2p/1pP1P2P/1p4P1/5P2/PP6/2K4R w - - 1 27,a7c7 b4b3 a2b3 a8a1 c1d2 a1h1,2287,84,77,52,crushing endgame long master skewer,https://lichess.org/yGWXhDG3#53,
az3fH,2q4k/6pp/1p3P2/pQ2P3/Pp1pP3/1P5b/6KP/5R2 w - - 1 36,g2g1 c8g4 g1f2 g4f4 f2e1 f4c1,2251,98,74,23,crushing endgame long,https://lichess.org/F86tHbbv#71,
wWuai,8/5pk1/R4n2/4q1p1/3p4/1r1B4/4bQP1/5NK1 w - - 2 32,d3e2 f6e4 a6a5 e5a5 f2d4 e4f6,2224,76,77,92,advantage defensiveMove long middlegame,https://lichess.org/fgOVPBax#63,
LSIFh,2k1qr2/ppb1n1Qp/2pr1p2/3pN3/3P4/7P/PPP1NPP1/R3R1K1 w - - 0 19,e5g4 f8f7 g7h6 f6f5 h6h5 f5g4,2139,113,29,14,advantage long middlegame,https://lichess.org/tXP5UX9R#37,French_Defense French_Defense_Exchange_Variation
9fNtY,r6r/2q2pk1/p3b1p1/2pp2Q1/P7/2PP1B1P/5PP1/R4RK1 w - - 0 24,f3d5 f7f6 g5g3 c7g3 f2g3 e6d5,2210,82,75,70,advantage long middlegame,https://lichess.org/jdXamJNf#47,
Evosn,8/p1k1np2/2Bp4/K2Pp1p1/1P2PbP1/5P2/5B2/8 b - - 0 45,e7c6 d5c6 c7c6 a5a6,2186,77,83,62,crushing endgame master short,https://lichess.org/Cn8w91T8/black#90,
npcHj,8/8/5k2/8/4ppP1/3p3P/5K2/4N3 w - - 0 47,e1g2 d3d2 g2e3 f4e3,2157,75,86,2775,advancedPawn crushing endgame knightEndgame short,https://lichess.org/yNFk3qme#93,
m879h,6k1/ppn1r1pp/1qp2pn1/8/2P3N1/1P3Q1P/P4NP1/5R1K b - - 2 27,g6e5 g4f6 g7f6 f3f6 e7f7 f6e5,2287,78,89,165,advantage kingsideAttack long middlegame,https://lichess.org/tkB1DffS/black#54,
qihPd,2rr2k1/2q3bp/p1b1p1p1/1p1n2B1/8/P1N2B1P/1PPQ2P1/3R1RK1 b - - 1 20,d5c3 d2d8 c8d8 d1d8 c7d8 g5d8,2186,86,90,1125,advantage kingsideAttack long middlegame,https://lichess.org/ufRraLO3/black#40,
wHYsm,3r4/ppp5/2n5/4n1k1/4Q3/q1P5/P1P3P1/1K3R2 b - - 0 33,a3e7 e4f5 g5h6 f1h1 h6g7 h1h7 g7g8 h7e7 d8d1 b1b2 e5c4 b2b3 d1b1 b3c4,2152,75,96,1367,advantage endgame skewer veryLong,https://lichess.org/z9lAWWkV/black#66,
ytggJ,8/p1q1kp2/4p1pQ/8/1r4n1/3B3P/P1P2P2/5RK1 w - - 0 24,h3g4 b4g4 g1h1 g6g5,2291,116,87,38,advantage defensiveMove endgame master short,https://lichess.org/njRBEfDt#47,
8gH2i,1r1q1rk1/1pp3p1/p2pp1n1/N6p/PP1PP1nP/4RNP1/5PK1/R2Q4 w - - 3 23,e3e2 f8f3 g2f3 g6h4 g3h4 d8h4,2194,82,91,1428,attraction crushing long middlegame sacrifice,https://lichess.org/Vunu8pJB#45,
hHv6r,8/1p6/p1p1k1pp/8/PPP2K1P/3P4/8/8 w - - 1 37,d3d4 b7b5 a4b5 a6b5 c4b5 c6b5,2188,83,90,249,crushing endgame long pawnEndgame,https://lichess.org/yAUHaHzo#73,
GSSii,r5nk/p4R2/3N2Rp/2p5/1p6/8/r5PP/6K1 b - - 3 31,a8d8 f7g7 d8f8 d6f7 f8f7 g7f7,2208,87,90,1055,crushing endgame exposedKing long,https://lichess.org/bnKzWOsZ/black#62,
HI7r7,8/3k4/6p1/4Q3/5P2/2pq2PP/P4K2/8 w - - 5 50,e5g7 d7c6 g7f6 c6b5 f6e5 b5a4 e5e8 a4a3,2277,92,91,848,crushing defensiveMove endgame queenEndgame veryLong,https://lichess.org/AYP7wpd8#99,
i1XyR,r4rk1/4N1p1/ppQ1b2p/4Ppn1/3q4/3B2R1/PP5P/R6K b - - 3 24,g8h7 g3g5 d4d3 c6e6,2130,86,90,2501,advantage capturingDefender middlegame short,https://lichess.org/lPmMmlYZ/black#48,
znCpq,8/pp6/2pb4/6kp/P2P4/1P3K1P/3N4/8 b - - 4 36,g5h4 f3g2 h4g5 d2e4 g5f4 e4d6,2227,74,92,234,crushing endgame fork long,https://lichess.org/Ojwj3BCf/black#72,
pSDct,3r4/Q3pk1p/4b1p1/2p1Pp2/8/1Pq1PB2/P4PPP/3R2K1 w - - 3 23,a7a6 d8d1 f3d1 c5c4,2115,84,82,42,advantage endgame short,https://lichess.org/fDCOF7lm#45,
Zv78W,r4rk1/1bp2ppp/p2b4/1p2q3/3R4/1BP4Q/PP1P1PP1/RNB2K2 w - - 2 17,h3e3 b7g2 f1g2 e5h2 g2f1 h2h1,2163,84,90,2274,advantage attraction long middlegame sacrifice,https://lichess.org/nu15sTOt#33,Ruy_Lopez Ruy_Lopez_Marshall_Attack
rQDhb,4r1k1/2R1B1p1/2p1p1P1/4P1K1/4b3/8/8/8 b - - 9 48,e4d5 e7f6 g7f6 e5f6 e8a8 c7g7,2251,80,88,80,crushing endgame long master sacrifice,https://lichess.org/C0uqHh3r/black#96,
YDxSL,5K2/6P1/4b3/1N6/p1P5/2k5/8/8 b - - 2 57,c3c4 b5d6 c4c3 d6f7 a4a3 g7g8q,2113,77,95,817,advancedPawn crushing endgame long promotion quietMove,https://lichess.org/KKc9Nj3Z/black#114,
iVj9q,r1b5/ppp2kpp/8/q2pP3/3Qn3/N7/PP3PPP/R3K2R w KQ - 5 16,b2b4 a5a3 e1g1 c8e6 f2f3 e4c3,2225,103,35,48,advantage hangingPiece long middlegame quietMove,https://lichess.org/9EKHXWnS#31,Italian_Game Italian_Game_Classical_Variation
rYrLV,8/5pp1/5k1p/8/5PKP/8/6P1/8 w - - 0 47,g2g3 h6h5 g4f3 f6f5,2155,74,83,245,crushing endgame pawnEndgame short,https://lichess.org/bdJcirRQ#93,
MEHmM,r4rk1/1p1B1p1p/p1n3p1/2PRp1B1/7P/q1P3P1/P1QKPn2/6N1 b - - 1 20,c6b4 c3b4 a3b4 d2e3,2209,78,91,2670,advantage middlegame short,https://lichess.org/MY5QElYI/black#40,
J2HTV,1r5k/1P4p1/B1R4p/8/8/7P/2p3PK/2r5 b - - 1 45,c1a1 c6c8 h8h7 a6d3 g7g6 c8c7 h7h8 d3c2,2275,78,78,193,crushing endgame veryLong,https://lichess.org/tuyvYyja/black#90,
fBPPu,r2r4/p5k1/bn5p/2p1NQp1/2p5/1P2P2P/P2K1pP1/R6R w - - 0 28,d2e2 c4b3 e2f2 d8f8 e5f7 f8f7 f5f7 g7f7,2244,79,82,588,advantage discoveredAttack discoveredCheck middlegame pin veryLong,https://lichess.org/fSLwPncC#55,
bzu0N,8/7n/8/1k1p1K1P/3B4/p4P2/5P2/8 w - - 1 56,f5g6 b5c4 d4a1 d5d4,2235,77,79,99,crushing defensiveMove endgame master short,https://lichess.org/Td13VUTU#111,
CDFDd,r2q1rk1/1p2bpp1/p1p2n2/4Q1Bp/2B1P1b1/2N5/PPP2PPP/R4RK1 w - - 1 14,h2h3 e7d6 g5f6 g7f6 e5d6 d8d6,2163,75,99,115,advantage long middlegame,https://lichess.org/IQlfPWRb#27,Sicilian_Defense Sicilian_Defense_Kan_Variation
PanHX,6k1/1pp3Pp/p5n1/3q1pB1/7P/5PQ1/PP3RK1/4r3 w - - 2 32,h4h5 d5d1 h5g6 e1g1 g2h3 g1g3,2286,78,93,3969,crushing endgame long sacrifice skewer,https://lichess.org/gLhj75tU#63,
FFLSZ,8/7p/4k3/5pK1/7P/6P1/8/8 b - - 3 49,e6e5 h4h5 e5e4 g5f6 h7h6 f6g6,2228,169,47,9,crushing endgame long pawnEndgame quietMove,https://lichess.org/W5pADsus/black#98,
p5JjL,8/6p1/1pk3p1/p4p2/P2K3P/1P4P1/5P2/8 b - - 0 43,b6b5 f2f3 c6b6 d4d5,2286,97,91,2839,crushing defensiveMove endgame pawnEndgame quietMove short zugzwang,https://lichess.org/iwzn8vt3/black#86,
LipMf,r1b3k1/ppQn1p1p/6p1/8/1q6/1P3N2/P1P2PPP/3R2K1 b - - 0 25,d7b6 d1d8 g8g7 c7e5 f7f6 e5c7 c8d7 d8a8 b6a8 c7d7,2241,88,89,144,advantage kingsideAttack middlegame veryLong,https://lichess.org/9ed8XJtq/black#50,
sdzsS,7k/1p2r1p1/p1b1B2p/3p3q/P2Bp2P/KPP3Q1/8/8 b - - 13 39,h5f3 g3g6 f3f4 e6f5 f4f5 g6f5,2222,84,87,68,crushing endgame long,https://lichess.org/xtfeV03f/black#78,
3ys7Q,2r2rk1/3nqpp1/7p/1n1p2PP/1p1P1P2/3B2N1/1PQ5/1K4RR w - - 1 26,c2f2 b5c3 b2c3 b4c3,2184,78,92,481,advantage middlegame queensideAttack sacrifice short,https://lichess.org/WENKf5T1#51,
1BnkD,2rr1bk1/1b3p1p/p3p1pB/1q1pP1QP/3R4/6PB/1P3P2/R5K1 b - - 0 25,b5b2 h5g6 b2a1 g1h2 h7g6 h3e6,2292,98,100,28,crushing long master middlegame sacrifice,https://lichess.org/sMTSWh4r/black#50,
tYsIw,8/b1k3p1/P1P2p2/BP2n3/4P3/7p/5P2/6K1 b - - 2 45,c7b8 c6c7 b8c8 b5b6 a7b6 a5b6 e5c4 b6a5,2217,81,84,153,advancedPawn crushing defensiveMove endgame trappedPiece veryLong,https://lichess.org/HotZmTQr/black#90,
Ts4Mz,5rk1/4R3/1p1q1rp1/2p3Np/7P/3P1PP1/4Q1K1/8 b - - 8 49,b6b5 e2a2 c5c4 a2a7 d6e7 a7e7,2221,80,95,919,crushing endgame long quietMove,https://lichess.org/iNFwnQpA/black#98,
ESwkr,6k1/p5p1/8/3P1p2/2P2P2/1Pq4P/P7/1K1R4 b - - 1 49,c3h3 d5d6 h3f3 d1d5,2200,79,84,99,advantage clearance endgame queenRookEndgame short,https://lichess.org/IKp2GTyj/black#98,
K4Gi8,3r2r1/4k3/2p2p2/1q2p3/p3P2P/2P1NbP1/1PQ5/R4RK1 b - - 0 34,g8g3 g1h2 f3e4 c2e4 g3e3 e4e3,2158,90,90,908,crushing defensiveMove long middlegame,https://lichess.org/jKMLLPVM/black#68,
ZxdIm,r3r1k1/ppp3pp/2n1q3/4Np2/P2P1P2/8/1P2B1PP/3QK2R b K - 0 17,g8h8 d4d5 e6f6 d5c6,2220,77,94,1092,advantage fork middlegame short,https://lichess.org/JOjcrKoS/black#34,Indian_Defense Indian_Defense_Budapest_Defense
Jlcfs,2krr3/ppp2p2/5n2/2qp2p1/4P3/2N2QPp/PPP2P1P/R3R1K1 b - - 1 20,f6e4 f3f5 c8b8 e1e4,2254,97,90,1909,advantage intermezzo middlegame short,https://lichess.org/Sxed2Xux/black#40,
34PMF,6k1/R7/2p2K2/1p2B3/4bp2/P6r/8/8 b - - 1 48,f4f3 a7a8 g8h7 f6g5 h3g3 e5g3,2210,103,84,31,crushing endgame long,https://lichess.org/Fiu9XsDq/black#96,
PyiuU,8/1p6/4k3/1PPp4/4p1pp/4P3/4KPP1/8 b - - 1 38,e6e5 b5b6 e5e6 c5c6 b7c6 b6b7,2234,78,93,3353,advancedPawn crushing endgame long pawnEndgame,https://lichess.org/xTHGTRtS/black#76,
I3nA7,2kr1r2/p2nQp2/1pp1p3/3pP3/2bP4/1NP2R2/q4BBP/4R1K1 w - - 0 29,f3f7 f8f7 e7f7 d8f8 e1a1 a2a1 b3a1 f8f7,2131,76,85,124,advantage clearance middlegame veryLong,https://lichess.org/5NxtR6FC#57,
HvenC,3q2k1/R4pp1/1p1r3p/3r4/8/5N2/P1Q2PPP/2R3K1 w - - 1 25,h2h3 d5c5 c2b2 c5c1 b2c1 d6d1 c1d1 d8d1,2250,83,57,38,advantage fork middlegame veryLong,https://lichess.org/iE4x1L0v#49,
sAVfn,6k1/5p1p/p5p1/3PQ3/4P3/5P2/q5rP/3R3K b - - 1 31,a2e2 d1b1 g2h2 e5h2,2148,76,86,127,crushing endgame quietMove short,https://lichess.org/AwTw5G4X/black#62,
dCOOI,8/1p6/8/p7/P3k3/1P1pp1P1/N7/4K3 w - - 2 46,b3b4 e4f3 b4a5 d3d2 e1d1 e3e2 d1d2 f3f2,2284,77,86,165,advancedPawn crushing endgame exposedKing knightEndgame sacrifice veryLong,https://lichess.org/TBq3XEAj#91,
p2tiV,5rk1/1b4p1/p6B/1p6/1P4Q1/P1b1p2P/5qP1/1R1R3K w - - 0 31,d1d7 f2f1 b1f1 f8f1 h1h2 c3e5 g4g3 e5g3 h2g3 g7h6,2208,78,84,114,advantage middlegame sacrifice veryLong,https://lichess.org/klTmCIcA#61,
5JQDN,6k1/p4ppp/b1p1pb2/2Pp4/P2P4/1r1r4/1B3PPP/RR2N1K1 b - - 11 25,d3d2 b2c3 b3b1 a1b1,2163,76,87,335,crushing master middlegame short,https://lichess.org/cr6Aogqc/black#50,
5EYYM,8/p1p5/1p4pp/1K1kPp2/1P3P2/P7/6PP/8 w - - 3 36,a3a4 c7c6 b5a6 c6c5 b4c5 b6c5 e5e6 d5e6,2239,77,92,2740,crushing endgame pawnEndgame veryLong,https://lichess.org/NppvDu5q#71,
aUcme,8/8/6p1/1p2kbP1/p1p5/P1P1K2p/1P3R2/8 w - - 8 59,e3d2 f5e4 d2e1 e4g2 f2e2 e5f4,2155,79,82,54,crushing defensiveMove endgame long quietMove,https://lichess.org/FlRyqnU9#117,
JwPlj,8/1b1p4/1p2pp2/1P4P1/8/PP1k1q2/8/1K2R2Q w - - 4 40,h1h7 d3d2 h7h4 f3b3,2106,83,65,42,crushing defensiveMove discoveredAttack endgame short,https://lichess.org/ws5kuiwE#79,
r4zhP,3rrk2/pp2b2p/2p2pn1/2q2b2/8/1BN1R2P/PP3PP1/2Q1R1K1 b - - 5 22,b7b5 e3e5 f8g7 e5c5,2224,111,82,22,advantage master middlegame short,https://lichess.org/ibUC0gS5/black#44,
GdPXT,r2q1rk1/pbpnbpp1/1p1p3p/3N4/Q1Pp4/3P2P1/PP1B1PBP/R3R2K b - - 1 15,e7f6 d5f6 d8f6 a4d7 b7g2 h1g2,2143,88,89,236,advantage long middlegame,https://lichess.org/hL31ba3P/black#30,English_Opening English_Opening_Kings_English_Variation
1qwQN,8/7k/7p/p5p1/Pp6/1Pr2RKP/6P1/8 w - - 0 41,g3g4 h7g6 g4g3 g6h5 g3f2 c3f3,2245,123,83,12,crushing endgame long rookEndgame zugzwang,https://lichess.org/gl9S1T9G#81,
OJM8q,6k1/1b2Rp2/p3pPp1/1pq4p/8/2r2PQ1/6PP/5RK1 w - - 1 33,g1h1 c3c1 g3b8 b7c8 h2h4 c1f1,2116,76,89,218,advantage defensiveMove endgame long,https://lichess.org/ujryiT8Z#65,
hVavq,6k1/3n2p1/4pp1p/3pP3/N2Pb3/bPB1PN1P/P2R2PK/2r5 w - - 2 33,e5f6 a3d6 f3e5 g7f6,2172,76,93,1220,advantage intermezzo master middlegame pin short,https://lichess.org/2yvr0t8E#65,
dquPf,1r4k1/p1p3bp/2p5/5r2/P1PP1P2/K1n1P2Q/8/R1B5 w - - 3 32,e3e4 g7f8 c4c5 f5c5 h3e6 g8g7,2292,98,82,24,crushing long middlegame,https://lichess.org/OUllOYj6#63,
zpXir,rr4k1/3nppbp/1q1p2p1/1N1P4/P1p1P1n1/5NP1/1P2QPKP/R1BR4 w - - 0 17,h2h3 b6f2 e2f2 g4f2 g2f2 b8b5 a4b5 a8a1,2221,77,75,360,advantage master middlegame veryLong,https://lichess.org/4BZ31fke#33,Benko_Gambit Benko_Gambit_Other_variations
GD4RH,6k1/1p3ppp/1b1p4/5P2/P2RP1nP/4N1P1/2r5/4R1K1 w - - 1 35,d4d6 b6e3 e1e3 c2c1 g1g2 g4e3,2173,81,89,251,advantage endgame exposedKing intermezzo long,https://lichess.org/nlPKuaUo#69,
UO4N0,2r4k/1q4p1/r1p4p/2Rp1p1P/3Pp3/1PR1P1P1/PKQ2P2/8 w - - 3 35,c5d5 c8a8 d5d8 a8d8,2134,79,94,2657,advantage endgame master quietMove short,https://lichess.org/Wd6Cp2g8#69,
iDRMw,6k1/8/2R3P1/2Pp1r1n/3Pp3/4P2K/5P2/8 b - - 2 49,g8g7 h3g4 f5f6 c6f6,2159,77,93,1738,crushing endgame master short,https://lichess.org/FcdfS1uM/black#98,
5mteR,q1Rn2k1/p2Qp2p/4Pbp1/5p2/5P2/5N2/P4P1P/6K1 b - - 10 32,a8f3 d7d8 g8g7 d8f8,2101,76,95,6006,endgame hangingPiece master mate mateIn2 short,https://lichess.org/m493Devh/black#64,
N5J31,2r1k2r/2q2p1p/p2p1bp1/4nb2/1p1N4/6Q1/PPP1N1BP/1K1R1R2 w k - 0 22,d4f5 c7c2 b1a1 e5d3,2114,86,90,568,advantage fork middlegame short,https://lichess.org/MsQXxXYk#43,
NLwUH,8/1RQ2ppk/5n1p/3P4/2P5/2nqPN2/P5PP/6K1 w - - 3 33,c7f7 d3d1 f3e1 d1e1,2152,77,95,1357,endgame mate mateIn2 short,https://lichess.org/agHCetP5#65,
CHgdk,3r1k2/nr2q1bQ/2b5/1pPp2pB/p3p1R1/P1N1P1P1/1R1B3P/6K1 b - - 1 36,g7c3 h7e7 f8e7 d2c3,2247,78,86,826,advantage intermezzo middlegame short,https://lichess.org/4O7NXLHN/black#72,
ngtpo,1r3b1k/6p1/3p1pP1/3Np1q1/1Pn1P3/5P2/4BK2/7R b - - 1 34,h8g8 d5e7 f8e7 e2c4 d6d5 c4d5 g8f8 h1h8,2189,90,87,41,mate mateIn4 middlegame veryLong,https://lichess.org/a6oD4MAt/black#68,
E2K3W,4R3/4bpr1/pk2p3/3pPp2/2pP1P2/1pP2K2/1P3B2/8 b - - 3 40,f7f6 e5f6 e7f6 e8e6 b6b7 e6f6,2154,273,50,4,advantage endgame fork long master skewer,https://lichess.org/fa6tn8o6/black#80,
7wgfC,8/8/7p/5pp1/1k3p2/7P/P1P1K1P1/8 b - - 5 43,g5g4 h3g4 f5g4 e2d3,2156,76,84,74,crushing defensiveMove endgame pawnEndgame short,https://lichess.org/a5kMc4BL/black#86,
0HuZZ,7k/pp4pp/3b4/6N1/1P4Q1/P6P/2r2qP1/R6K b - - 1 31,c2e2 g5f7 h8g8 f7d6,2188,93,68,28,crushing endgame short,https://lichess.org/56UGgff6/black#62,